year,selling_price,km_driven,fuel,seller_type,transmission,owner,seats,mileage_kmpl,engine_cc,max_power_bhp,brand,car_age,owner_num
2014,450000.0,145500.0,Diesel,Individual,Manual,First Owner,5.0,23.4,1248.0,74.0,Maruti,12,1
2014,370000.0,120000.0,Diesel,Individual,Manual,Second Owner,5.0,21.14,1498.0,103.52,Skoda,12,2
2006,158000.0,140000.0,Petrol,Individual,Manual,Third Owner,5.0,17.7,1497.0,78.0,Honda,20,3
2010,225000.0,127000.0,Diesel,Individual,Manual,First Owner,5.0,23.0,1396.0,90.0,Hyundai,16,1
2007,130000.0,120000.0,Petrol,Individual,Manual,First Owner,5.0,16.1,1298.0,88.2,Maruti,19,1
2017,440000.0,45000.0,Petrol,Individual,Manual,First Owner,5.0,20.14,1197.0,81.86,Hyundai,9,1
2007,96000.0,175000.0,LPG,Individual,Manual,First Owner,5.0,17.3,1061.0,57.5,Maruti,19,1
2001,45000.0,5000.0,Petrol,Individual,Manual,Second Owner,4.0,16.1,796.0,37.0,Maruti,25,2
2011,350000.0,90000.0,Diesel,Individual,Manual,First Owner,5.0,23.59,1364.0,67.1,Toyota,15,1
2013,200000.0,169000.0,Diesel,Individual,Manual,First Owner,5.0,20.0,1399.0,68.1,Ford,13,1
2014,500000.0,68000.0,Diesel,Individual,Manual,Second Owner,5.0,19.01,1461.0,108.45,Renault,12,2
2005,92000.0,100000.0,Petrol,Individual,Manual,Second Owner,5.0,17.3,993.0,60.0,Maruti,21,2
2009,280000.0,140000.0,Diesel,Individual,Manual,Second Owner,5.0,19.3,1248.0,73.9,Maruti,17,2
2007,200000.0,80000.0,Petrol,Individual,Manual,Second Owner,5.0,19.3,1248.0,82.0,Maruti,19,2
2009,180000.0,90000.0,Petrol,Individual,Manual,Second Owner,5.0,18.9,1061.0,67.0,Maruti,17,2
2016,400000.0,40000.0,Petrol,Individual,Manual,First Owner,5.0,18.15,1198.0,82.0,Mahindra,10,1
2016,778000.0,70000.0,Diesel,Individual,Manual,Second Owner,7.0,24.52,1248.0,88.5,Maruti,10,2
2012,500000.0,53000.0,Diesel,Individual,Manual,Second Owner,5.0,23.0,1396.0,90.0,Hyundai,14,2
2002,150000.0,80000.0,Petrol,Individual,Manual,Second Owner,5.0,19.7,796.0,46.3,Maruti,24,2
2016,680000.0,100000.0,Diesel,Individual,Manual,First Owner,5.0,22.54,1396.0,88.73,Hyundai,10,1
2011,174000.0,100000.0,Diesel,Individual,Manual,Second Owner,5.0,21.0,1461.0,64.1,Mahindra,15,2
2017,950000.0,50000.0,Diesel,Individual,Manual,First Owner,5.0,25.5,1498.0,98.6,Honda,9,1
2015,525000.0,40000.0,Diesel,Individual,Manual,First Owner,5.0,26.59,1248.0,74.0,Maruti,11,1
2012,600000.0,72000.0,Diesel,Individual,Manual,First Owner,5.0,21.5,1248.0,88.8,Maruti,14,1
2018,500000.0,35000.0,Petrol,Individual,Manual,First Owner,5.0,20.3,1199.0,83.81,Tata,8,1
2016,575000.0,45000.0,Petrol,Individual,Manual,First Owner,5.0,21.4,1197.0,83.1,Maruti,10,1
2017,275000.0,28000.0,Petrol,Individual,Manual,First Owner,5.0,24.7,796.0,47.3,Maruti,9,1
2013,300000.0,70000.0,Diesel,Individual,Manual,First Owner,7.0,18.2,1248.0,73.8,Chevrolet,13,1
2009,220000.0,120000.0,Petrol,Individual,Manual,First Owner,5.0,18.9,1061.0,67.0,Maruti,17,1
2018,254999.0,25000.0,Petrol,Individual,Manual,First Owner,8.0,16.8,796.0,34.2,Maruti,8,1
2017,670000.0,70000.0,Diesel,Individual,Manual,First Owner,5.0,24.3,1248.0,88.5,Maruti,9,1
2003,70000.0,50000.0,Petrol,Individual,Manual,Second Owner,5.0,19.3,1248.0,82.0,Fiat,23,2
2012,150000.0,35000.0,Petrol,Individual,Manual,Second Owner,5.0,14.0,796.0,35.0,Maruti,14,2
2018,730000.0,2388.0,Petrol,Individual,Manual,First Owner,5.0,18.6,1197.0,81.83,Hyundai,8,1
2017,650000.0,16200.0,Diesel,Individual,Manual,First Owner,5.0,24.3,1248.0,88.5,Maruti,9,1
2019,330000.0,10000.0,CNG,Individual,Manual,Second Owner,4.0,33.44,796.0,40.3,Maruti,7,2
2019,366000.0,15000.0,Petrol,Individual,Manual,First Owner,5.0,23.95,998.0,67.1,Maruti,7,1
2019,1149000.0,5000.0,Petrol,Individual,Manual,First Owner,5.0,17.0,1591.0,121.3,Hyundai,7,1
2016,150000.0,42000.0,Petrol,Individual,Manual,First Owner,5.0,20.63,1198.0,67.0,Datsun,10,1
2011,425000.0,60000.0,Diesel,Individual,Manual,Second Owner,7.0,13.93,2179.0,138.03,Tata,15,2
2012,150000.0,76000.0,Petrol,Individual,Manual,First Owner,4.0,16.1,796.0,37.0,Maruti,14,1
2019,2100000.0,5000.0,Petrol,Individual,Automatic,First Owner,5.0,16.0,1368.0,160.77,Jeep,7,1
2018,925000.0,28900.0,Petrol,Dealer,Manual,First Owner,5.0,17.8,1497.0,117.3,Honda,8,1
2013,425000.0,86300.0,Petrol,Dealer,Manual,First Owner,5.0,16.8,1497.0,116.3,Honda,13,1
2018,675000.0,23300.0,Petrol,Dealer,Automatic,First Owner,5.0,18.5,1197.0,83.14,Maruti,8,1
2018,819999.0,32600.0,Diesel,Dealer,Manual,First Owner,5.0,24.3,1248.0,88.5,Maruti,8,1
2018,390000.0,10300.0,Petrol,Dealer,Manual,First Owner,5.0,23.95,998.0,67.05,Maruti,8,1
2014,1500000.0,77000.0,Diesel,Dealer,Manual,First Owner,7.0,12.55,2982.0,168.5,Toyota,12,1
2013,700000.0,99000.0,Diesel,Dealer,Manual,First Owner,7.0,12.99,2494.0,100.0,Toyota,13,1
2014,1450000.0,27800.0,Diesel,Dealer,Automatic,Second Owner,5.0,14.8,2143.0,120.7,Mercedes-Benz,12,2
2015,425000.0,49800.0,Diesel,Dealer,Manual,First Owner,5.0,24.7,1498.0,98.63,Honda,11,1
2013,1090000.0,151000.0,Diesel,Dealer,Manual,First Owner,7.0,13.5,2477.0,175.56,Mitsubishi,13,1
2015,600000.0,54700.0,Diesel,Dealer,Manual,First Owner,5.0,26.0,1498.0,98.6,Honda,11,1
2018,850000.0,64000.0,Petrol,Dealer,Manual,First Owner,5.0,20.65,1462.0,103.25,Maruti,8,1
2015,525000.0,63000.0,Diesel,Dealer,Manual,First Owner,5.0,27.3,1498.0,98.6,Honda,11,1
2016,1650000.0,127700.0,Diesel,Dealer,Automatic,Second Owner,7.0,11.36,2755.0,171.5,Toyota,10,2
2016,950000.0,99000.0,Diesel,Dealer,Manual,First Owner,7.0,12.99,2494.0,100.6,Toyota,10,1
2013,1750000.0,33900.0,Diesel,Dealer,Automatic,Second Owner,5.0,17.68,1968.0,174.33,Audi,13,2
2018,1590000.0,25000.0,Petrol,Dealer,Automatic,First Owner,5.0,14.28,1798.0,138.03,Toyota,8,1
2013,1689999.0,50000.0,Diesel,Dealer,Automatic,First Owner,5.0,18.53,1968.0,187.74,Audi,13,1
2013,1425000.0,59000.0,Diesel,Dealer,Automatic,First Owner,5.0,14.84,2143.0,170.0,Mercedes-Benz,13,1
2011,265000.0,120000.0,Diesel,Individual,Manual,First Owner,5.0,21.12,1248.0,88.8,Tata,15,1
2011,190000.0,110000.0,Petrol,Individual,Manual,Third Owner,5.0,20.36,1197.0,78.9,Hyundai,15,3
2013,425000.0,60000.0,Diesel,Individual,Manual,First Owner,5.0,21.27,1396.0,88.76,Hyundai,13,1
2015,630000.0,147000.0,Diesel,Individual,Manual,Second Owner,5.0,26.59,1248.0,74.0,Maruti,11,2
2017,600000.0,25000.0,Petrol,Individual,Manual,Third Owner,5.0,18.16,1196.0,86.8,Ford,9,3
2019,650000.0,30000.0,Petrol,Individual,Manual,First Owner,5.0,21.4,1197.0,83.1,Maruti,7,1
2016,540000.0,40000.0,Diesel,Individual,Manual,First Owner,5.0,22.0,1498.0,108.495,Volkswagen,10,1
2015,630000.0,135000.0,Diesel,Individual,Manual,First Owner,5.0,25.1,1498.0,98.6,Honda,11,1
2018,448000.0,30000.0,Petrol,Individual,Automatic,First Owner,5.0,20.51,998.0,67.0,Maruti,8,1
2017,500000.0,80000.0,Diesel,Individual,Manual,First Owner,5.0,21.66,1498.0,108.62,Volkswagen,9,1
2016,745000.0,70000.0,Diesel,Individual,Manual,First Owner,5.0,24.3,1248.0,88.5,Maruti,10,1
2019,1025000.0,9850.0,Diesel,Individual,Automatic,First Owner,5.0,24.3,1248.0,88.5,Maruti,7,1
2011,235000.0,60000.0,Petrol,Individual,Manual,Second Owner,5.0,20.36,1197.0,78.9,Hyundai,15,2
2016,630000.0,70000.0,Diesel,Individual,Manual,First Owner,5.0,25.2,1248.0,74.0,Maruti,10,1
2015,1700000.0,78000.0,Diesel,Individual,Manual,Second Owner,7.0,12.55,2982.0,168.5,Toyota,11,2
2013,450000.0,120000.0,Diesel,Individual,Manual,Second Owner,5.0,22.9,1248.0,74.0,Maruti,13,2
2012,450000.0,120000.0,Petrol,Individual,Manual,Second Owner,7.0,16.02,1373.0,93.7,Maruti,14,2
2003,50000.0,70000.0,Diesel,Individual,Manual,First Owner,5.0,19.3,1248.0,82.0,Tata,23,1
2013,450000.0,170000.0,Diesel,Individual,Manual,First Owner,5.0,20.54,1598.0,103.6,Volkswagen,13,1
2016,1200000.0,140000.0,Diesel,Individual,Manual,First Owner,8.0,12.99,2494.0,100.6,Toyota,10,1
2015,610000.0,90000.0,Diesel,Individual,Manual,First Owner,5.0,22.77,1498.0,98.59,Ford,11,1
2016,2500000.0,30000.0,Petrol,Individual,Automatic,Second Owner,5.0,15.71,1998.0,189.0,Bmw,10,2
2017,484999.0,10000.0,Petrol,Dealer,Manual,First Owner,5.0,23.1,998.0,67.04,Maruti,9,1
2016,275000.0,49000.0,Petrol,Dealer,Manual,First Owner,5.0,19.02,1198.0,67.05,Datsun,10,1
2016,315000.0,32000.0,Petrol,Dealer,Manual,First Owner,5.0,24.7,796.0,47.3,Maruti,10,1
2016,275000.0,38000.0,Petrol,Dealer,Manual,First Owner,5.0,24.7,796.0,47.3,Maruti,10,1
2015,475000.0,78000.0,Diesel,Dealer,Manual,First Owner,5.0,19.3,1248.0,82.0,Maruti,11,1
2012,290000.0,28000.0,Petrol,Dealer,Manual,First Owner,5.0,19.81,1086.0,68.05,Hyundai,14,1
2017,280000.0,32000.0,Petrol,Dealer,Manual,First Owner,5.0,14.0,796.0,35.0,Maruti,9,1
2010,225000.0,44000.0,LPG,Dealer,Manual,First Owner,5.0,26.2,998.0,58.2,Maruti,16,1
2015,455000.0,42000.0,Petrol,Dealer,Manual,First Owner,5.0,16.47,1198.0,74.0,Volkswagen,11,1
2015,351000.0,45000.0,Petrol,Dealer,Manual,Second Owner,5.0,19.81,1086.0,68.05,Hyundai,11,2
2012,535000.0,12000.0,Petrol,Dealer,Manual,Second Owner,5.0,15.04,1598.0,103.6,Volkswagen,14,2
2009,175000.0,55500.0,Petrol,Dealer,Manual,First Owner,5.0,18.2,998.0,67.1,Maruti,17,1
2013,525000.0,61500.0,Petrol,Dealer,Manual,First Owner,5.0,18.5,1197.0,82.85,Hyundai,13,1
2016,600000.0,150000.0,Diesel,Individual,Manual,First Owner,5.0,26.59,1248.0,74.0,Maruti,10,1
2016,565000.0,72000.0,Petrol,Dealer,Automatic,First Owner,5.0,19.1,1197.0,82.0,Hyundai,10,1
2008,120000.0,68000.0,Petrol,Dealer,Manual,Third Owner,5.0,19.7,796.0,46.3,Maruti,18,3
2017,725000.0,110000.0,Diesel,Individual,Manual,First Owner,5.0,22.54,1396.0,88.73,Hyundai,9,1
2009,185000.0,77000.0,Petrol,Dealer,Manual,Second Owner,5.0,21.79,998.0,67.05,Maruti,17,2
2010,200000.0,100000.0,Diesel,Individual,Manual,Second Owner,5.0,18.8,1248.0,90.0,Tata,16,2
2019,615000.0,10000.0,Petrol,Individual,Manual,First Owner,5.0,21.21,1197.0,81.8,Maruti,7,1
2016,270000.0,100000.0,Petrol,Individual,Manual,Third Owner,7.0,15.37,1196.0,73.0,Maruti,10,3
2018,610000.0,35000.0,Petrol,Individual,Manual,First Owner,5.0,21.4,1197.0,83.1,Maruti,8,1
2014,625000.0,70000.0,Diesel,Individual,Automatic,Second Owner,8.0,11.79,2179.0,120.0,Mahindra,12,2
2020,400000.0,5000.0,Petrol,Individual,Manual,Second Owner,5.0,19.0,1194.0,94.68,Ford,6,2
2017,866000.0,37800.0,Petrol,Individual,Manual,First Owner,5.0,17.0,1591.0,121.3,Hyundai,9,1
2010,700000.0,114000.0,Petrol,Individual,Manual,First Owner,5.0,14.3,1798.0,160.0,Volkswagen,16,1
2010,300000.0,48000.0,Petrol,Individual,Manual,First Owner,5.0,15.8,1172.0,65.0,Tata,16,1
2019,1700000.0,32000.0,Diesel,Individual,Manual,First Owner,7.0,15.1,2179.0,155.0,Mahindra,7,1
2016,375000.0,100000.0,Diesel,Individual,Manual,First Owner,5.0,19.09,1405.0,69.01,Tata,10,1
2013,522000.0,150000.0,Diesel,Individual,Manual,Second Owner,5.0,22.32,1582.0,126.32,Hyundai,13,2
2013,451999.0,69000.0,Diesel,Individual,Manual,First Owner,5.0,21.9,1396.0,88.76,Hyundai,13,1
2009,300000.0,100000.0,Petrol,Individual,Manual,Second Owner,5.0,14.53,1798.0,138.1,Toyota,17,2
2020,475000.0,13000.0,Petrol,Individual,Manual,First Owner,5.0,21.63,998.0,67.04,Maruti,6,1
2016,780000.0,60000.0,Diesel,Individual,Manual,First Owner,5.0,24.3,1248.0,88.5,Maruti,10,1
2017,595000.0,40000.0,Petrol,Individual,Manual,First Owner,5.0,20.85,1197.0,83.14,Maruti,9,1
2017,440000.0,35000.0,Petrol,Individual,Manual,First Owner,5.0,20.51,998.0,67.04,Maruti,9,1
2010,300000.0,120000.0,Diesel,Individual,Manual,Second Owner,5.0,19.3,1248.0,82.0,Maruti,16,2
2014,400000.0,70000.0,Diesel,Individual,Manual,Third Owner,5.0,20.45,1461.0,83.8,Nissan,12,3
2016,1140000.0,50000.0,Diesel,Individual,Manual,First Owner,5.0,19.67,1582.0,126.2,Hyundai,10,1
2017,850000.0,76139.0,Diesel,Individual,Manual,First Owner,5.0,23.0,1498.0,98.96,Ford,9,1
2012,370000.0,175000.0,Diesel,Individual,Manual,Fourth & Above Owner,5.0,19.3,1248.0,73.9,Maruti,14,4
2018,350000.0,25000.0,Petrol,Individual,Manual,First Owner,5.0,23.01,999.0,67.0,Renault,8,1
2015,360000.0,40000.0,Petrol,Individual,Manual,Second Owner,5.0,23.1,998.0,67.04,Maruti,11,2
2008,105000.0,65000.0,Petrol,Individual,Manual,Fourth & Above Owner,5.0,19.7,796.0,46.3,Maruti,18,4
2013,625000.0,90000.0,Diesel,Individual,Manual,Second Owner,7.0,20.77,1248.0,88.76,Maruti,13,2
2009,135000.0,80000.0,Petrol,Individual,Manual,Second Owner,5.0,17.92,1086.0,62.1,Hyundai,17,2
2015,700000.0,110000.0,Diesel,Individual,Manual,Second Owner,7.0,20.77,1248.0,88.76,Maruti,11,2
2019,690000.0,1303.0,Petrol,Dealer,Manual,First Owner,5.0,17.8,1198.0,86.7,Honda,7,1
2018,3975000.0,31800.0,Diesel,Dealer,Automatic,First Owner,5.0,17.01,1968.0,188.0,Audi,8,1
2019,5150000.0,20000.0,Petrol,Dealer,Automatic,First Owner,5.0,22.37,2487.0,214.56,Lexus,7,1
2017,3200000.0,45000.0,Diesel,Dealer,Automatic,First Owner,5.0,19.33,1999.0,177.0,Jaguar,9,1
2017,4100000.0,17000.0,Petrol,Individual,Automatic,First Owner,5.0,9.5,3604.0,280.0,Jeep,9,1
2019,4500000.0,21000.0,Diesel,Dealer,Automatic,First Owner,7.0,12.83,1999.0,148.31,Land,7,1
2017,5200000.0,37000.0,Diesel,Dealer,Automatic,First Owner,5.0,13.5,2987.0,254.79,Mercedes-Benz,9,1
2018,3790000.0,29500.0,Diesel,Dealer,Automatic,First Owner,5.0,22.48,1995.0,187.74,Bmw,8,1
2017,2150000.0,27000.0,Diesel,Dealer,Automatic,First Owner,5.0,19.3,1248.0,82.0,Bmw,9,1
2019,5200000.0,7500.0,Diesel,Dealer,Automatic,First Owner,5.0,16.78,1995.0,190.0,Bmw,7,1
2018,1864999.0,50000.0,Petrol,Dealer,Automatic,First Owner,5.0,14.67,1798.0,177.46,Skoda,8,1
2016,2700000.0,35000.0,Diesel,Dealer,Automatic,First Owner,5.0,15.0,2143.0,204.0,Mercedes-Benz,10,1
2019,1750000.0,19000.0,Petrol,Dealer,Automatic,First Owner,5.0,13.96,1451.0,141.0,Mg,7,1
2017,795000.0,41000.0,Petrol,Dealer,Automatic,First Owner,5.0,18.0,1497.0,117.6,Honda,9,1
2013,625000.0,39000.0,Petrol,Dealer,Automatic,First Owner,5.0,14.28,1798.0,138.03,Toyota,13,1
2018,3400000.0,22000.0,Diesel,Dealer,Automatic,First Owner,5.0,18.0,1969.0,190.0,Volvo,8,1
2015,2650000.0,53000.0,Diesel,Dealer,Automatic,First Owner,7.0,12.07,2967.0,241.4,Audi,11,1
2015,535000.0,40000.0,Diesel,Dealer,Manual,First Owner,5.0,26.21,1248.0,88.5,Maruti,11,1
2017,5200000.0,47000.0,Diesel,Dealer,Automatic,First Owner,5.0,13.5,2987.0,282.0,Mercedes-Benz,9,1
2010,975000.0,72200.0,Petrol,Dealer,Automatic,Second Owner,5.0,10.8,2497.0,150.0,Bmw,16,2
2016,805000.0,49900.0,Petrol,Dealer,Manual,First Owner,5.0,16.3,1797.0,147.5,Hyundai,10,1
2017,2625000.0,9000.0,Diesel,Dealer,Automatic,First Owner,5.0,13.6,1999.0,177.0,Jaguar,9,1
2018,811000.0,11000.0,Petrol,Dealer,Manual,First Owner,5.0,17.0,1198.0,108.5,Tata,8,1
2011,375000.0,49000.0,Petrol,Individual,Manual,First Owner,5.0,15.04,1598.0,103.6,Volkswagen,15,1
2012,550000.0,95000.0,Petrol,Individual,Manual,First Owner,5.0,16.3,1797.0,147.5,Hyundai,14,1
2016,645000.0,11000.0,Petrol,Dealer,Automatic,First Owner,5.0,14.3,1598.0,103.5,Skoda,10,1
2018,2550000.0,18000.0,Petrol,Dealer,Automatic,First Owner,5.0,15.04,1991.0,183.0,Mercedes-Benz,8,1
2014,599000.0,46100.0,Petrol,Dealer,Manual,First Owner,7.0,16.02,1373.0,93.7,Maruti,12,1
2017,2700000.0,16000.0,Petrol,Dealer,Automatic,First Owner,5.0,14.74,1991.0,181.04,Mercedes-Benz,9,1
2017,875000.0,18000.0,Petrol,Dealer,Automatic,First Owner,5.0,15.6,1497.0,116.3,Honda,9,1
2019,894999.0,9654.0,Petrol,Dealer,Automatic,First Owner,5.0,19.56,1197.0,81.8,Toyota,7,1
2011,175000.0,11000.0,Petrol,Dealer,Manual,First Owner,5.0,23.95,998.0,67.05,Maruti,15,1
2012,340000.0,24300.0,Petrol,Dealer,Manual,First Owner,5.0,21.21,1197.0,81.8,Maruti,14,1
2016,1525000.0,42163.0,Diesel,Dealer,Automatic,Second Owner,7.0,11.36,2755.0,171.5,Toyota,10,2
2018,1025000.0,8000.0,Diesel,Dealer,Automatic,First Owner,5.0,21.5,1497.0,108.5,Tata,8,1
2016,2150000.0,30000.0,Diesel,Dealer,Automatic,First Owner,5.0,22.69,1995.0,190.0,Bmw,10,1
2016,1900000.0,41000.0,Petrol,Dealer,Automatic,First Owner,5.0,19.16,2494.0,157.7,Toyota,10,1
2016,2900000.0,12000.0,Diesel,Dealer,Automatic,First Owner,5.0,18.12,1995.0,190.0,Bmw,10,1
2009,450000.0,71000.0,Petrol,Dealer,Automatic,First Owner,5.0,12.1,2362.0,164.7,Toyota,17,1
2016,850000.0,20000.0,Petrol,Individual,Manual,First Owner,7.0,17.5,1373.0,91.1,Maruti,10,1
2017,5200000.0,30000.0,Petrol,Individual,Automatic,First Owner,4.0,42.0,1969.0,400.0,Volvo,9,1
2011,300000.0,100000.0,Diesel,Individual,Manual,Second Owner,5.0,20.54,1598.0,103.6,Volkswagen,15,2
2018,575000.0,9500.0,Petrol,Individual,Manual,First Owner,5.0,18.16,1196.0,86.8,Ford,8,1
2011,160000.0,120000.0,Diesel,Individual,Manual,First Owner,5.0,20.0,1399.0,68.0,Ford,15,1
2015,515000.0,36600.0,Petrol,Individual,Manual,First Owner,5.0,20.4,1197.0,81.8,Maruti,11,1
2015,390000.0,50000.0,Petrol,Individual,Automatic,Second Owner,5.0,20.51,998.0,67.0,Maruti,11,2
2016,550000.0,14000.0,Petrol,Individual,Manual,Second Owner,5.0,18.6,1197.0,81.83,Hyundai,10,2
1999,40000.0,40000.0,Petrol,Individual,Manual,Second Owner,4.0,16.1,796.0,37.0,Maruti,27,2
2010,220000.0,120000.0,Diesel,Individual,Manual,First Owner,5.0,21.1,1248.0,73.9,Maruti,16,1
2015,425000.0,70000.0,Petrol,Individual,Manual,First Owner,5.0,18.9,1197.0,82.0,Hyundai,11,1
2019,480000.0,13000.0,Petrol,Individual,Manual,First Owner,5.0,19.44,999.0,75.0,Volkswagen,7,1
2014,400000.0,60000.0,Petrol,Individual,Manual,Second Owner,5.0,18.9,1197.0,82.0,Hyundai,12,2
2014,487000.0,35000.0,Petrol,Individual,Manual,First Owner,5.0,19.1,1197.0,85.8,Maruti,12,1
2016,386000.0,44000.0,Petrol,Individual,Manual,Second Owner,5.0,19.1,1197.0,82.0,Hyundai,10,2
2005,100000.0,120000.0,Petrol,Individual,Manual,Second Owner,5.0,13.0,1493.0,100.0,Honda,21,2
2010,300000.0,60000.0,Diesel,Individual,Manual,First Owner,5.0,21.43,1364.0,87.2,Toyota,16,1
2000,100000.0,60000.0,Petrol,Individual,Manual,First Owner,5.0,18.5,796.0,53.0,Daewoo,26,1
2014,1750000.0,30000.0,Diesel,Individual,Manual,Second Owner,7.0,13.0,2982.0,168.5,Toyota,12,2
2016,450000.0,15000.0,Petrol,Individual,Manual,Second Owner,6.0,18.15,1198.0,82.0,Mahindra,10,2
2017,490000.0,90000.0,Diesel,Individual,Manual,First Owner,5.0,22.95,1248.0,74.0,Tata,9,1
2009,345000.0,47000.0,Petrol,Individual,Manual,Second Owner,5.0,17.0,1497.0,118.0,Honda,17,2
2005,85000.0,90000.0,Petrol,Individual,Manual,First Owner,5.0,17.3,993.0,60.0,Maruti,21,1
2010,215000.0,120600.0,Petrol,Individual,Manual,Second Owner,5.0,18.9,998.0,67.1,Maruti,16,2
2010,320000.0,100000.0,Petrol,Individual,Manual,Third Owner,5.0,16.2,1599.0,103.2,Hyundai,16,3
2016,459999.0,60000.0,Petrol,Individual,Manual,Second Owner,5.0,20.85,1197.0,83.14,Maruti,10,2
2005,65000.0,86000.0,Petrol,Individual,Manual,First Owner,5.0,15.3,1341.0,83.0,Hyundai,21,1
2020,720000.0,5000.0,Petrol,Individual,Manual,First Owner,5.0,18.6,1197.0,81.86,Hyundai,6,1
2017,800000.0,37000.0,Diesel,Individual,Manual,First Owner,5.0,28.09,1248.0,88.5,Maruti,9,1
2019,520000.0,14000.0,Petrol,Individual,Manual,First Owner,5.0,20.3,1199.0,84.0,Tata,7,1
2015,580000.0,70000.0,Diesel,Individual,Manual,First Owner,7.0,20.77,1248.0,88.76,Maruti,11,1
2012,235000.0,120000.0,Diesel,Individual,Manual,First Owner,5.0,19.3,1248.0,82.0,Toyota,14,1
2015,600000.0,50000.0,Petrol,Individual,Manual,First Owner,5.0,17.4,1497.0,117.3,Honda,11,1
2014,290000.0,60000.0,Petrol,Individual,Manual,Second Owner,5.0,19.4,1198.0,86.8,Honda,12,2
2016,360000.0,50000.0,CNG,Individual,Manual,First Owner,5.0,26.6,998.0,58.16,Maruti,10,1
2017,550000.0,50000.0,Petrol,Individual,Manual,First Owner,5.0,20.85,1197.0,83.14,Maruti,9,1
2013,375000.0,70000.0,Petrol,Individual,Manual,First Owner,5.0,18.5,1197.0,82.85,Hyundai,13,1
2003,40000.0,90000.0,Petrol,Individual,Manual,Second Owner,5.0,19.3,1248.0,82.0,Maruti,23,2
2018,420000.0,35000.0,Petrol,Individual,Automatic,First Owner,5.0,20.51,998.0,67.0,Maruti,8,1
2017,550000.0,20000.0,Petrol,Individual,Manual,First Owner,5.0,21.21,1197.0,81.8,Maruti,9,1
2018,270000.0,20000.0,Petrol,Individual,Manual,First Owner,5.0,24.7,796.0,47.3,Maruti,8,1
2018,700000.0,7800.0,Petrol,Individual,Automatic,First Owner,5.0,22.0,1197.0,81.8,Maruti,8,1
2017,500000.0,20000.0,Petrol,Individual,Manual,First Owner,5.0,20.4,1197.0,81.8,Maruti,9,1
2019,1250000.0,15000.0,Diesel,Individual,Manual,First Owner,7.0,17.6,2179.0,147.94,Tata,7,1
2013,320000.0,31377.0,Petrol,Individual,Manual,Second Owner,5.0,18.5,1197.0,82.85,Hyundai,13,2
2018,700000.0,50000.0,Diesel,Individual,Manual,First Owner,5.0,28.4,1248.0,74.02,Maruti,8,1
2015,290000.0,60000.0,Petrol,Individual,Manual,First Owner,5.0,20.51,998.0,67.04,Maruti,11,1
2012,550000.0,100000.0,Petrol,Individual,Automatic,First Owner,5.0,14.53,1794.0,138.1,Toyota,14,1
2012,265000.0,60000.0,Petrol,Individual,Manual,First Owner,5.0,19.4,1198.0,86.8,Honda,14,1
2018,830000.0,5000.0,Petrol,Individual,Automatic,First Owner,5.0,21.4,1197.0,83.1,Maruti,8,1
2017,800000.0,60000.0,Diesel,Individual,Manual,First Owner,7.0,14.1,2179.0,147.94,Tata,9,1
2011,160000.0,25000.0,Petrol,Individual,Manual,Second Owner,5.0,19.7,796.0,46.3,Maruti,15,2
2018,335000.0,30000.0,Petrol,Individual,Manual,First Owner,5.0,25.17,799.0,53.3,Renault,8,1
2017,329000.0,80000.0,Petrol,Individual,Manual,Second Owner,5.0,20.63,1198.0,67.0,Datsun,9,2
2017,775000.0,75000.0,Diesel,Individual,Manual,First Owner,5.0,24.3,1248.0,88.5,Maruti,9,1
2020,524000.0,32000.0,Petrol,Individual,Manual,First Owner,5.0,20.14,1197.0,81.86,Hyundai,6,1
2015,245000.0,40000.0,Petrol,Individual,Manual,First Owner,5.0,22.74,796.0,47.3,Maruti,11,1
2012,275000.0,93000.0,Petrol,Individual,Manual,Second Owner,5.0,17.0,1197.0,80.0,Hyundai,14,2
2018,520000.0,60000.0,Petrol,Individual,Manual,First Owner,5.0,17.57,1193.0,88.7,Tata,8,1
2008,130000.0,120000.0,Petrol,Individual,Manual,Second Owner,5.0,19.3,1248.0,82.0,Maruti,18,2
2014,550000.0,37000.0,Petrol,Individual,Manual,First Owner,5.0,16.95,1498.0,97.7,Nissan,12,1
2018,910000.0,15000.0,Petrol,Individual,Manual,First Owner,5.0,17.0,1497.0,121.36,Ford,8,1
2015,300000.0,80000.0,Petrol,Individual,Manual,First Owner,5.0,19.49,1198.0,67.04,Nissan,11,1
2016,350000.0,140000.0,Petrol,Individual,Manual,First Owner,5.0,20.51,998.0,67.04,Maruti,10,1
2013,900000.0,70000.0,Diesel,Individual,Manual,First Owner,7.0,12.83,2696.0,162.0,Mahindra,13,1
2013,300000.0,120000.0,Diesel,Individual,Manual,Second Owner,7.0,17.21,1493.0,100.0,Mahindra,13,2
2010,250000.0,110000.0,Diesel,Individual,Manual,Second Owner,5.0,21.1,1248.0,73.9,Maruti,16,2
2017,1100000.0,37000.0,Diesel,Individual,Manual,First Owner,5.0,19.67,1582.0,126.2,Hyundai,9,1
2016,270000.0,44000.0,Petrol,Individual,Manual,First Owner,5.0,25.17,799.0,53.3,Renault,10,1
2015,640000.0,80000.0,Diesel,Individual,Manual,First Owner,7.0,20.77,1248.0,88.76,Maruti,11,1
2015,650000.0,125000.0,Diesel,Individual,Manual,First Owner,7.0,15.1,2179.0,140.0,Mahindra,11,1
2017,409999.0,13500.0,Petrol,Individual,Manual,First Owner,5.0,15.37,1196.0,73.0,Maruti,9,1
2011,165000.0,75000.0,Petrol,Individual,Manual,First Owner,5.0,17.92,1086.0,62.1,Hyundai,15,1
2007,80000.0,120000.0,Petrol,Individual,Manual,Second Owner,5.0,13.2,1495.0,94.0,Hyundai,19,2
2012,535000.0,120000.0,Diesel,Individual,Manual,First Owner,7.0,15.1,2179.0,140.0,Mahindra,14,1
2013,700000.0,70000.0,Diesel,Individual,Manual,First Owner,7.0,12.99,2494.0,100.57,Toyota,13,1
2013,550000.0,70000.0,Diesel,Individual,Manual,First Owner,5.0,23.4,1248.0,74.0,Maruti,13,1
2019,680000.0,15000.0,Petrol,Individual,Automatic,First Owner,5.0,19.0,1199.0,88.76,Honda,7,1
2009,200000.0,53000.0,Petrol,Individual,Manual,Second Owner,5.0,20.36,1197.0,78.9,Hyundai,17,2
2014,500000.0,120000.0,Diesel,Individual,Manual,Second Owner,5.0,23.4,1248.0,74.0,Maruti,12,2
2016,1000000.0,70000.0,Diesel,Individual,Manual,First Owner,7.0,24.52,1248.0,88.5,Maruti,10,1
2008,110000.0,120000.0,Petrol,Individual,Manual,Second Owner,5.0,14.2,1341.0,82.9,Hyundai,18,2
2012,320000.0,100000.0,Petrol,Individual,Manual,Second Owner,5.0,18.5,1197.0,80.0,Hyundai,14,2
2005,75000.0,110000.0,Diesel,Individual,Manual,Second Owner,5.0,19.3,1248.0,82.0,Tata,21,2
2015,350000.0,100000.0,Petrol,Individual,Manual,First Owner,5.0,20.4,1197.0,83.11,Maruti,11,1
2013,170000.0,162500.0,Diesel,Individual,Manual,First Owner,5.0,19.4,1405.0,70.0,Tata,13,1
2017,800000.0,39000.0,Diesel,Individual,Manual,First Owner,5.0,22.54,1396.0,88.73,Hyundai,9,1
2017,500000.0,75000.0,Diesel,Individual,Manual,First Owner,5.0,26.8,1248.0,74.0,Maruti,9,1
2017,1380000.0,50000.0,Diesel,Individual,Automatic,First Owner,7.0,17.6,2179.0,153.86,Tata,9,1
2019,1300000.0,40000.0,Diesel,Individual,Manual,First Owner,8.0,17.3,1497.0,121.0,Mahindra,7,1
2013,530000.0,92500.0,Diesel,Individual,Manual,First Owner,5.0,22.32,1582.0,126.3,Hyundai,13,1
2012,360000.0,158000.0,Diesel,Individual,Manual,First Owner,5.0,23.4,1248.0,74.0,Maruti,14,1
2012,310000.0,120000.0,Diesel,Individual,Manual,First Owner,5.0,19.3,1248.0,73.9,Maruti,14,1
2015,725000.0,50000.0,Diesel,Individual,Manual,Second Owner,5.0,26.0,1498.0,98.6,Honda,11,2
2012,340000.0,110000.0,Diesel,Individual,Manual,First Owner,5.0,19.3,1248.0,73.9,Maruti,14,1
2017,550000.0,2000.0,Diesel,Individual,Manual,Second Owner,5.0,25.4,1186.0,73.97,Hyundai,9,2
2011,1150000.0,181000.0,Diesel,Individual,Manual,Second Owner,7.0,11.5,2982.0,171.0,Toyota,15,2
2016,380000.0,70000.0,Diesel,Individual,Manual,First Owner,5.0,27.28,1047.0,69.0,Tata,10,1
2013,350000.0,90000.0,Petrol,Individual,Automatic,Second Owner,5.0,17.97,1498.0,99.6,Nissan,13,2
2019,610000.0,2000.0,Petrol,Individual,Manual,First Owner,5.0,18.6,1197.0,81.86,Hyundai,7,1
2015,525000.0,20000.0,Petrol,Individual,Manual,First Owner,5.0,20.85,1197.0,83.14,Maruti,11,1
2011,480000.0,120000.0,Diesel,Individual,Manual,First Owner,7.0,12.8,2494.0,102.0,Toyota,15,1
2017,780000.0,35000.0,Diesel,Individual,Manual,First Owner,6.0,16.55,2498.0,105.0,Mahindra,9,1
2012,320000.0,193000.0,Diesel,Individual,Manual,First Owner,5.0,19.3,1248.0,73.9,Maruti,14,1
2014,375000.0,80000.0,Petrol,Individual,Manual,First Owner,5.0,20.4,1197.0,81.8,Maruti,12,1
2019,300000.0,40000.0,Petrol,Individual,Manual,First Owner,5.0,19.02,1198.0,67.05,Datsun,7,1
2015,500000.0,70000.0,Diesel,Individual,Manual,Fourth & Above Owner,5.0,22.54,1396.0,88.73,Hyundai,11,4
2011,404000.0,122358.0,Diesel,Individual,Manual,First Owner,9.0,12.05,2179.0,120.0,Mahindra,15,1
2015,500000.0,75000.0,Diesel,Individual,Manual,First Owner,7.0,14.07,2956.0,69.01,Tata,11,1
2017,350000.0,120000.0,Diesel,Individual,Manual,First Owner,5.0,27.28,1047.0,69.0,Tata,9,1
2015,380000.0,40000.0,Petrol,Individual,Manual,First Owner,5.0,17.57,1193.0,88.7,Tata,11,1
2008,114999.0,95200.0,Petrol,Individual,Manual,Third Owner,5.0,13.2,1495.0,94.0,Hyundai,18,3
2014,335000.0,33033.0,Petrol,Dealer,Manual,First Owner,5.0,19.4,1198.0,86.8,Honda,12,1
2015,465000.0,63063.0,Petrol,Dealer,Automatic,First Owner,5.0,18.9,1197.0,82.0,Hyundai,11,1
2012,290000.0,60000.0,Diesel,Individual,Manual,First Owner,5.0,21.02,1248.0,88.76,Tata,14,1
2005,110000.0,45000.0,Petrol,Individual,Manual,Second Owner,5.0,19.7,796.0,46.3,Maruti,21,2
2011,450000.0,80000.0,Diesel,Individual,Manual,Third Owner,7.0,11.57,2179.0,138.1,Tata,15,3
2009,400000.0,170000.0,Diesel,Individual,Manual,Second Owner,7.0,13.6,2523.0,63.0,Mahindra,17,2
2007,210000.0,207890.0,Diesel,Individual,Manual,Second Owner,7.0,13.6,2523.0,63.0,Mahindra,19,2
2018,4600000.0,7976.0,Diesel,Individual,Automatic,First Owner,5.0,17.9,2143.0,170.0,Mercedes-Benz,8,1
2016,220000.0,35000.0,Petrol,Individual,Manual,First Owner,8.0,16.8,796.0,34.2,Maruti,10,1
2017,450000.0,35000.0,Petrol,Individual,Manual,First Owner,5.0,18.9,1197.0,82.0,Hyundai,9,1
2017,450000.0,35000.0,Petrol,Individual,Manual,First Owner,5.0,18.9,1197.0,82.0,Hyundai,9,1
2013,290000.0,50000.0,Petrol,Individual,Automatic,First Owner,5.0,16.95,1197.0,78.9,Hyundai,13,1
2016,520000.0,20000.0,Petrol,Individual,Manual,First Owner,5.0,20.4,1197.0,81.8,Maruti,10,1
2011,265000.0,20000.0,Petrol,Individual,Automatic,First Owner,5.0,16.95,1197.0,78.9,Hyundai,15,1
2012,330000.0,50000.0,Petrol,Individual,Manual,Second Owner,5.0,18.6,1197.0,85.8,Maruti,14,2
2012,330000.0,50000.0,Petrol,Individual,Manual,Second Owner,5.0,18.6,1197.0,85.8,Maruti,14,2
2014,509999.0,120000.0,Diesel,Individual,Manual,First Owner,7.0,15.96,2523.0,62.1,Mahindra,12,1
2014,500000.0,70000.0,Petrol,Individual,Manual,First Owner,5.0,17.1,1591.0,121.3,Hyundai,12,1
2015,525000.0,50000.0,Petrol,Individual,Manual,First Owner,5.0,17.19,1197.0,81.86,Hyundai,11,1
2019,675000.0,16500.0,Petrol,Individual,Manual,First Owner,5.0,21.01,1197.0,81.8,Maruti,7,1
2010,300000.0,70000.0,Petrol,Individual,Manual,First Owner,5.0,17.0,1197.0,80.0,Hyundai,16,1
2005,90000.0,99361.0,Petrol,Individual,Manual,Second Owner,5.0,19.7,796.0,46.3,Maruti,21,2
2017,650000.0,25000.0,Diesel,Individual,Manual,First Owner,5.0,26.59,1248.0,74.0,Maruti,9,1
2014,409000.0,70000.0,Petrol,Individual,Manual,Second Owner,5.0,19.1,1197.0,85.8,Maruti,12,2
2015,395000.0,80000.0,Diesel,Individual,Manual,Second Owner,5.0,24.0,1120.0,70.0,Hyundai,11,2
2010,215000.0,70000.0,Petrol,Individual,Manual,Second Owner,5.0,19.3,1248.0,82.0,Maruti,16,2
2014,400000.0,70000.0,Petrol,Individual,Manual,Second Owner,5.0,19.1,1197.0,85.8,Maruti,12,2
2012,120000.0,60000.0,Petrol,Individual,Manual,Third Owner,5.0,18.6,1199.0,79.4,Chevrolet,14,3
2018,645000.0,10000.0,Petrol,Individual,Automatic,First Owner,5.0,20.3,1199.0,84.0,Tata,8,1
2006,81000.0,80000.0,Petrol,Individual,Manual,First Owner,4.0,16.1,796.0,37.0,Maruti,20,1
2017,1300000.0,30000.0,Diesel,Individual,Manual,First Owner,5.0,25.6,1498.0,97.9,Honda,9,1
2017,1250000.0,33000.0,Diesel,Individual,Manual,First Owner,5.0,25.6,1498.0,97.9,Honda,9,1
2013,535000.0,90000.0,Petrol,Individual,Manual,Third Owner,7.0,16.02,1373.0,93.7,Maruti,13,3
2014,555000.0,80100.0,Diesel,Individual,Manual,Second Owner,5.0,19.01,1461.0,108.5,Nissan,12,2
2014,725000.0,120000.0,Petrol,Individual,Manual,First Owner,5.0,17.4,1497.0,117.3,Honda,12,1
1983,300000.0,10000.0,Diesel,Individual,Manual,Third Owner,5.0,19.3,1248.0,82.0,Mahindra,43,3
2016,229999.0,40000.0,Petrol,Individual,Manual,First Owner,5.0,25.17,799.0,53.3,Renault,10,1
2013,800000.0,160000.0,Diesel,Individual,Manual,Second Owner,8.0,12.99,2494.0,100.6,Toyota,13,2
2017,409999.0,47000.0,Petrol,Individual,Manual,First Owner,5.0,20.51,998.0,67.04,Maruti,9,1
2018,1210000.0,25000.0,Diesel,Individual,Manual,First Owner,5.0,21.38,1396.0,88.7,Hyundai,8,1
2017,400000.0,26000.0,Petrol,Individual,Manual,First Owner,5.0,23.84,1199.0,84.0,Tata,9,1
2018,520000.0,29000.0,Diesel,Individual,Manual,First Owner,5.0,24.0,1186.0,73.97,Hyundai,8,1
2016,650000.0,50000.0,Petrol,Individual,Automatic,First Owner,5.0,21.4,1197.0,83.1,Maruti,10,1
2011,325000.0,58000.0,Petrol,Individual,Manual,Third Owner,5.0,16.1,1298.0,88.2,Maruti,15,3
2012,420000.0,120000.0,Petrol,Individual,Automatic,First Owner,5.0,17.4,1197.0,85.8,Maruti,14,1
2014,400000.0,50000.0,Petrol,Individual,Manual,First Owner,5.0,20.4,1197.0,81.8,Maruti,12,1
2010,254999.0,80000.0,Petrol,Individual,Manual,Fourth & Above Owner,5.0,17.0,1197.0,80.0,Hyundai,16,4
2003,65000.0,60000.0,Petrol,Individual,Manual,Fourth & Above Owner,5.0,17.3,993.0,60.0,Maruti,23,4
2017,351000.0,36000.0,Petrol,Individual,Manual,First Owner,5.0,23.1,998.0,67.04,Maruti,9,1
2007,404000.0,120000.0,Diesel,Individual,Manual,Third Owner,8.0,12.8,2494.0,102.0,Toyota,19,3
2011,185000.0,185000.0,Diesel,Individual,Manual,Third Owner,5.0,21.1,1248.0,73.9,Maruti,15,3
2011,250000.0,50000.0,Diesel,Individual,Manual,First Owner,5.0,23.08,1461.0,63.1,Nissan,15,1
2002,60000.0,100000.0,Petrol,Individual,Manual,Fourth & Above Owner,5.0,17.3,993.0,60.0,Maruti,24,4
2013,500000.0,50000.0,Petrol,Individual,Manual,Second Owner,5.0,17.1,1591.0,121.3,Hyundai,13,2
2007,85000.0,80000.0,Petrol,Individual,Manual,Second Owner,5.0,18.2,998.0,67.1,Maruti,19,2
2005,85000.0,60000.0,Petrol,Individual,Manual,Second Owner,5.0,19.3,1248.0,82.0,Hyundai,21,2
2005,85000.0,80000.0,Petrol,Individual,Manual,Fourth & Above Owner,5.0,19.7,796.0,46.3,Maruti,21,4
2011,265000.0,90000.0,Diesel,Individual,Manual,Fourth & Above Owner,5.0,19.3,1248.0,73.9,Maruti,15,4
2010,130000.0,162000.0,Petrol,Individual,Manual,Second Owner,5.0,19.0,998.0,66.1,Maruti,16,2
2013,480000.0,110000.0,Diesel,Individual,Manual,Third Owner,7.0,20.77,1248.0,88.76,Maruti,13,3
2008,170000.0,120000.0,Diesel,Individual,Manual,Third Owner,5.0,17.8,1248.0,75.0,Maruti,18,3
2011,275000.0,45000.0,Diesel,Individual,Manual,First Owner,5.0,23.08,1461.0,63.1,Nissan,15,1
2005,89000.0,90000.0,Petrol,Individual,Manual,Second Owner,5.0,18.9,998.0,67.1,Maruti,21,2
2010,170000.0,90000.0,Diesel,Individual,Manual,Second Owner,5.0,20.0,1399.0,68.0,Ford,16,2
2019,1090000.0,16500.0,Petrol,Dealer,Manual,First Owner,5.0,17.0,1197.0,110.0,Mahindra,7,1
2017,1100000.0,67000.0,Diesel,Individual,Automatic,First Owner,5.0,17.01,1582.0,126.2,Hyundai,9,1
2018,610000.0,52000.0,Petrol,Dealer,Manual,First Owner,5.0,22.0,1197.0,81.8,Maruti,8,1
2016,335000.0,40000.0,Petrol,Dealer,Manual,First Owner,5.0,20.63,1198.0,67.0,Datsun,10,1
2015,434999.0,40000.0,Petrol,Dealer,Manual,First Owner,5.0,18.9,1197.0,82.0,Hyundai,11,1
2018,3000000.0,35000.0,Diesel,Individual,Manual,First Owner,7.0,14.24,2755.0,174.5,Toyota,8,1
2018,390000.0,13000.0,Petrol,Dealer,Manual,First Owner,5.0,20.71,799.0,53.26,Renault,8,1
2012,325000.0,40000.0,Petrol,Dealer,Manual,First Owner,5.0,18.5,1198.0,86.8,Honda,14,1
2019,640000.0,10000.0,Petrol,Dealer,Manual,First Owner,5.0,17.0,1198.0,73.75,Volkswagen,7,1
2012,450000.0,9000.0,Petrol,Dealer,Manual,First Owner,5.0,16.95,1498.0,97.7,Nissan,14,1
2013,400000.0,70000.0,Diesel,Dealer,Manual,Second Owner,5.0,23.59,1364.0,67.06,Toyota,13,2
2009,215000.0,60000.0,Petrol,Dealer,Manual,First Owner,5.0,20.36,1197.0,78.9,Hyundai,17,1
2014,570000.0,40000.0,Diesel,Dealer,Manual,First Owner,5.0,20.45,1461.0,83.8,Renault,12,1
2012,680000.0,93000.0,Diesel,Dealer,Manual,First Owner,7.0,15.1,2179.0,140.0,Mahindra,14,1
2008,325000.0,80000.0,Diesel,Individual,Manual,Fourth & Above Owner,7.0,12.8,2494.0,102.0,Toyota,18,4
2011,150000.0,50000.0,Petrol,Individual,Manual,Second Owner,5.0,15.64,1193.0,64.08,Tata,15,2
2013,690000.0,68000.0,Petrol,Dealer,Automatic,First Owner,5.0,14.5,1797.0,147.5,Hyundai,13,1
2013,1550000.0,25000.0,Diesel,Individual,Automatic,First Owner,5.0,14.84,2143.0,170.0,Mercedes-Benz,13,1
2012,64000.0,18000.0,Petrol,Dealer,Manual,First Owner,4.0,25.4,624.0,37.5,Tata,14,1
2013,250000.0,120000.0,Diesel,Individual,Manual,First Owner,5.0,23.08,1461.0,63.1,Nissan,13,1
2005,65000.0,35000.0,Petrol,Individual,Manual,First Owner,5.0,18.9,998.0,67.1,Maruti,21,1
2016,550000.0,60000.0,Diesel,Individual,Manual,Second Owner,5.0,26.59,1248.0,74.0,Maruti,10,2
2010,140000.0,70000.0,Petrol,Individual,Manual,Fourth & Above Owner,5.0,20.36,1197.0,78.9,Hyundai,16,4
2016,300000.0,30000.0,Petrol,Individual,Manual,First Owner,5.0,25.17,799.0,53.3,Renault,10,1
2016,800000.0,70000.0,Petrol,Individual,Automatic,First Owner,5.0,16.34,1798.0,189.3,Volkswagen,10,1
2017,2625000.0,9000.0,Diesel,Dealer,Automatic,First Owner,5.0,13.6,1999.0,177.0,Jaguar,9,1
2019,5150000.0,20000.0,Petrol,Dealer,Automatic,First Owner,5.0,22.37,2487.0,214.56,Lexus,7,1
2017,3200000.0,45000.0,Diesel,Dealer,Automatic,First Owner,5.0,19.33,1999.0,177.0,Jaguar,9,1
2015,503000.0,110000.0,Diesel,Individual,Manual,First Owner,7.0,14.1,2179.0,147.94,Tata,11,1
2019,3800000.0,20000.0,Diesel,Individual,Automatic,First Owner,5.0,18.0,1969.0,190.0,Volvo,7,1
2016,2000000.0,68089.0,Petrol,Trustmark Dealer,Automatic,First Owner,5.0,19.16,2494.0,157.7,Toyota,10,1
2013,225000.0,58343.0,Petrol,Trustmark Dealer,Manual,First Owner,5.0,21.79,998.0,67.05,Maruti,13,1
2018,740000.0,38817.0,Diesel,Dealer,Manual,First Owner,5.0,27.39,1248.0,74.0,Maruti,8,1
2016,550000.0,56494.0,Petrol,Trustmark Dealer,Manual,First Owner,5.0,18.2,1199.0,88.7,Honda,10,1
2013,750000.0,79328.0,Diesel,Trustmark Dealer,Manual,Second Owner,7.0,12.99,2494.0,100.6,Toyota,13,2
2019,650000.0,5621.0,Petrol,Trustmark Dealer,Automatic,First Owner,5.0,22.0,1197.0,81.8,Maruti,7,1
2017,625000.0,25538.0,Petrol,Trustmark Dealer,Manual,First Owner,5.0,16.78,1496.0,88.73,Toyota,9,1
2018,600000.0,69779.0,Petrol,Dealer,Automatic,First Owner,5.0,22.0,1197.0,81.8,Maruti,8,1
2017,450000.0,56290.0,Diesel,Dealer,Manual,First Owner,5.0,24.0,1186.0,73.97,Hyundai,9,1
2019,5200000.0,7500.0,Diesel,Dealer,Automatic,First Owner,5.0,16.78,1995.0,190.0,Bmw,7,1
2019,5200000.0,8500.0,Diesel,Dealer,Automatic,First Owner,5.0,16.78,1995.0,190.0,Bmw,7,1
2019,779000.0,7032.0,Petrol,Trustmark Dealer,Automatic,First Owner,5.0,19.0,1199.0,88.76,Honda,7,1
2016,645000.0,11000.0,Petrol,Dealer,Automatic,First Owner,5.0,14.3,1598.0,103.5,Skoda,10,1
2018,2475000.0,2000.0,Diesel,Dealer,Automatic,First Owner,5.0,16.8,1984.0,150.0,Volvo,8,1
2010,150000.0,106000.0,Petrol,Individual,Manual,Third Owner,5.0,20.36,1197.0,78.9,Hyundai,16,3
2012,265000.0,162000.0,Diesel,Individual,Manual,Third Owner,5.0,19.3,1248.0,82.0,Toyota,14,3
2009,500000.0,120000.0,Petrol,Individual,Automatic,Second Owner,5.0,11.1,2354.0,158.8,Honda,17,2
2015,480000.0,90000.0,Diesel,Individual,Manual,First Owner,5.0,26.59,1248.0,74.0,Maruti,11,1
2014,535000.0,70000.0,Diesel,Individual,Manual,Third Owner,5.0,22.32,1582.0,126.32,Hyundai,12,3
2005,250000.0,225000.0,Diesel,Individual,Manual,Third Owner,8.0,12.8,2494.0,102.0,Toyota,21,3
2012,300000.0,100000.0,Diesel,Individual,Manual,Second Owner,5.0,21.5,1248.0,88.8,Maruti,14,2
2009,340000.0,214000.0,Petrol,Individual,Manual,Second Owner,5.0,13.9,1599.0,103.2,Hyundai,17,2
2009,340000.0,214000.0,Diesel,Individual,Manual,Second Owner,5.0,16.8,1493.0,110.0,Hyundai,17,2
2016,240000.0,50000.0,Petrol,Individual,Manual,First Owner,5.0,22.74,796.0,47.3,Maruti,10,1
2018,1085000.0,1000.0,Petrol,Individual,Automatic,First Owner,5.0,18.0,1497.0,117.6,Honda,8,1
2017,750000.0,19000.0,Diesel,Individual,Automatic,First Owner,5.0,28.4,1248.0,74.02,Maruti,9,1
2012,95000.0,225000.0,Diesel,Individual,Manual,Second Owner,5.0,17.0,1405.0,70.0,Tata,14,2
2020,409999.0,35000.0,CNG,Individual,Manual,First Owner,5.0,20.88,1196.0,61.7,Maruti,6,1
2014,215000.0,80000.0,Petrol,Individual,Manual,Second Owner,5.0,23.95,998.0,67.05,Maruti,12,2
2016,1290000.0,50000.0,Diesel,Individual,Automatic,First Owner,7.0,16.0,2179.0,140.0,Mahindra,10,1
2010,150000.0,80000.0,Petrol,Individual,Manual,First Owner,5.0,20.92,998.0,67.1,Maruti,16,1
2013,219000.0,50000.0,Petrol,Individual,Manual,Second Owner,5.0,21.1,814.0,55.2,Hyundai,13,2
2018,325000.0,100000.0,Petrol,Individual,Manual,First Owner,5.0,23.84,1199.0,84.0,Tata,8,1
2013,260000.0,120000.0,Petrol,Individual,Manual,Second Owner,5.0,15.1,1196.0,73.0,Maruti,13,2
2017,2625000.0,9000.0,Diesel,Dealer,Automatic,First Owner,5.0,13.6,1999.0,177.0,Jaguar,9,1
2019,5150000.0,20000.0,Petrol,Dealer,Automatic,First Owner,5.0,22.37,2487.0,214.56,Lexus,7,1
2017,3200000.0,45000.0,Diesel,Dealer,Automatic,First Owner,5.0,19.33,1999.0,177.0,Jaguar,9,1
2015,503000.0,110000.0,Diesel,Individual,Manual,First Owner,7.0,14.1,2179.0,147.94,Tata,11,1
2019,3800000.0,20000.0,Diesel,Individual,Automatic,First Owner,5.0,18.0,1969.0,190.0,Volvo,7,1
2016,2000000.0,68089.0,Petrol,Trustmark Dealer,Automatic,First Owner,5.0,19.16,2494.0,157.7,Toyota,10,1
2013,225000.0,58343.0,Petrol,Trustmark Dealer,Manual,First Owner,5.0,21.79,998.0,67.05,Maruti,13,1
2018,740000.0,38817.0,Diesel,Dealer,Manual,First Owner,5.0,27.39,1248.0,74.0,Maruti,8,1
2016,550000.0,56494.0,Petrol,Trustmark Dealer,Manual,First Owner,5.0,18.2,1199.0,88.7,Honda,10,1
2013,750000.0,79328.0,Diesel,Trustmark Dealer,Manual,Second Owner,7.0,12.99,2494.0,100.6,Toyota,13,2
2019,650000.0,5621.0,Petrol,Trustmark Dealer,Automatic,First Owner,5.0,22.0,1197.0,81.8,Maruti,7,1
2017,625000.0,25538.0,Petrol,Trustmark Dealer,Manual,First Owner,5.0,16.78,1496.0,88.73,Toyota,9,1
2018,600000.0,69779.0,Petrol,Dealer,Automatic,First Owner,5.0,22.0,1197.0,81.8,Maruti,8,1
2017,450000.0,56290.0,Diesel,Dealer,Manual,First Owner,5.0,24.0,1186.0,73.97,Hyundai,9,1
2019,5200000.0,7500.0,Diesel,Dealer,Automatic,First Owner,5.0,16.78,1995.0,190.0,Bmw,7,1
2019,5200000.0,8500.0,Diesel,Dealer,Automatic,First Owner,5.0,16.78,1995.0,190.0,Bmw,7,1
2019,779000.0,7032.0,Petrol,Trustmark Dealer,Automatic,First Owner,5.0,19.0,1199.0,88.76,Honda,7,1
2016,645000.0,11000.0,Petrol,Dealer,Automatic,First Owner,5.0,14.3,1598.0,103.5,Skoda,10,1
2018,2475000.0,2000.0,Diesel,Dealer,Automatic,First Owner,5.0,16.8,1984.0,150.0,Volvo,8,1
2019,700000.0,40000.0,Diesel,Individual,Automatic,First Owner,5.0,23.8,1498.0,78.9,Honda,7,1
2017,950000.0,45000.0,Diesel,Individual,Manual,First Owner,5.0,21.38,1396.0,88.7,Hyundai,9,1
2010,160000.0,80000.0,Petrol,Individual,Manual,Second Owner,5.0,19.7,796.0,46.3,Maruti,16,2
2015,409999.0,135000.0,Diesel,Individual,Manual,Second Owner,5.0,24.4,1120.0,71.01,Hyundai,11,2
2015,840000.0,120000.0,Diesel,Individual,Manual,Second Owner,7.0,12.99,2494.0,100.6,Toyota,11,2
2013,450000.0,67000.0,Diesel,Individual,Manual,First Owner,5.0,23.59,1364.0,67.1,Toyota,13,1
2017,900000.0,50000.0,Diesel,Individual,Manual,First Owner,5.0,28.4,1248.0,74.02,Maruti,9,1
2008,570000.0,134000.0,Diesel,Individual,Manual,Second Owner,7.0,12.8,2494.0,102.0,Toyota,18,2
2011,254999.0,110000.0,Diesel,Individual,Manual,Second Owner,5.0,23.08,1461.0,63.1,Nissan,15,2
2009,130000.0,40000.0,Petrol,Individual,Manual,First Owner,4.0,16.1,796.0,37.0,Maruti,17,1
2013,530000.0,120000.0,Diesel,Individual,Manual,Second Owner,5.0,23.4,1248.0,74.0,Maruti,13,2
2015,520000.0,110000.0,Diesel,Individual,Manual,Second Owner,5.0,20.14,1498.0,88.8,Volkswagen,11,2
2011,229999.0,170000.0,Diesel,Individual,Manual,Second Owner,5.0,21.0,1461.0,64.1,Mahindra,15,2
2004,81000.0,80000.0,Petrol,Individual,Manual,Second Owner,4.0,16.1,796.0,37.0,Maruti,22,2
2016,600000.0,47000.0,Diesel,Individual,Manual,First Owner,5.0,25.2,1248.0,74.0,Maruti,10,1
2015,409999.0,93000.0,Petrol,Individual,Manual,First Owner,5.0,19.1,1197.0,81.86,Hyundai,11,1
2010,120000.0,70000.0,Petrol,Individual,Manual,Second Owner,4.0,16.1,796.0,37.0,Maruti,16,2
2014,320000.0,50000.0,Petrol,Individual,Manual,First Owner,5.0,23.1,998.0,67.04,Maruti,12,1
2015,292000.0,70000.0,Diesel,Individual,Manual,First Owner,5.0,20.0,1399.0,68.05,Ford,11,1
2012,390000.0,80000.0,Diesel,Individual,Manual,First Owner,7.0,13.93,2179.0,138.03,Tata,14,1
2016,550000.0,44000.0,Petrol,Individual,Manual,First Owner,5.0,18.16,1196.0,86.8,Ford,10,1
2014,385000.0,25000.0,Petrol,Individual,Manual,First Owner,5.0,23.1,998.0,67.04,Maruti,12,1
2016,800000.0,25000.0,Petrol,Individual,Manual,First Owner,5.0,15.29,1591.0,121.3,Hyundai,10,1
2019,675000.0,10000.0,Petrol,Individual,Manual,First Owner,5.0,21.21,1197.0,81.8,Maruti,7,1
2018,1525000.0,50000.0,Diesel,Individual,Manual,First Owner,7.0,17.6,2179.0,153.86,Tata,8,1
2018,950000.0,30000.0,Diesel,Individual,Manual,First Owner,5.0,23.0,1498.0,98.96,Ford,8,1
2015,610000.0,50000.0,Diesel,Individual,Manual,Second Owner,5.0,21.19,1396.0,88.73,Hyundai,11,2
2012,525000.0,120000.0,Diesel,Individual,Manual,First Owner,5.0,22.54,1396.0,88.73,Hyundai,14,1
2019,700000.0,40000.0,Diesel,Individual,Automatic,First Owner,5.0,23.8,1498.0,78.9,Honda,7,1
2015,375000.0,80000.0,Diesel,Individual,Manual,First Owner,7.0,15.96,2523.0,62.1,Mahindra,11,1
2015,580000.0,90000.0,Diesel,Individual,Manual,First Owner,5.0,20.45,1461.0,83.8,Nissan,11,1
2015,434999.0,50000.0,Petrol,Individual,Manual,Second Owner,5.0,20.4,1197.0,83.11,Maruti,11,2
2020,350000.0,2136.0,Petrol,Individual,Manual,First Owner,5.0,22.5,999.0,67.0,Datsun,6,1
2012,730000.0,225000.0,Diesel,Individual,Manual,First Owner,7.0,12.99,2494.0,100.0,Toyota,14,1
2015,600000.0,35000.0,Petrol,Individual,Manual,First Owner,5.0,18.6,1197.0,81.83,Hyundai,11,1
2015,1050000.0,120000.0,Diesel,Individual,Manual,First Owner,7.0,12.99,2494.0,100.6,Toyota,11,1
2017,735000.0,70000.0,Diesel,Individual,Manual,First Owner,5.0,27.39,1248.0,74.0,Maruti,9,1
2018,1050000.0,18000.0,Diesel,Dealer,Manual,First Owner,5.0,19.6,1461.0,108.45,Renault,8,1
2016,420000.0,110000.0,Diesel,Individual,Manual,Second Owner,7.0,18.2,1248.0,73.74,Chevrolet,10,2
2017,800000.0,60000.0,Diesel,Individual,Manual,First Owner,5.0,23.65,1248.0,88.5,Maruti,9,1
2015,2000000.0,60000.0,Diesel,Individual,Automatic,First Owner,7.0,12.55,2982.0,168.5,Toyota,11,1
2016,600000.0,147000.0,Diesel,Individual,Manual,Second Owner,5.0,26.59,1248.0,74.0,Maruti,10,2
2015,1900000.0,130000.0,Diesel,Individual,Automatic,First Owner,7.0,12.55,2982.0,168.5,Toyota,11,1
2011,500000.0,99500.0,Diesel,Individual,Manual,Third Owner,7.0,11.5,1991.0,147.9,Chevrolet,15,3
2011,200000.0,110000.0,Diesel,Individual,Manual,Second Owner,5.0,17.0,1405.0,71.0,Tata,15,2
2016,370000.0,35000.0,Petrol,Individual,Manual,First Owner,5.0,19.49,1198.0,67.04,Nissan,10,1
2010,260000.0,110000.0,Diesel,Individual,Manual,Second Owner,5.0,16.2,1493.0,110.0,Hyundai,16,2
2016,280000.0,100000.0,Diesel,Individual,Manual,First Owner,6.0,25.32,1198.0,77.0,Mahindra,10,1
2014,610000.0,21000.0,Petrol,Individual,Manual,First Owner,7.0,16.02,1373.0,93.7,Maruti,12,1
2013,300000.0,60000.0,Diesel,Individual,Manual,Second Owner,5.0,23.5,1498.0,90.0,Ford,13,2
2010,140000.0,40000.0,Diesel,Individual,Manual,First Owner,5.0,16.6,1405.0,70.0,Tata,16,1
2008,229999.0,50000.0,Petrol,Individual,Manual,First Owner,5.0,19.81,1086.0,68.05,Hyundai,18,1
2010,200000.0,65000.0,Petrol,Individual,Manual,Second Owner,5.0,19.0,998.0,66.1,Maruti,16,2
2011,200000.0,80000.0,Petrol,Individual,Manual,First Owner,5.0,18.9,998.0,67.1,Maruti,15,1
2015,560000.0,119000.0,Diesel,Individual,Manual,First Owner,5.0,23.9,1582.0,126.2,Hyundai,11,1
2016,750000.0,80000.0,Diesel,Individual,Manual,First Owner,7.0,24.52,1248.0,88.5,Maruti,10,1
2017,585000.0,90000.0,Diesel,Individual,Manual,First Owner,5.0,25.2,1248.0,74.0,Maruti,9,1
2016,760000.0,20000.0,Petrol,Individual,Manual,First Owner,5.0,17.01,1591.0,121.4,Hyundai,10,1
2014,430000.0,80000.0,Diesel,Individual,Manual,Second Owner,5.0,25.2,1248.0,74.0,Maruti,12,2
2020,480000.0,44665.0,Diesel,Individual,Manual,First Owner,6.0,25.32,1198.0,77.0,Mahindra,6,1
2019,643000.0,10000.0,Diesel,Individual,Manual,First Owner,5.0,20.8,1493.0,113.4,Kia,7,1
2018,500000.0,60000.0,Petrol,Individual,Manual,First Owner,5.0,20.14,1197.0,81.86,Hyundai,8,1
2016,425000.0,22000.0,Petrol,Individual,Manual,First Owner,5.0,18.5,1198.0,86.8,Honda,10,1
2014,250000.0,25000.0,Petrol,Individual,Manual,First Owner,5.0,22.74,796.0,47.3,Maruti,12,1
2016,285000.0,70000.0,Diesel,Individual,Manual,First Owner,5.0,27.62,793.0,47.0,Maruti,10,1
2008,160000.0,123000.0,Petrol,Individual,Manual,Third Owner,5.0,17.5,1298.0,85.8,Maruti,18,3
2011,250000.0,70000.0,Diesel,Individual,Manual,Second Owner,5.0,20.54,1598.0,103.6,Volkswagen,15,2
2013,170000.0,70000.0,Petrol,Individual,Manual,Second Owner,5.0,18.6,1199.0,79.4,Chevrolet,13,2
2013,409999.0,45000.0,Diesel,Individual,Manual,First Owner,5.0,23.59,1364.0,67.06,Toyota,13,1
2015,400000.0,40000.0,Petrol,Individual,Automatic,First Owner,5.0,18.9,1197.0,82.0,Hyundai,11,1
2019,700000.0,30000.0,Diesel,Individual,Manual,First Owner,5.0,28.4,1248.0,74.02,Maruti,7,1
2007,350000.0,90000.0,Petrol,Individual,Automatic,First Owner,5.0,12.9,1799.0,130.0,Honda,19,1
2016,660000.0,34000.0,Petrol,Individual,Manual,Second Owner,7.0,17.5,1373.0,91.1,Maruti,10,2
2017,268000.0,25000.0,Petrol,Individual,Manual,First Owner,5.0,24.7,796.0,47.3,Maruti,9,1
2016,270000.0,50000.0,Petrol,Individual,Manual,First Owner,5.0,22.74,796.0,47.3,Maruti,10,1
2013,300000.0,50000.0,Diesel,Individual,Manual,First Owner,5.0,25.44,936.0,57.6,Chevrolet,13,1
2017,450000.0,90000.0,Petrol,Individual,Manual,First Owner,5.0,23.84,1199.0,84.0,Tata,9,1
2012,220000.0,70000.0,Diesel,Individual,Manual,Second Owner,5.0,25.44,936.0,57.6,Chevrolet,14,2
2009,250000.0,146000.0,Diesel,Individual,Manual,Second Owner,7.0,13.93,2179.0,138.0,Tata,17,2
2012,300000.0,85000.0,Petrol,Individual,Manual,Second Owner,5.0,15.6,1196.0,70.0,Ford,14,2
2009,88000.0,201850.0,Diesel,Individual,Manual,Second Owner,5.0,17.88,1396.0,52.8,Tata,17,2
2016,561000.0,30000.0,Diesel,Individual,Manual,First Owner,5.0,26.59,1248.0,74.0,Maruti,10,1
2018,755000.0,15000.0,Diesel,Individual,Manual,First Owner,5.0,28.4,1248.0,74.02,Maruti,8,1
2017,235000.0,25000.0,Petrol,Individual,Manual,First Owner,5.0,22.7,799.0,53.64,Datsun,9,1
2011,165000.0,90000.0,Petrol,Individual,Manual,First Owner,5.0,20.92,998.0,67.1,Maruti,15,1
2008,190000.0,80000.0,Diesel,Individual,Manual,Second Owner,5.0,19.3,1248.0,73.9,Maruti,18,2
2011,110000.0,50000.0,Diesel,Individual,Manual,First Owner,5.0,17.2,1396.0,53.5,Tata,15,1
2012,320000.0,80000.0,Diesel,Individual,Manual,Second Owner,8.0,13.6,2523.0,63.0,Mahindra,14,2
2010,330000.0,110000.0,Diesel,Individual,Manual,Second Owner,5.0,19.3,1248.0,82.0,Maruti,16,2
2016,540000.0,38000.0,Petrol,Individual,Manual,First Owner,5.0,18.6,1197.0,81.83,Hyundai,10,1
2013,180000.0,60000.0,Petrol,Individual,Manual,First Owner,5.0,21.1,814.0,55.2,Hyundai,13,1
2016,270000.0,100000.0,Petrol,Individual,Manual,Third Owner,7.0,15.37,1196.0,73.0,Maruti,10,3
2012,450000.0,30000.0,Petrol,Individual,Manual,First Owner,5.0,17.5,1197.0,85.8,Maruti,14,1
2014,450000.0,30000.0,Petrol,Individual,Manual,First Owner,5.0,19.1,1197.0,85.8,Maruti,12,1
2015,200000.0,50000.0,Petrol,Individual,Manual,First Owner,5.0,18.6,1199.0,76.8,Chevrolet,11,1
2017,425000.0,42000.0,Petrol,Individual,Manual,First Owner,5.0,23.84,1199.0,84.0,Tata,9,1
2016,400000.0,30000.0,Petrol,Individual,Manual,First Owner,5.0,18.2,1199.0,82.4,Chevrolet,10,1
2009,125000.0,60000.0,Petrol,Individual,Manual,Third Owner,5.0,19.7,796.0,46.3,Maruti,17,3
2018,1600000.0,14000.0,Diesel,Individual,Manual,First Owner,5.0,17.1,1956.0,170.0,Jeep,8,1
2015,900000.0,22000.0,Petrol,Individual,Manual,First Owner,5.0,17.4,1497.0,117.3,Honda,11,1
2012,450000.0,90000.0,Diesel,Individual,Manual,First Owner,5.0,20.54,1598.0,103.6,Volkswagen,14,1
2011,210000.0,46000.0,Petrol,Individual,Manual,First Owner,5.0,20.92,998.0,67.1,Maruti,15,1
2018,801000.0,20000.0,Petrol,Individual,Manual,First Owner,5.0,18.6,1197.0,81.83,Hyundai,8,1
2014,317000.0,15000.0,Diesel,Individual,Manual,First Owner,7.0,15.42,1405.0,70.0,Tata,12,1
2015,600000.0,40000.0,Petrol,Individual,Manual,Second Owner,7.0,16.02,1373.0,93.7,Maruti,11,2
2014,330000.0,30000.0,Petrol,Individual,Manual,Second Owner,5.0,18.5,1197.0,82.85,Hyundai,12,2
2017,320000.0,15000.0,Petrol,Individual,Manual,Second Owner,5.0,21.1,814.0,55.2,Hyundai,9,2
2010,160000.0,50000.0,Petrol,Individual,Manual,First Owner,5.0,19.3,1248.0,82.0,Maruti,16,1
2007,120000.0,110000.0,Petrol,Individual,Manual,Second Owner,5.0,15.3,1341.0,83.0,Hyundai,19,2
2009,130000.0,70000.0,Petrol,Individual,Manual,Second Owner,5.0,19.7,796.0,46.3,Maruti,17,2
2015,220000.0,80000.0,Petrol,Individual,Manual,First Owner,5.0,18.2,1199.0,82.4,Chevrolet,11,1
2008,229999.0,50000.0,Diesel,Individual,Manual,Third Owner,5.0,19.3,1248.0,82.0,Maruti,18,3
2015,340000.0,110000.0,Petrol,Individual,Manual,First Owner,5.0,17.57,1193.0,88.7,Tata,11,1
2013,200000.0,70000.0,Diesel,Individual,Manual,Second Owner,5.0,19.68,1399.0,67.0,Ford,13,2
2002,140000.0,50000.0,Petrol,Individual,Manual,Second Owner,5.0,19.7,796.0,46.3,Maruti,24,2
2013,1000000.0,190000.0,Diesel,Individual,Manual,First Owner,8.0,12.99,2494.0,100.6,Toyota,13,1
2010,495000.0,100000.0,Diesel,Individual,Manual,Second Owner,7.0,13.6,2523.0,63.0,Mahindra,16,2
2015,236000.0,60000.0,Petrol,Individual,Manual,First Owner,5.0,22.74,796.0,47.3,Maruti,11,1
2015,390000.0,40000.0,Petrol,Individual,Manual,First Owner,5.0,20.51,998.0,67.04,Maruti,11,1
2009,275000.0,90000.0,Diesel,Individual,Manual,Second Owner,5.0,19.3,1248.0,73.9,Maruti,17,2
2015,503000.0,110000.0,Diesel,Individual,Manual,First Owner,7.0,14.1,2179.0,147.94,Tata,11,1
2017,775000.0,32000.0,Diesel,Dealer,Manual,First Owner,5.0,24.3,1248.0,88.5,Maruti,9,1
2016,1800000.0,30000.0,Diesel,Individual,Automatic,First Owner,7.0,11.36,2755.0,171.5,Toyota,10,1
2016,850000.0,58000.0,Diesel,Individual,Manual,First Owner,5.0,19.67,1582.0,126.2,Hyundai,10,1
2018,750000.0,5000.0,Diesel,Individual,Manual,First Owner,5.0,24.3,1248.0,88.5,Maruti,8,1
2018,570000.0,25000.0,Petrol,Individual,Manual,First Owner,5.0,18.6,1197.0,81.83,Hyundai,8,1
2018,580000.0,32000.0,Petrol,Individual,Manual,First Owner,5.0,18.9,1197.0,81.86,Hyundai,8,1
2016,484999.0,30000.0,Petrol,Individual,Manual,First Owner,5.0,18.7,1199.0,88.7,Honda,10,1
2017,700000.0,43000.0,Petrol,Dealer,Manual,First Owner,7.0,15.4,1497.0,117.3,Honda,9,1
2012,415000.0,60000.0,Petrol,Dealer,Manual,First Owner,5.0,17.7,1497.0,113.42,Hyundai,14,1
2015,325000.0,50000.0,Petrol,Individual,Automatic,First Owner,5.0,19.34,1198.0,76.0,Nissan,11,1
2018,550000.0,14200.0,Petrol,Individual,Manual,First Owner,5.0,18.16,1196.0,86.8,Ford,8,1
2017,300000.0,10000.0,Petrol,Individual,Manual,First Owner,5.0,21.1,814.0,55.2,Hyundai,9,1
2018,217000.0,25000.0,Petrol,Individual,Manual,First Owner,5.0,22.7,799.0,53.64,Datsun,8,1
2018,700000.0,19100.0,Petrol,Individual,Manual,First Owner,5.0,19.0,1194.0,94.68,Ford,8,1
2019,466000.0,25000.0,Petrol,Individual,Automatic,Fourth & Above Owner,5.0,20.3,1086.0,68.0,Hyundai,7,4
2014,484999.0,54000.0,Diesel,Dealer,Manual,First Owner,5.0,23.0,1498.0,98.96,Ford,12,1
2018,670000.0,35000.0,Diesel,Individual,Manual,First Owner,5.0,22.71,1461.0,84.8,Nissan,8,1
2018,500000.0,20000.0,Petrol,Individual,Manual,Second Owner,5.0,18.9,1197.0,81.86,Hyundai,8,2
2016,675000.0,52000.0,Diesel,Individual,Manual,First Owner,5.0,23.65,1248.0,88.5,Maruti,10,1
2011,220000.0,120000.0,Diesel,Individual,Manual,Second Owner,5.0,23.0,1396.0,90.0,Hyundai,15,2
2017,1650000.0,50000.0,Diesel,Individual,Manual,First Owner,5.0,17.1,1956.0,170.0,Jeep,9,1
2013,630000.0,120000.0,Diesel,Individual,Manual,Second Owner,7.0,20.77,1248.0,88.8,Maruti,13,2
2010,250000.0,90000.0,Diesel,Individual,Manual,Second Owner,5.0,18.8,1248.0,90.0,Tata,16,2
2004,120000.0,120000.0,Petrol,Individual,Manual,Third Owner,5.0,18.9,998.0,67.1,Maruti,22,3
2015,300000.0,101500.0,Diesel,Individual,Manual,Second Owner,5.0,21.14,1498.0,103.52,Skoda,11,2
2013,525000.0,75000.0,Diesel,Individual,Automatic,First Owner,5.0,22.32,1582.0,126.3,Hyundai,13,1
2011,204999.0,97500.0,Petrol,Individual,Manual,First Owner,5.0,19.3,1248.0,0.0,Maruti,15,1
2011,204999.0,97500.0,Petrol,Individual,Manual,First Owner,5.0,19.3,1248.0,0.0,Maruti,15,1
2016,1100000.0,100000.0,Diesel,Individual,Manual,First Owner,7.0,15.4,1997.0,120.0,Mahindra,10,1
2012,480000.0,55735.0,Diesel,Individual,Manual,Second Owner,5.0,19.01,1461.0,108.45,Renault,14,2
2014,605000.0,80000.0,Diesel,Individual,Manual,Second Owner,7.0,15.1,2179.0,140.0,Mahindra,12,2
2016,250000.0,50000.0,Petrol,Individual,Manual,Second Owner,5.0,24.7,796.0,47.3,Maruti,10,2
2013,245000.0,70000.0,Diesel,Individual,Manual,Second Owner,5.0,20.0,1399.0,68.1,Ford,13,2
2012,210000.0,76000.0,Petrol,Individual,Manual,Fourth & Above Owner,5.0,20.36,1197.0,78.9,Hyundai,14,4
2020,730000.0,1500.0,Petrol,Individual,Manual,First Owner,5.0,21.21,1197.0,81.8,Maruti,6,1
2012,500000.0,76000.0,Diesel,Individual,Manual,First Owner,7.0,15.96,2523.0,62.1,Mahindra,14,1
2015,400000.0,40000.0,Petrol,Individual,Manual,First Owner,5.0,20.51,998.0,67.04,Maruti,11,1
2015,280000.0,60000.0,Petrol,Individual,Manual,Second Owner,5.0,21.1,814.0,55.2,Hyundai,11,2
2009,561000.0,170000.0,Diesel,Individual,Manual,Third Owner,8.0,12.8,2494.0,102.0,Toyota,17,3
2013,950000.0,181491.0,Diesel,Dealer,Manual,First Owner,7.0,13.5,2477.0,175.56,Mitsubishi,13,1
2016,375000.0,53319.0,Diesel,Dealer,Manual,First Owner,5.0,25.44,936.0,56.3,Chevrolet,10,1
2017,700000.0,40906.0,Diesel,Dealer,Manual,First Owner,5.0,21.66,1498.0,108.62,Volkswagen,9,1
2012,375000.0,31711.0,Petrol,Dealer,Manual,Second Owner,5.0,17.6,1496.0,88.7,Toyota,14,2
2012,270000.0,43755.0,Petrol,Dealer,Manual,Second Owner,5.0,21.1,814.0,55.2,Hyundai,14,2
2016,300000.0,66693.0,Petrol,Dealer,Manual,First Owner,5.0,25.17,799.0,53.3,Renault,10,1
2010,225000.0,59549.0,Petrol,Dealer,Manual,First Owner,5.0,19.0,998.0,67.1,Maruti,16,1
2015,1350000.0,94385.0,Diesel,Dealer,Manual,First Owner,8.0,12.99,2494.0,100.6,Toyota,11,1
2010,200000.0,73730.0,Petrol,Dealer,Manual,First Owner,5.0,18.2,998.0,67.1,Maruti,16,1
2011,400000.0,221889.0,Diesel,Dealer,Manual,First Owner,5.0,22.32,1582.0,126.32,Hyundai,15,1
2013,500000.0,116104.0,Diesel,Dealer,Manual,First Owner,5.0,25.8,1498.0,98.6,Honda,13,1
2015,500000.0,150546.0,Petrol,Dealer,Manual,First Owner,5.0,22.0,1197.0,81.8,Maruti,11,1
2013,1500000.0,148120.0,Diesel,Dealer,Manual,First Owner,7.0,14.24,2755.0,174.5,Toyota,13,1
2015,555000.0,20000.0,Petrol,Individual,Manual,Second Owner,5.0,15.8,1499.0,110.0,Ford,11,2
2018,580000.0,30000.0,Petrol,Individual,Automatic,First Owner,5.0,18.9,1197.0,81.86,Hyundai,8,1
2011,337000.0,142000.0,Diesel,Individual,Manual,Third Owner,7.0,13.7,2179.0,138.1,Tata,15,3
2011,175000.0,20000.0,Diesel,Individual,Manual,First Owner,10.0,12.2,1948.0,68.0,Tata,15,1
2009,180000.0,120000.0,Diesel,Individual,Manual,Second Owner,5.0,18.8,1248.0,90.0,Tata,17,2
2011,200000.0,80000.0,Petrol,Individual,Manual,First Owner,5.0,19.81,1086.0,68.05,Hyundai,15,1
2016,260000.0,60000.0,Diesel,Individual,Manual,First Owner,5.0,19.09,1405.0,69.01,Tata,10,1
2016,350000.0,25000.0,Petrol,Individual,Manual,First Owner,5.0,23.01,999.0,67.0,Renault,10,1
2011,409999.0,50000.0,Diesel,Individual,Manual,Second Owner,7.0,13.6,2523.0,63.0,Mahindra,15,2
2017,655000.0,126000.0,Diesel,Individual,Manual,First Owner,7.0,18.49,1493.0,100.0,Mahindra,9,1
2015,370000.0,170000.0,Diesel,Individual,Manual,First Owner,5.0,26.59,1248.0,74.0,Maruti,11,1
2013,200000.0,24000.0,Petrol,Individual,Manual,First Owner,5.0,22.74,796.0,47.3,Maruti,13,1
2017,800000.0,100000.0,Diesel,Individual,Manual,Second Owner,7.0,24.52,1248.0,88.5,Maruti,9,2
2019,550000.0,10000.0,Petrol,Individual,Manual,First Owner,5.0,24.0,1199.0,83.81,Tata,7,1
2012,300000.0,70000.0,Diesel,Individual,Manual,Second Owner,5.0,20.0,1399.0,68.0,Ford,14,2
2017,220000.0,40000.0,Petrol,Individual,Manual,First Owner,8.0,16.8,796.0,34.2,Maruti,9,1
2011,196000.0,110000.0,Petrol,Individual,Manual,First Owner,5.0,18.9,998.0,67.1,Maruti,15,1
2008,135000.0,80000.0,Petrol,Individual,Manual,Second Owner,5.0,19.81,1086.0,68.05,Hyundai,18,2
2015,299000.0,16500.0,Petrol,Individual,Manual,First Owner,5.0,17.57,1193.0,88.7,Tata,11,1
2017,300000.0,30000.0,Petrol,Individual,Manual,First Owner,5.0,23.95,998.0,67.05,Maruti,9,1
2017,720000.0,80000.0,Diesel,Individual,Manual,First Owner,7.0,24.52,1248.0,88.5,Maruti,9,1
2016,650000.0,50000.0,Diesel,Individual,Manual,Third Owner,7.0,14.1,2179.0,147.94,Tata,10,3
2016,300000.0,25000.0,Petrol,Individual,Manual,First Owner,5.0,23.95,998.0,67.05,Maruti,10,1
2019,750000.0,20000.0,Diesel,Individual,Manual,First Owner,5.0,24.0,1186.0,73.97,Hyundai,7,1
2016,260000.0,60000.0,Petrol,Individual,Manual,First Owner,5.0,25.17,799.0,53.3,Renault,10,1
2011,300000.0,70000.0,Diesel,Individual,Manual,Second Owner,5.0,22.9,1248.0,74.0,Maruti,15,2
2014,600000.0,50000.0,Diesel,Individual,Manual,Second Owner,7.0,15.96,2523.0,62.1,Mahindra,12,2
2004,275000.0,100000.0,Petrol,Individual,Automatic,Second Owner,5.0,9.0,2997.0,218.0,Honda,22,2
2015,250000.0,52000.0,Petrol,Individual,Manual,First Owner,5.0,23.95,998.0,67.05,Maruti,11,1
2014,420000.0,80000.0,Diesel,Individual,Manual,First Owner,5.0,23.4,1248.0,74.0,Maruti,12,1
2015,235000.0,50000.0,Petrol,Individual,Manual,First Owner,5.0,21.1,814.0,55.2,Hyundai,11,1
2016,1100000.0,60000.0,Diesel,Individual,Manual,First Owner,7.0,15.4,2179.0,120.0,Mahindra,10,1
2019,360000.0,25000.0,Petrol,Individual,Manual,First Owner,5.0,23.95,998.0,67.05,Maruti,7,1
2014,380000.0,50000.0,Diesel,Individual,Manual,Second Owner,5.0,24.0,1120.0,70.0,Hyundai,12,2
2016,650000.0,125000.0,Diesel,Individual,Manual,First Owner,5.0,22.77,1498.0,98.59,Ford,10,1
2016,350000.0,80000.0,Petrol,Individual,Manual,First Owner,5.0,20.51,998.0,67.04,Maruti,10,1
2017,700000.0,70000.0,Diesel,Individual,Manual,First Owner,9.0,15.96,2523.0,63.0,Mahindra,9,1
2010,270000.0,90000.0,Diesel,Individual,Manual,Third Owner,5.0,23.0,1396.0,90.0,Hyundai,16,3
2017,450000.0,50000.0,Diesel,Individual,Manual,First Owner,5.0,22.95,1248.0,74.0,Tata,9,1
2016,630000.0,101000.0,Diesel,Individual,Manual,First Owner,6.0,16.55,2498.0,105.0,Mahindra,10,1
2010,229999.0,168000.0,Diesel,Individual,Manual,First Owner,7.0,14.0,2498.0,112.0,Mahindra,16,1
2010,229999.0,168000.0,Diesel,Individual,Manual,First Owner,7.0,14.0,2498.0,112.0,Mahindra,16,1
2011,270000.0,40000.0,Petrol,Individual,Manual,First Owner,5.0,18.9,998.0,67.1,Maruti,15,1
2009,135000.0,28900.0,Petrol,Individual,Manual,Second Owner,5.0,0.0,1172.0,65.0,Tata,17,2
2012,275000.0,20000.0,Petrol,Individual,Manual,First Owner,5.0,18.9,998.0,67.1,Maruti,14,1
2017,2625000.0,9000.0,Diesel,Dealer,Automatic,First Owner,5.0,13.6,1999.0,177.0,Jaguar,9,1
2019,5150000.0,20000.0,Petrol,Dealer,Automatic,First Owner,5.0,22.37,2487.0,214.56,Lexus,7,1
2017,3200000.0,45000.0,Diesel,Dealer,Automatic,First Owner,5.0,19.33,1999.0,177.0,Jaguar,9,1
2015,503000.0,110000.0,Diesel,Individual,Manual,First Owner,7.0,14.1,2179.0,147.94,Tata,11,1
2019,3800000.0,20000.0,Diesel,Individual,Automatic,First Owner,5.0,18.0,1969.0,190.0,Volvo,7,1
2016,2000000.0,68089.0,Petrol,Trustmark Dealer,Automatic,First Owner,5.0,19.16,2494.0,157.7,Toyota,10,1
2013,225000.0,58343.0,Petrol,Trustmark Dealer,Manual,First Owner,5.0,21.79,998.0,67.05,Maruti,13,1
2018,740000.0,38817.0,Diesel,Dealer,Manual,First Owner,5.0,27.39,1248.0,74.0,Maruti,8,1
2016,550000.0,56494.0,Petrol,Trustmark Dealer,Manual,First Owner,5.0,18.2,1199.0,88.7,Honda,10,1
2013,750000.0,79328.0,Diesel,Trustmark Dealer,Manual,Second Owner,7.0,12.99,2494.0,100.6,Toyota,13,2
2019,650000.0,5621.0,Petrol,Trustmark Dealer,Automatic,First Owner,5.0,22.0,1197.0,81.8,Maruti,7,1
2017,625000.0,25538.0,Petrol,Trustmark Dealer,Manual,First Owner,5.0,16.78,1496.0,88.73,Toyota,9,1
2018,600000.0,69779.0,Petrol,Dealer,Automatic,First Owner,5.0,22.0,1197.0,81.8,Maruti,8,1
2017,450000.0,56290.0,Diesel,Dealer,Manual,First Owner,5.0,24.0,1186.0,73.97,Hyundai,9,1
2019,5200000.0,7500.0,Diesel,Dealer,Automatic,First Owner,5.0,16.78,1995.0,190.0,Bmw,7,1
2019,5200000.0,8500.0,Diesel,Dealer,Automatic,First Owner,5.0,16.78,1995.0,190.0,Bmw,7,1
2019,779000.0,7032.0,Petrol,Trustmark Dealer,Automatic,First Owner,5.0,19.0,1199.0,88.76,Honda,7,1
2016,645000.0,11000.0,Petrol,Dealer,Automatic,First Owner,5.0,14.3,1598.0,103.5,Skoda,10,1
2018,2475000.0,2000.0,Diesel,Dealer,Automatic,First Owner,5.0,16.8,1984.0,150.0,Volvo,8,1
2015,634000.0,165000.0,Diesel,Individual,Manual,First Owner,7.0,18.49,1493.0,100.0,Mahindra,11,1
2012,235000.0,98500.0,Petrol,Individual,Manual,Second Owner,5.0,19.0,998.0,66.1,Maruti,14,2
2008,275000.0,98000.0,Petrol,Individual,Manual,Third Owner,5.0,20.36,1197.0,78.9,Hyundai,18,3
2014,700000.0,40000.0,Diesel,Individual,Manual,Second Owner,6.0,16.55,2498.0,105.0,Mahindra,12,2
2013,400000.0,90000.0,Diesel,Individual,Manual,First Owner,5.0,20.3,1248.0,92.0,Fiat,13,1
2012,215000.0,90000.0,Petrol,Individual,Manual,Third Owner,5.0,19.7,796.0,46.3,Maruti,14,3
2009,150000.0,110000.0,Diesel,Individual,Manual,Second Owner,5.0,17.1,1493.0,110.0,Hyundai,17,2
2018,950000.0,77800.0,Diesel,Individual,Manual,First Owner,5.0,25.1,1248.0,88.5,Maruti,8,1
2015,730000.0,100000.0,Diesel,Individual,Manual,First Owner,7.0,18.49,1493.0,100.0,Mahindra,11,1
2012,135000.0,120000.0,Diesel,Individual,Manual,Second Owner,5.0,19.0,1405.0,71.0,Tata,14,2
2016,350000.0,80000.0,Petrol,Individual,Manual,Second Owner,5.0,19.1,1197.0,82.0,Hyundai,10,2
2018,535000.0,21000.0,Petrol,Individual,Manual,Second Owner,6.0,18.15,1198.0,82.0,Mahindra,8,2
2018,455000.0,100000.0,Petrol,Individual,Manual,Second Owner,5.0,19.0,1197.0,85.8,Maruti,8,2
2019,655000.0,25000.0,Petrol,Individual,Manual,First Owner,5.0,21.21,1197.0,81.8,Maruti,7,1
2019,800000.0,30000.0,Diesel,Individual,Manual,Third Owner,5.0,23.0,1498.0,98.96,Ford,7,3
2018,1100000.0,25000.0,Petrol,Individual,Automatic,First Owner,5.0,17.8,1496.0,105.5,Toyota,8,1
2016,3000000.0,40000.0,Diesel,Individual,Automatic,First Owner,5.0,13.0,2143.0,204.0,Mercedes-Benz,10,1
2012,1225000.0,160000.0,Diesel,Individual,Automatic,First Owner,7.0,11.5,2982.0,169.0,Toyota,14,1
2018,340000.0,51492.0,Petrol,Individual,Manual,First Owner,6.0,18.15,1198.0,82.0,Mahindra,8,1
2011,300000.0,72000.0,Diesel,Individual,Manual,Second Owner,5.0,20.54,1598.0,103.6,Volkswagen,15,2
2016,370000.0,60000.0,Petrol,Individual,Manual,First Owner,5.0,18.16,1196.0,86.8,Ford,10,1
2013,330000.0,136000.0,Diesel,Individual,Manual,Second Owner,7.0,15.96,2523.0,62.1,Mahindra,13,2
2014,238000.0,60000.0,Petrol,Individual,Manual,First Owner,5.0,17.92,1086.0,62.1,Hyundai,12,1
2006,72000.0,110000.0,Petrol,Individual,Manual,Second Owner,5.0,19.3,1248.0,82.0,Hyundai,20,2
2013,200000.0,90000.0,Petrol,Individual,Manual,First Owner,5.0,17.92,1086.0,62.1,Hyundai,13,1
2014,320000.0,91000.0,Diesel,Individual,Manual,Fourth & Above Owner,5.0,22.71,1461.0,84.8,Nissan,12,4
2009,114999.0,90000.0,Petrol,Individual,Manual,Fourth & Above Owner,5.0,17.92,1086.0,62.1,Hyundai,17,4
2015,320000.0,50000.0,Petrol,Individual,Manual,Second Owner,5.0,20.51,998.0,67.04,Maruti,11,2
2010,210000.0,20000.0,Petrol,Individual,Manual,First Owner,5.0,19.81,1086.0,68.05,Hyundai,16,1
2011,200000.0,120000.0,Diesel,Individual,Manual,First Owner,8.0,14.0,2489.0,95.0,Mahindra,15,1
2009,135000.0,150000.0,Petrol,Individual,Manual,Second Owner,5.0,18.9,1061.0,67.0,Maruti,17,2
2015,350000.0,52000.0,Diesel,Individual,Manual,First Owner,5.0,19.09,1405.0,69.01,Tata,11,1
2014,350000.0,167000.0,Diesel,Individual,Manual,Second Owner,8.0,13.6,2523.0,63.0,Mahindra,12,2
2017,680000.0,40000.0,Diesel,Individual,Manual,First Owner,5.0,28.4,1248.0,74.02,Maruti,9,1
2010,200000.0,190000.0,Diesel,Individual,Manual,Second Owner,5.0,17.8,1248.0,75.0,Maruti,16,2
2016,300000.0,50000.0,Petrol,Individual,Manual,First Owner,5.0,23.01,999.0,67.0,Renault,10,1
2011,270000.0,70000.0,Diesel,Individual,Manual,Second Owner,7.0,14.0,2498.0,112.0,Mahindra,15,2
2012,225000.0,80000.0,Petrol,Individual,Manual,Second Owner,5.0,18.9,998.0,67.1,Maruti,14,2
2008,250000.0,120000.0,Diesel,Individual,Manual,First Owner,8.0,13.6,2523.0,63.0,Mahindra,18,1
2015,590000.0,40000.0,Diesel,Individual,Manual,Second Owner,7.0,18.49,1493.0,100.0,Mahindra,11,2
2015,290000.0,17000.0,Petrol,Individual,Manual,First Owner,5.0,21.1,814.0,55.2,Hyundai,11,1
2010,100000.0,180000.0,Petrol,Individual,Manual,Second Owner,5.0,19.0,998.0,67.1,Maruti,16,2
2016,395000.0,50000.0,Petrol,Individual,Manual,First Owner,5.0,23.1,998.0,67.04,Maruti,10,1
2014,195000.0,65000.0,Petrol,Individual,Manual,Second Owner,5.0,21.1,814.0,55.2,Hyundai,12,2
2011,45000.0,10000.0,Petrol,Individual,Manual,Third Owner,4.0,26.0,624.0,35.0,Tata,15,3
2009,270000.0,70000.0,Diesel,Individual,Manual,Second Owner,8.0,13.6,2523.0,63.0,Mahindra,17,2
2014,600000.0,90000.0,Diesel,Individual,Manual,Second Owner,9.0,13.58,2499.0,72.4,Chevrolet,12,2
2015,715000.0,50000.0,Diesel,Individual,Manual,First Owner,5.0,22.54,1396.0,88.73,Hyundai,11,1
2019,600000.0,10000.0,Petrol,Individual,Manual,First Owner,5.0,18.6,1197.0,81.86,Hyundai,7,1
2019,875000.0,25000.0,Diesel,Individual,Manual,First Owner,7.0,18.49,1493.0,100.0,Mahindra,7,1
2011,420000.0,100000.0,Diesel,Individual,Manual,Second Owner,5.0,13.5,2179.0,115.0,Mahindra,15,2
2007,325000.0,70000.0,Petrol,Individual,Automatic,Second Owner,5.0,10.1,2354.0,152.0,Honda,19,2
2017,385000.0,30000.0,Petrol,Individual,Manual,First Owner,5.0,20.63,1198.0,67.06,Datsun,9,1
2016,300000.0,40000.0,Petrol,Individual,Manual,First Owner,6.0,18.15,1198.0,82.0,Mahindra,10,1
2012,335000.0,135000.0,Diesel,Individual,Manual,First Owner,5.0,21.9,1396.0,88.76,Hyundai,14,1
2014,300000.0,35000.0,Petrol,Individual,Manual,First Owner,5.0,23.1,998.0,67.04,Maruti,12,1
2004,80000.0,120000.0,Petrol,Individual,Manual,Second Owner,5.0,13.2,1495.0,94.0,Hyundai,22,2
2012,400000.0,120000.0,Diesel,Individual,Manual,First Owner,7.0,15.96,2523.0,62.1,Mahindra,14,1
2012,168000.0,190000.0,Diesel,Individual,Manual,Second Owner,5.0,19.09,1396.0,69.0,Tata,14,2
2016,550000.0,120000.0,Diesel,Individual,Manual,First Owner,9.0,15.96,2523.0,62.1,Mahindra,10,1
2012,300000.0,120000.0,Diesel,Individual,Manual,Second Owner,5.0,19.3,1248.0,82.0,Toyota,14,2
2011,320000.0,175000.0,Diesel,Individual,Manual,Third Owner,7.0,13.6,2523.0,63.0,Mahindra,15,3
2011,320000.0,175000.0,Diesel,Individual,Manual,Third Owner,9.0,15.96,2523.0,63.0,Mahindra,15,3
2011,350000.0,25000.0,Petrol,Individual,Manual,Second Owner,5.0,16.95,1498.0,97.7,Nissan,15,2
2013,280000.0,80000.0,Diesel,Individual,Manual,First Owner,5.0,21.02,1248.0,88.76,Tata,13,1
2017,550000.0,70000.0,Diesel,Individual,Manual,Second Owner,5.0,24.4,1120.0,71.0,Hyundai,9,2
2018,500000.0,10000.0,Petrol,Individual,Manual,First Owner,5.0,20.14,1197.0,81.86,Hyundai,8,1
2019,700000.0,6000.0,Petrol,Individual,Manual,First Owner,5.0,19.0,1194.0,94.68,Ford,7,1
2013,380000.0,90000.0,Diesel,Individual,Manual,Second Owner,5.0,20.5,1598.0,103.5,Skoda,13,2
2012,340000.0,110000.0,Diesel,Individual,Manual,Second Owner,9.0,15.96,2523.0,63.0,Mahindra,14,2
2007,160000.0,120000.0,Diesel,Individual,Manual,Third Owner,9.0,13.6,2523.0,63.0,Mahindra,19,3
2014,750000.0,50000.0,Diesel,Individual,Manual,First Owner,7.0,12.99,2494.0,100.6,Toyota,12,1
2018,531000.0,20000.0,Petrol,Individual,Automatic,First Owner,5.0,18.9,1197.0,81.86,Hyundai,8,1
2017,300000.0,35000.0,Petrol,Individual,Manual,First Owner,5.0,23.01,999.0,67.0,Renault,9,1
2014,350000.0,60000.0,Diesel,Individual,Manual,Second Owner,5.0,20.14,1498.0,88.8,Volkswagen,12,2
2010,150000.0,68000.0,Petrol,Individual,Manual,Fourth & Above Owner,5.0,18.6,1199.0,79.4,Chevrolet,16,4
2015,450000.0,30000.0,Petrol,Individual,Manual,First Owner,5.0,20.4,1197.0,81.8,Maruti,11,1
2017,1625000.0,54000.0,Diesel,Individual,Manual,First Owner,7.0,16.0,2179.0,140.0,Mahindra,9,1
2006,140000.0,65000.0,Petrol,Individual,Manual,Third Owner,5.0,19.3,1248.0,82.0,Maruti,20,3
2004,250000.0,80000.0,Diesel,Individual,Manual,Third Owner,5.0,19.3,1248.0,82.0,Mahindra,22,3
2006,85000.0,120000.0,Diesel,Individual,Manual,Third Owner,5.0,16.8,1405.0,68.0,Tata,20,3
2018,450000.0,30000.0,Petrol,Individual,Manual,First Owner,5.0,18.9,1197.0,81.86,Hyundai,8,1
2011,170000.0,55113.0,Petrol,Individual,Manual,First Owner,5.0,19.3,1248.0,82.0,Maruti,15,1
2017,360000.0,50000.0,Diesel,Individual,Manual,First Owner,5.0,27.28,1047.0,69.0,Tata,9,1
2020,390000.0,6000.0,Petrol,Individual,Manual,First Owner,5.0,23.95,998.0,67.05,Maruti,6,1
2011,145000.0,50000.0,Petrol,Individual,Manual,Second Owner,7.0,15.37,1196.0,73.0,Maruti,15,2
2012,540000.0,90000.0,Diesel,Individual,Manual,Third Owner,8.0,12.05,2179.0,120.0,Mahindra,14,3
2008,290000.0,126000.0,Diesel,Individual,Manual,Third Owner,8.0,12.8,2494.0,102.0,Toyota,18,3
2013,300000.0,90000.0,Diesel,Individual,Manual,First Owner,5.0,25.0,1396.0,69.0,Tata,13,1
2017,565000.0,80000.0,Petrol,Individual,Manual,First Owner,5.0,18.16,1196.0,86.8,Ford,9,1
2011,441000.0,70000.0,Diesel,Individual,Manual,Second Owner,7.0,10.5,2609.0,120.0,Mahindra,15,2
2003,50000.0,80000.0,Petrol,Individual,Manual,Second Owner,5.0,19.3,1248.0,82.0,Hyundai,23,2
2011,180000.0,80000.0,Petrol,Individual,Manual,Second Owner,5.0,21.1,814.0,55.2,Hyundai,15,2
2013,200000.0,80000.0,Petrol,Individual,Manual,Second Owner,5.0,21.1,814.0,55.2,Hyundai,13,2
2005,85000.0,150000.0,Petrol,Individual,Manual,Second Owner,5.0,19.7,796.0,46.3,Maruti,21,2
2006,67500.0,110000.0,Diesel,Individual,Manual,Fourth & Above Owner,5.0,17.88,1396.0,52.8,Tata,20,4
2016,700000.0,110000.0,Diesel,Individual,Manual,Second Owner,5.0,24.3,1248.0,88.5,Maruti,10,2
2010,275000.0,80000.0,Diesel,Individual,Manual,Fourth & Above Owner,5.0,22.07,1199.0,73.9,Volkswagen,16,4
2019,600000.0,20000.0,Petrol,Individual,Manual,First Owner,5.0,18.9,1197.0,81.86,Hyundai,7,1
2011,250000.0,120000.0,Diesel,Individual,Manual,First Owner,8.0,13.0,2489.0,95.0,Mahindra,15,1
2016,600000.0,120000.0,Diesel,Individual,Manual,First Owner,9.0,15.96,2523.0,63.0,Mahindra,10,1
2010,200000.0,80000.0,Diesel,Individual,Manual,Second Owner,5.0,20.4,1248.0,91.2,Fiat,16,2
2015,425000.0,91500.0,Diesel,Individual,Manual,Second Owner,5.0,24.0,1120.0,70.0,Hyundai,11,2
2012,420000.0,120000.0,Diesel,Individual,Manual,Second Owner,5.0,19.3,1248.0,73.9,Maruti,14,2
2012,321000.0,100000.0,Diesel,Individual,Manual,Second Owner,5.0,23.0,1396.0,90.0,Hyundai,14,2
2012,350000.0,120000.0,Diesel,Individual,Manual,Fourth & Above Owner,8.0,14.0,2498.0,112.0,Mahindra,14,4
2017,490000.0,80000.0,Petrol,Individual,Manual,First Owner,5.0,17.8,1198.0,86.7,Honda,9,1
2015,680000.0,90000.0,Diesel,Individual,Manual,First Owner,7.0,15.4,2523.0,75.0,Mahindra,11,1
2016,298000.0,70000.0,Petrol,Individual,Manual,First Owner,5.0,23.95,998.0,67.05,Maruti,10,1
1999,80000.0,110000.0,Petrol,Individual,Manual,Second Owner,5.0,19.3,1248.0,82.0,Hyundai,27,2
2011,450000.0,150000.0,Diesel,Individual,Manual,Fourth & Above Owner,5.0,13.5,2179.0,115.0,Mahindra,15,4
2010,400000.0,60000.0,Petrol,Individual,Automatic,Second Owner,5.0,19.3,1248.0,82.0,Skoda,16,2
2012,250000.0,40000.0,Diesel,Individual,Manual,First Owner,5.0,22.3,1248.0,74.0,Tata,14,1
2013,1075000.0,110000.0,Diesel,Individual,Automatic,Third Owner,7.0,12.8,2953.0,156.0,Ford,13,3
2017,500000.0,20000.0,Petrol,Individual,Manual,First Owner,5.0,18.9,1197.0,82.0,Hyundai,9,1
2019,681000.0,10000.0,Petrol,Individual,Manual,First Owner,5.0,19.0,1194.0,94.68,Ford,7,1
2014,650000.0,90000.0,Diesel,Individual,Manual,Second Owner,7.0,15.1,2179.0,140.0,Mahindra,12,2
2008,80000.0,70000.0,Petrol,Individual,Manual,Second Owner,5.0,15.26,1150.0,74.9,Chevrolet,18,2
2009,290000.0,120000.0,Diesel,Individual,Manual,First Owner,7.0,13.6,2523.0,63.0,Mahindra,17,1
2006,220000.0,120000.0,Diesel,Individual,Manual,Second Owner,8.0,10.5,2179.0,120.0,Mahindra,20,2
2009,120000.0,90000.0,Petrol,Individual,Manual,Second Owner,5.0,0.0,1086.0,62.0,Hyundai,17,2
2017,229999.0,80000.0,Petrol,Individual,Manual,First Owner,5.0,22.7,799.0,53.0,Datsun,9,1
2003,150000.0,132478.0,Diesel,Individual,Manual,Second Owner,7.0,13.6,2523.0,63.0,Mahindra,23,2
2014,500000.0,45000.0,Petrol,Individual,Manual,First Owner,5.0,19.1,1197.0,85.8,Maruti,12,1
2013,175000.0,120000.0,Diesel,Individual,Manual,First Owner,5.0,19.09,1396.0,69.0,Tata,13,1
2019,720000.0,10000.0,Petrol,Individual,Manual,First Owner,5.0,19.0,1194.0,94.68,Ford,7,1
2012,100000.0,51000.0,Petrol,Individual,Manual,First Owner,4.0,16.1,796.0,37.0,Maruti,14,1
2009,250000.0,105000.0,Petrol,Individual,Automatic,Second Owner,5.0,12.9,1799.0,130.0,Honda,17,2
2014,810000.0,100000.0,Diesel,Individual,Manual,First Owner,7.0,15.1,2179.0,140.0,Mahindra,12,1
2010,165000.0,30000.0,Petrol,Individual,Manual,Third Owner,5.0,19.7,796.0,46.3,Maruti,16,3
2016,409999.0,60000.0,Diesel,Individual,Manual,Second Owner,10.0,12.2,1994.0,105.3,Chevrolet,10,2
2013,430000.0,86000.0,Diesel,Individual,Manual,Second Owner,5.0,22.9,1248.0,74.0,Maruti,13,2
2015,300000.0,15000.0,Petrol,Individual,Manual,First Owner,7.0,20.62,1198.0,67.0,Datsun,11,1
2011,350000.0,137500.0,Diesel,Individual,Manual,Third Owner,5.0,19.3,1248.0,73.9,Maruti,15,3
2018,400000.0,60000.0,Petrol,Individual,Manual,First Owner,5.0,23.01,999.0,67.0,Renault,8,1
2016,420000.0,70000.0,Diesel,Individual,Manual,First Owner,7.0,18.2,1248.0,73.74,Chevrolet,10,1
2015,430000.0,5000.0,Petrol,Individual,Manual,First Owner,5.0,20.51,998.0,67.04,Maruti,11,1
2017,573000.0,30000.0,Petrol,Individual,Manual,First Owner,5.0,20.4,1197.0,81.8,Maruti,9,1
2015,210000.0,40000.0,Petrol,Individual,Manual,First Owner,5.0,21.1,814.0,55.2,Hyundai,11,1
2015,600000.0,60000.0,Diesel,Individual,Manual,First Owner,5.0,19.01,1461.0,108.45,Renault,11,1
2008,150000.0,70000.0,Petrol,Individual,Manual,Third Owner,5.0,17.7,1497.0,78.0,Honda,18,3
2019,550000.0,15000.0,Petrol,Individual,Manual,First Owner,5.0,20.3,1199.0,84.0,Tata,7,1
2011,320000.0,110000.0,Diesel,Individual,Manual,Second Owner,5.0,19.3,1248.0,73.9,Maruti,15,2
2000,80000.0,70000.0,Petrol,Individual,Manual,Fourth & Above Owner,4.0,16.1,796.0,37.0,Maruti,26,4
2019,800000.0,10000.0,Diesel,Individual,Manual,First Owner,5.0,27.4,1498.0,98.63,Honda,7,1
2013,500000.0,60000.0,Petrol,Individual,Manual,First Owner,7.0,16.02,1373.0,93.7,Maruti,13,1
2011,229999.0,110000.0,Diesel,Individual,Manual,Second Owner,5.0,18.8,1248.0,90.0,Tata,15,2
2013,500000.0,60000.0,Petrol,Individual,Manual,First Owner,7.0,16.02,1373.0,93.7,Maruti,13,1
2015,630000.0,35000.0,Petrol,Individual,Manual,First Owner,5.0,18.6,1197.0,81.83,Hyundai,11,1
2016,190000.0,70000.0,Petrol,Individual,Manual,Second Owner,8.0,16.8,796.0,34.2,Maruti,10,2
2011,229999.0,110000.0,Diesel,Individual,Manual,Second Owner,5.0,18.8,1248.0,90.0,Tata,15,2
2011,450000.0,100000.0,Diesel,Individual,Manual,Second Owner,7.0,13.6,2523.0,63.0,Mahindra,15,2
2008,95000.0,120000.0,Petrol,Individual,Manual,First Owner,5.0,19.7,796.0,46.3,Maruti,18,1
2009,101000.0,90000.0,Petrol,Individual,Manual,Fourth & Above Owner,8.0,19.7,796.0,35.0,Maruti,17,4
2016,500000.0,70000.0,Diesel,Individual,Manual,Second Owner,5.0,25.8,1498.0,98.6,Honda,10,2
2014,1019999.0,88000.0,Diesel,Individual,Manual,Second Owner,7.0,12.99,2494.0,100.6,Toyota,12,2
2012,244000.0,38000.0,Petrol,Individual,Manual,First Owner,5.0,21.1,814.0,55.2,Hyundai,14,1
2013,250000.0,90000.0,Petrol,Individual,Manual,Second Owner,5.0,20.51,998.0,67.04,Maruti,13,2
2016,660000.0,60000.0,Petrol,Individual,Manual,First Owner,5.0,21.4,1197.0,83.1,Maruti,10,1
2010,270000.0,60000.0,Petrol,Individual,Manual,First Owner,5.0,18.5,1197.0,80.0,Hyundai,16,1
2012,280000.0,156060.0,Diesel,Individual,Manual,First Owner,5.0,23.2,1248.0,73.94,Maruti,14,1
2017,1050000.0,60000.0,Diesel,Individual,Manual,First Owner,5.0,19.67,1582.0,126.2,Hyundai,9,1
2017,525000.0,70000.0,Petrol,Individual,Manual,First Owner,5.0,20.85,1197.0,83.14,Maruti,9,1
2017,850000.0,35000.0,Diesel,Individual,Manual,First Owner,5.0,23.9,1582.0,126.2,Hyundai,9,1
2016,1165000.0,50000.0,Diesel,Individual,Manual,First Owner,7.0,16.0,1997.0,140.0,Mahindra,10,1
2012,345000.0,50000.0,Petrol,Individual,Manual,Second Owner,5.0,18.6,1197.0,85.8,Maruti,14,2
2007,95000.0,100000.0,Petrol,Individual,Manual,Second Owner,5.0,17.8,1086.0,63.0,Hyundai,19,2
2015,241000.0,15000.0,Petrol,Individual,Manual,First Owner,5.0,22.74,796.0,47.3,Maruti,11,1
2015,235000.0,20000.0,Petrol,Individual,Manual,First Owner,5.0,22.74,796.0,47.3,Maruti,11,1
2015,615000.0,80000.0,Diesel,Individual,Manual,First Owner,5.0,22.77,1498.0,98.59,Ford,11,1
2014,350000.0,110000.0,Diesel,Individual,Manual,Second Owner,5.0,20.8,1461.0,64.1,Mahindra,12,2
2014,350000.0,35000.0,Petrol,Individual,Manual,First Owner,5.0,20.51,998.0,67.04,Maruti,12,1
2014,380000.0,35000.0,Petrol,Individual,Manual,First Owner,5.0,20.51,998.0,67.04,Maruti,12,1
2017,400000.0,140000.0,Diesel,Individual,Manual,First Owner,7.0,14.07,2956.0,69.01,Tata,9,1
2010,220000.0,40000.0,Petrol,Individual,Manual,First Owner,5.0,19.0,998.0,67.1,Maruti,16,1
2008,270000.0,110000.0,Diesel,Individual,Manual,Third Owner,7.0,14.4,2179.0,120.0,Tata,18,3
2012,275000.0,70000.0,Petrol,Individual,Manual,Second Owner,5.0,18.5,1197.0,85.8,Maruti,14,2
2009,125000.0,100000.0,Diesel,Individual,Manual,Second Owner,5.0,17.0,1405.0,71.0,Tata,17,2
2015,360000.0,20000.0,Petrol,Individual,Manual,First Owner,5.0,19.81,1086.0,68.05,Hyundai,11,1
2019,550000.0,15000.0,Petrol,Individual,Manual,First Owner,5.0,18.9,1197.0,81.86,Hyundai,7,1
2011,200000.0,70000.0,Petrol,Individual,Manual,Second Owner,5.0,16.6,1388.0,68.0,Ford,15,2
2016,327000.0,20000.0,Petrol,Individual,Manual,First Owner,6.0,18.15,1198.0,82.0,Mahindra,10,1
2016,425000.0,15000.0,Petrol,Individual,Manual,First Owner,5.0,19.81,1086.0,68.05,Hyundai,10,1
2017,620000.0,107000.0,Diesel,Individual,Manual,First Owner,5.0,28.4,1248.0,74.02,Maruti,9,1
2011,130000.0,54000.0,Diesel,Individual,Manual,Second Owner,5.0,18.4,1248.0,75.0,Tata,15,2
2009,120000.0,58000.0,Petrol,Individual,Manual,First Owner,5.0,19.7,796.0,46.3,Maruti,17,1
2011,400000.0,110000.0,Diesel,Individual,Manual,Second Owner,8.0,12.05,2179.0,120.0,Mahindra,15,2
2007,185000.0,90000.0,Diesel,Individual,Manual,Fourth & Above Owner,5.0,16.8,1493.0,110.0,Hyundai,19,4
2015,204999.0,43000.0,Petrol,Individual,Manual,Second Owner,5.0,20.3,998.0,68.05,Hyundai,11,2
2017,625000.0,43000.0,Diesel,Individual,Manual,First Owner,5.0,28.4,1248.0,74.02,Maruti,9,1
2013,600000.0,60000.0,Diesel,Individual,Manual,First Owner,7.0,20.77,1248.0,88.8,Maruti,13,1
2011,150000.0,150000.0,Petrol,Individual,Manual,First Owner,5.0,12.8,1396.0,85.0,Tata,15,1
2017,300000.0,35000.0,Petrol,Individual,Manual,First Owner,5.0,23.01,999.0,67.0,Renault,9,1
2013,229999.0,46000.0,Petrol,Individual,Manual,First Owner,5.0,18.2,1199.0,84.8,Chevrolet,13,1
2018,220000.0,10000.0,Petrol,Individual,Manual,First Owner,8.0,16.8,796.0,34.2,Maruti,8,1
2016,576000.0,35000.0,Petrol,Individual,Manual,First Owner,5.0,18.6,1197.0,81.83,Hyundai,10,1
2016,265000.0,50000.0,Petrol,Individual,Manual,First Owner,5.0,25.17,799.0,53.3,Renault,10,1
2005,50000.0,60000.0,Petrol,Individual,Manual,Third Owner,5.0,19.3,1248.0,82.0,Maruti,21,3
2011,300000.0,80000.0,Diesel,Individual,Manual,First Owner,5.0,22.32,1582.0,126.32,Hyundai,15,1
2017,420000.0,110000.0,Diesel,Individual,Manual,First Owner,5.0,24.7,1047.0,69.0,Tata,9,1
2015,750000.0,14000.0,Diesel,Individual,Manual,First Owner,7.0,20.77,1248.0,88.76,Maruti,11,1
2012,165000.0,60000.0,CNG,Individual,Manual,Second Owner,5.0,30.46,796.0,47.3,Maruti,14,2
2017,290000.0,28000.0,Petrol,Individual,Manual,First Owner,5.0,25.17,799.0,53.3,Renault,9,1
2011,160000.0,57000.0,Petrol,Individual,Manual,First Owner,5.0,21.1,814.0,55.2,Hyundai,15,1
2017,695000.0,50000.0,Diesel,Individual,Manual,First Owner,5.0,26.59,1248.0,74.0,Maruti,9,1
2012,231000.0,70000.0,LPG,Individual,Manual,First Owner,5.0,26.2,998.0,58.2,Maruti,14,1
2015,1050000.0,60000.0,Diesel,Individual,Manual,First Owner,5.0,21.43,1364.0,87.2,Toyota,11,1
2013,400000.0,70000.0,Petrol,Individual,Manual,First Owner,5.0,18.5,1197.0,82.85,Hyundai,13,1
2016,500000.0,40000.0,Petrol,Individual,Manual,First Owner,5.0,18.6,1197.0,81.83,Hyundai,10,1
2010,150000.0,120000.0,Diesel,Individual,Manual,Second Owner,5.0,21.12,1248.0,88.8,Tata,16,2
2016,400000.0,140000.0,Diesel,Individual,Manual,Second Owner,7.0,14.02,2179.0,118.3,Mahindra,10,2
2010,120000.0,100000.0,Diesel,Individual,Manual,Second Owner,5.0,17.0,1405.0,70.0,Tata,16,2
2014,480000.0,120000.0,Diesel,Individual,Manual,Second Owner,7.0,14.02,2179.0,118.3,Mahindra,12,2
2013,200000.0,120000.0,Diesel,Individual,Manual,Second Owner,5.0,19.09,1405.0,69.01,Tata,13,2
2012,300000.0,64000.0,Diesel,Individual,Manual,Second Owner,5.0,17.8,1399.0,67.0,Ford,14,2
2015,350000.0,25000.0,Petrol,Individual,Manual,First Owner,5.0,23.1,998.0,67.04,Maruti,11,1
2019,580000.0,12000.0,Petrol,Individual,Manual,First Owner,7.0,20.0,999.0,72.0,Renault,7,1
2012,200000.0,70000.0,Diesel,Individual,Manual,Second Owner,5.0,25.44,936.0,57.6,Chevrolet,14,2
2016,750000.0,120000.0,Diesel,Individual,Manual,First Owner,5.0,11.0,2179.0,120.0,Mahindra,10,1
2016,261000.0,90000.0,Petrol,Individual,Manual,First Owner,5.0,25.17,799.0,53.3,Renault,10,1
2015,371000.0,40000.0,Petrol,Individual,Manual,First Owner,5.0,18.2,1199.0,82.4,Chevrolet,11,1
2010,320000.0,225000.0,Diesel,Individual,Manual,Third Owner,7.0,13.6,2523.0,63.0,Mahindra,16,3
2012,204999.0,120000.0,Diesel,Individual,Manual,Second Owner,5.0,19.09,1396.0,69.0,Tata,14,2
2003,110000.0,90000.0,Petrol,Individual,Manual,Second Owner,5.0,13.2,1495.0,94.0,Hyundai,23,2
2009,150000.0,100000.0,Diesel,Individual,Manual,Fourth & Above Owner,5.0,17.7,1399.0,68.0,Ford,17,4
2016,625000.0,90000.0,Diesel,Individual,Manual,Second Owner,7.0,15.96,2523.0,62.1,Mahindra,10,2
2017,1300000.0,50000.0,Diesel,Individual,Manual,Second Owner,7.0,15.4,1997.0,120.0,Mahindra,9,2
2015,900000.0,168000.0,Diesel,Individual,Manual,First Owner,5.0,20.6,1968.0,141.0,Skoda,11,1
2010,180000.0,110000.0,Diesel,Individual,Manual,Second Owner,5.0,20.0,1399.0,68.0,Ford,16,2
2010,421000.0,120000.0,Diesel,Individual,Manual,Second Owner,7.0,13.6,2523.0,63.0,Mahindra,16,2
2012,204999.0,120000.0,Diesel,Individual,Manual,Second Owner,5.0,19.09,1396.0,69.0,Tata,14,2
2017,900000.0,40000.0,Diesel,Individual,Manual,First Owner,5.0,25.5,1498.0,98.6,Honda,9,1
2006,165000.0,110000.0,Petrol,Individual,Manual,Second Owner,5.0,17.7,1497.0,78.0,Honda,20,2
2010,270000.0,100000.0,Diesel,Individual,Manual,Fourth & Above Owner,5.0,21.9,1396.0,90.0,Hyundai,16,4
2017,750000.0,40000.0,Diesel,Individual,Manual,First Owner,5.0,24.3,1248.0,88.5,Maruti,9,1
2019,750000.0,30000.0,Petrol,Individual,Manual,First Owner,5.0,18.6,1197.0,81.86,Hyundai,7,1
2002,40000.0,80000.0,Petrol,Individual,Manual,Third Owner,4.0,16.1,796.0,37.0,Maruti,24,3
2011,190000.0,90000.0,Diesel,Individual,Manual,Second Owner,5.0,20.0,1399.0,68.0,Ford,15,2
2009,395000.0,200000.0,Diesel,Individual,Manual,Third Owner,7.0,12.8,2494.0,102.0,Toyota,17,3
2010,800000.0,125000.0,Diesel,Individual,Manual,Second Owner,7.0,11.5,2982.0,171.0,Toyota,16,2
2011,315000.0,80000.0,Petrol,Individual,Manual,First Owner,5.0,17.0,1197.0,80.0,Hyundai,15,1
2014,1600000.0,44000.0,Diesel,Individual,Automatic,Second Owner,5.0,16.55,1968.0,147.51,Audi,12,2
2013,409999.0,90000.0,Diesel,Individual,Manual,First Owner,5.0,23.59,1364.0,67.04,Toyota,13,1
2018,580000.0,32000.0,Petrol,Individual,Manual,First Owner,5.0,18.9,1197.0,81.86,Hyundai,8,1
2013,340000.0,70000.0,Petrol,Individual,Manual,First Owner,5.0,18.5,1197.0,82.85,Hyundai,13,1
2015,270000.0,43000.0,Petrol,Individual,Manual,First Owner,5.0,21.1,814.0,55.2,Hyundai,11,1
2017,280000.0,80000.0,Diesel,Individual,Manual,First Owner,5.0,22.95,1248.0,74.0,Tata,9,1
2012,130000.0,60000.0,Diesel,Individual,Manual,First Owner,5.0,22.3,1248.0,74.0,Tata,14,1
2014,260000.0,18945.0,Petrol,Individual,Manual,First Owner,5.0,21.1,814.0,55.2,Hyundai,12,1
2018,710000.0,70000.0,Diesel,Individual,Manual,First Owner,5.0,24.0,1186.0,73.97,Hyundai,8,1
2013,204999.0,100000.0,Petrol,Individual,Manual,Third Owner,7.0,15.1,1196.0,73.0,Maruti,13,3
2017,300000.0,60000.0,Petrol,Individual,Manual,First Owner,7.0,20.62,1198.0,67.0,Datsun,9,1
2009,180000.0,144000.0,Diesel,Individual,Manual,Second Owner,5.0,19.3,1248.0,73.9,Maruti,17,2
2016,700000.0,120000.0,Diesel,Individual,Manual,First Owner,7.0,18.49,1493.0,100.0,Mahindra,10,1
2012,320000.0,107825.0,Diesel,Individual,Manual,Second Owner,5.0,21.9,1396.0,90.0,Hyundai,14,2
2020,370000.0,15000.0,Petrol,Individual,Manual,First Owner,5.0,22.05,796.0,47.3,Maruti,6,1
2018,340000.0,10000.0,Petrol,Individual,Manual,First Owner,5.0,25.17,799.0,53.3,Renault,8,1
2019,1040000.0,1620.0,Petrol,Individual,Manual,First Owner,6.0,19.01,1462.0,103.2,Maruti,7,1
2018,750000.0,30000.0,Diesel,Individual,Manual,First Owner,5.0,21.19,1396.0,88.76,Hyundai,8,1
2018,600000.0,70000.0,Diesel,Individual,Manual,First Owner,9.0,18.49,2179.0,120.0,Mahindra,8,1
2016,550000.0,70000.0,Diesel,Individual,Manual,First Owner,9.0,15.96,2523.0,63.0,Mahindra,10,1
2013,600000.0,95000.0,Diesel,Individual,Manual,Second Owner,7.0,12.99,2494.0,100.57,Toyota,13,2
2017,550000.0,50000.0,Diesel,Individual,Manual,First Owner,5.0,24.7,1047.0,69.0,Tata,9,1
2015,750000.0,160000.0,Diesel,Individual,Manual,First Owner,5.0,25.1,1498.0,98.6,Honda,11,1
2019,450000.0,10000.0,Petrol,Individual,Manual,First Owner,5.0,20.3,1086.0,68.0,Hyundai,7,1
2012,400000.0,100000.0,Diesel,Individual,Manual,Third Owner,7.0,20.77,1248.0,88.76,Maruti,14,3
2016,520000.0,50000.0,Diesel,Individual,Manual,Second Owner,5.0,25.2,1248.0,74.0,Maruti,10,2
2013,199000.0,60000.0,Petrol,Individual,Manual,Second Owner,5.0,20.2,998.0,67.1,Maruti,13,2
2012,150000.0,110000.0,Diesel,Individual,Manual,First Owner,5.0,25.44,936.0,57.6,Chevrolet,14,1
2016,540000.0,80000.0,Diesel,Individual,Manual,Third Owner,5.0,21.19,1396.0,88.73,Hyundai,10,3
2011,250000.0,85000.0,Diesel,Individual,Manual,Second Owner,5.0,21.5,1248.0,88.8,Maruti,15,2
2010,200000.0,90000.0,Petrol,Individual,Manual,Second Owner,5.0,18.9,1061.0,67.0,Maruti,16,2
2011,130000.0,90000.0,Diesel,Individual,Manual,Second Owner,5.0,25.0,1396.0,69.0,Tata,15,2
2007,90000.0,90000.0,Petrol,Individual,Manual,First Owner,4.0,16.1,796.0,37.0,Maruti,19,1
2012,450000.0,120000.0,Diesel,Individual,Manual,Second Owner,5.0,22.32,1582.0,126.32,Hyundai,14,2
2009,280000.0,120000.0,Diesel,Individual,Manual,First Owner,5.0,18.1,1493.0,110.0,Hyundai,17,1
2007,280000.0,160000.0,Diesel,Individual,Manual,Second Owner,7.0,13.93,2956.0,138.1,Tata,19,2
2006,120000.0,141000.0,Petrol,Individual,Manual,Second Owner,5.0,17.3,993.0,60.0,Maruti,20,2
2008,290000.0,100000.0,Diesel,Individual,Manual,Second Owner,5.0,17.8,1248.0,75.0,Maruti,18,2
2019,1000000.0,15000.0,Diesel,Individual,Manual,First Owner,5.0,22.1,1396.0,88.7,Hyundai,7,1
2012,415000.0,108000.0,Diesel,Individual,Manual,First Owner,5.0,19.3,1248.0,73.9,Maruti,14,1
2012,415000.0,108000.0,Diesel,Individual,Manual,First Owner,5.0,23.4,1248.0,74.0,Maruti,14,1
2015,240000.0,55000.0,Diesel,Individual,Manual,First Owner,5.0,25.44,936.0,56.3,Chevrolet,11,1
2010,250000.0,37944.0,Diesel,Individual,Manual,First Owner,5.0,18.4,1248.0,75.0,Tata,16,1
2011,175000.0,90400.0,Diesel,Individual,Manual,First Owner,5.0,20.0,1399.0,68.0,Ford,15,1
2008,220000.0,85000.0,Diesel,Individual,Manual,Second Owner,5.0,16.8,1493.0,110.0,Hyundai,18,2
2003,85000.0,120000.0,Diesel,Individual,Manual,Third Owner,5.0,20.8,1527.0,58.0,Maruti,23,3
2019,675000.0,5000.0,Petrol,Individual,Manual,First Owner,5.0,21.21,1197.0,81.8,Maruti,7,1
2016,535000.0,50000.0,Diesel,Individual,Manual,First Owner,5.0,19.87,1461.0,83.8,Renault,10,1
2019,675000.0,5000.0,Petrol,Individual,Manual,First Owner,7.0,20.0,999.0,72.0,Renault,7,1
2016,800000.0,90000.0,Diesel,Individual,Manual,First Owner,5.0,24.3,1248.0,88.5,Maruti,10,1
2012,425000.0,96000.0,Diesel,Individual,Manual,Second Owner,7.0,20.77,1248.0,88.8,Maruti,14,2
2011,150000.0,80000.0,Petrol,Individual,Manual,Third Owner,5.0,15.37,1196.0,73.0,Maruti,15,3
2007,90000.0,60000.0,Petrol,Individual,Manual,Second Owner,5.0,18.2,1061.0,64.0,Maruti,19,2
2015,850000.0,90000.0,Diesel,Individual,Manual,First Owner,7.0,15.1,2179.0,140.0,Mahindra,11,1
2008,330000.0,193623.0,Diesel,Individual,Manual,Second Owner,8.0,12.8,2494.0,102.0,Toyota,18,2
2017,850000.0,63186.0,Diesel,Individual,Manual,First Owner,5.0,22.54,1396.0,88.73,Hyundai,9,1
2008,305000.0,219000.0,Diesel,Individual,Manual,Second Owner,7.0,13.6,2523.0,63.0,Mahindra,18,2
2013,910000.0,110000.0,Diesel,Individual,Manual,Second Owner,7.0,12.99,2494.0,100.0,Toyota,13,2
2012,1100000.0,151000.0,Diesel,Individual,Manual,First Owner,8.0,12.8,2494.0,102.0,Toyota,14,1
2019,675000.0,5000.0,Petrol,Individual,Automatic,First Owner,5.0,21.4,1197.0,83.1,Maruti,7,1
2010,150000.0,91500.0,Petrol,Individual,Manual,First Owner,5.0,19.7,796.0,46.3,Maruti,16,1
2015,550000.0,23000.0,Diesel,Individual,Manual,First Owner,5.0,25.2,1248.0,74.0,Maruti,11,1
2012,350000.0,40000.0,Diesel,Individual,Manual,First Owner,5.0,20.54,1598.0,103.6,Volkswagen,14,1
2012,300000.0,70000.0,Diesel,Individual,Manual,First Owner,5.0,23.2,1248.0,73.94,Maruti,14,1
2018,1745000.0,10000.0,Diesel,Individual,Automatic,First Owner,7.0,11.36,2755.0,171.5,Toyota,8,1
2014,611000.0,90000.0,Diesel,Individual,Manual,Second Owner,7.0,14.0,2523.0,75.0,Mahindra,12,2
2016,400000.0,68000.0,Petrol,Individual,Manual,First Owner,5.0,19.4,1198.0,86.8,Honda,10,1
2013,700000.0,120000.0,Diesel,Individual,Manual,First Owner,5.0,22.7,1582.0,126.24,Hyundai,13,1
2013,300000.0,65000.0,Diesel,Individual,Manual,First Owner,5.0,22.1,1248.0,76.9,Chevrolet,13,1
2005,65000.0,85000.0,Petrol,Individual,Manual,First Owner,5.0,15.3,1341.0,83.0,Hyundai,21,1
2011,200000.0,94000.0,Petrol,Individual,Manual,Third Owner,5.0,18.9,998.0,67.1,Maruti,15,3
2015,650000.0,100000.0,Diesel,Individual,Manual,First Owner,5.0,22.54,1396.0,88.73,Hyundai,11,1
2015,650000.0,80000.0,Diesel,Individual,Manual,First Owner,5.0,22.54,1396.0,88.73,Hyundai,11,1
2013,350000.0,80000.0,Diesel,Individual,Manual,Third Owner,5.0,22.07,1199.0,73.9,Volkswagen,13,3
2011,75000.0,140500.0,Diesel,Individual,Manual,Third Owner,5.0,17.88,1396.0,52.8,Tata,15,3
2010,240000.0,143000.0,Petrol,Individual,Manual,First Owner,5.0,17.5,1298.0,85.8,Maruti,16,1
2013,240000.0,60000.0,Petrol,Individual,Manual,First Owner,5.0,20.92,998.0,67.1,Maruti,13,1
2011,180000.0,120000.0,Diesel,Individual,Manual,Second Owner,5.0,18.4,1248.0,75.0,Tata,15,2
2014,900000.0,80000.0,Diesel,Individual,Automatic,Second Owner,7.0,13.01,2199.0,194.3,Hyundai,12,2
2014,425000.0,63000.0,Diesel,Individual,Manual,Second Owner,7.0,18.06,2523.0,63.0,Mahindra,12,2
2009,95000.0,120000.0,Petrol,Individual,Manual,Third Owner,5.0,18.0,995.0,62.0,Chevrolet,17,3
2018,811000.0,100000.0,Diesel,Individual,Manual,First Owner,5.0,28.4,1248.0,74.02,Maruti,8,1
2018,1100000.0,60000.0,Petrol,Individual,Manual,First Owner,5.0,17.0,1591.0,121.3,Hyundai,8,1
2013,600000.0,90000.0,Diesel,Individual,Manual,First Owner,9.0,13.58,2499.0,72.4,Chevrolet,13,1
2014,550000.0,50000.0,Diesel,Individual,Manual,Second Owner,7.0,20.77,1248.0,88.76,Maruti,12,2
2015,715000.0,70000.0,Diesel,Individual,Manual,First Owner,7.0,15.4,2179.0,120.0,Mahindra,11,1
2010,300000.0,40000.0,Diesel,Individual,Manual,First Owner,5.0,19.3,1248.0,82.0,Mahindra,16,1
2006,100000.0,120000.0,Diesel,Individual,Manual,Third Owner,5.0,16.1,1405.0,70.0,Tata,20,3
2013,500000.0,195000.0,Diesel,Individual,Manual,First Owner,8.0,14.0,2523.0,75.0,Mahindra,13,1
2013,350000.0,40000.0,Petrol,Individual,Manual,First Owner,5.0,20.51,998.0,67.04,Maruti,13,1
2008,100000.0,40000.0,Diesel,Individual,Manual,First Owner,5.0,16.8,1405.0,62.0,Tata,18,1
2012,325000.0,120000.0,Diesel,Individual,Manual,First Owner,7.0,13.93,2179.0,138.03,Tata,14,1
2012,220000.0,225000.0,Petrol,Individual,Manual,Second Owner,5.0,18.9,998.0,67.1,Maruti,14,2
1999,55000.0,60000.0,Petrol,Individual,Manual,Second Owner,4.0,16.1,796.0,37.0,Maruti,27,2
2016,330000.0,20000.0,Petrol,Individual,Manual,First Owner,5.0,25.17,799.0,53.3,Renault,10,1
2014,480000.0,37000.0,Diesel,Individual,Manual,First Owner,7.0,15.96,2523.0,62.1,Mahindra,12,1
2018,950000.0,57000.0,Diesel,Individual,Manual,Second Owner,5.0,25.1,1248.0,88.5,Maruti,8,2
2011,300000.0,110000.0,Diesel,Individual,Manual,Second Owner,5.0,16.2,1493.0,110.0,Hyundai,15,2
2006,170000.0,110000.0,Petrol,Individual,Manual,Fourth & Above Owner,5.0,13.9,1599.0,103.2,Hyundai,20,4
2013,850000.0,120000.0,Diesel,Individual,Manual,Second Owner,8.0,12.99,2494.0,100.57,Toyota,13,2
2019,900000.0,8079.0,Diesel,Dealer,Manual,First Owner,5.0,24.7,1047.0,69.0,Tata,7,1
2015,1325000.0,114368.0,Diesel,Dealer,Manual,Second Owner,7.0,12.99,2494.0,100.6,Toyota,11,2
2012,350000.0,79990.0,Diesel,Dealer,Manual,Second Owner,5.0,17.8,1399.0,67.0,Ford,14,2
2012,425000.0,81632.0,Diesel,Dealer,Manual,First Owner,5.0,20.0,1399.0,68.0,Ford,14,1
2016,600000.0,155201.0,Diesel,Dealer,Manual,First Owner,5.0,26.1,1498.0,99.23,Ford,10,1
2014,750000.0,101504.0,Diesel,Dealer,Manual,First Owner,5.0,22.7,1498.0,89.84,Ford,12,1
2012,450000.0,90165.0,Diesel,Dealer,Manual,First Owner,5.0,17.8,1399.0,67.0,Ford,14,1
2010,325000.0,86017.0,Diesel,Dealer,Manual,Second Owner,5.0,25.5,1498.0,99.23,Ford,16,2
2013,900000.0,85036.0,Diesel,Dealer,Manual,Second Owner,7.0,15.1,2179.0,140.0,Mahindra,13,2
2013,350000.0,160254.0,Diesel,Dealer,Manual,Second Owner,5.0,19.3,1248.0,82.0,Fiat,13,2
2013,600000.0,125531.0,Diesel,Dealer,Manual,Second Owner,5.0,22.77,1498.0,98.59,Ford,13,2
2019,1100000.0,10000.0,Petrol,Individual,Manual,First Owner,5.0,17.0,1591.0,121.3,Hyundai,7,1
2017,520000.0,20000.0,Petrol,Individual,Manual,First Owner,5.0,23.84,1199.0,84.0,Tata,9,1
2015,885000.0,170000.0,Diesel,Individual,Manual,First Owner,7.0,15.4,2179.0,120.0,Mahindra,11,1
2018,950000.0,40000.0,Diesel,Individual,Automatic,First Owner,5.0,21.5,1497.0,108.5,Tata,8,1
2008,229999.0,120000.0,Petrol,Individual,Manual,Second Owner,5.0,17.0,1497.0,118.0,Honda,18,2
2013,409999.0,100000.0,Diesel,Individual,Manual,Third Owner,5.0,23.2,1248.0,73.94,Maruti,13,3
2011,300000.0,110000.0,Diesel,Individual,Manual,Third Owner,5.0,17.8,1399.0,68.0,Ford,15,3
2008,175000.0,120000.0,Diesel,Individual,Manual,Third Owner,5.0,16.8,1405.0,68.0,Tata,18,3
2000,108000.0,206000.0,Petrol,Individual,Manual,Fourth & Above Owner,5.0,19.7,796.0,46.3,Maruti,26,4
2017,425000.0,40000.0,Petrol,Individual,Manual,Second Owner,5.0,23.1,998.0,67.04,Maruti,9,2
2011,272000.0,170000.0,Diesel,Individual,Manual,Fourth & Above Owner,5.0,16.52,1991.0,123.7,Chevrolet,15,4
2013,310000.0,70000.0,Petrol,Individual,Manual,First Owner,5.0,19.81,1086.0,68.05,Hyundai,13,1
2017,1125000.0,105000.0,Diesel,Individual,Manual,First Owner,5.0,21.38,1396.0,88.7,Hyundai,9,1
2014,450000.0,46000.0,Petrol,Individual,Manual,Second Owner,5.0,19.1,1197.0,81.86,Hyundai,12,2
2011,388000.0,80000.0,Diesel,Individual,Manual,Second Owner,5.0,22.07,1199.0,73.9,Volkswagen,15,2
2011,400000.0,60000.0,Petrol,Individual,Manual,First Owner,5.0,16.2,1599.0,103.2,Hyundai,15,1
2015,760000.0,70000.0,Diesel,Individual,Manual,Third Owner,5.0,25.1,1498.0,98.6,Honda,11,3
2009,120000.0,90000.0,Petrol,Individual,Manual,First Owner,5.0,19.7,796.0,46.3,Maruti,17,1
2019,757000.0,25000.0,Diesel,Individual,Manual,First Owner,5.0,28.4,1248.0,74.02,Maruti,7,1
2015,270000.0,53000.0,Petrol,Individual,Manual,Second Owner,5.0,22.74,796.0,47.3,Maruti,11,2
2011,250000.0,90000.0,Diesel,Individual,Manual,Second Owner,7.0,13.55,2179.0,118.35,Tata,15,2
2011,800000.0,60000.0,Diesel,Individual,Manual,First Owner,7.0,12.8,2494.0,102.0,Toyota,15,1
2014,1380000.0,150000.0,Diesel,Individual,Manual,First Owner,7.0,13.0,2982.0,168.5,Toyota,12,1
2014,700000.0,24000.0,Diesel,Individual,Manual,First Owner,6.0,16.55,2498.0,105.0,Mahindra,12,1
2016,450000.0,100000.0,Diesel,Individual,Manual,Second Owner,7.0,24.2,1498.0,98.6,Honda,10,2
2018,650000.0,6000.0,Petrol,Individual,Manual,First Owner,6.0,18.15,1198.0,82.0,Mahindra,8,1
2013,950000.0,49700.0,Diesel,Individual,Manual,First Owner,7.0,15.1,2179.0,140.0,Mahindra,13,1
2007,626000.0,80000.0,Diesel,Individual,Manual,Second Owner,7.0,12.8,2494.0,102.0,Toyota,19,2
2000,200000.0,100000.0,Diesel,Individual,Manual,First Owner,5.0,19.3,1248.0,82.0,Toyota,26,1
2019,600000.0,10000.0,Petrol,Individual,Automatic,First Owner,5.0,21.21,1197.0,81.8,Maruti,7,1
2019,290000.0,21000.0,Petrol,Individual,Manual,First Owner,5.0,25.17,799.0,53.3,Renault,7,1
2013,215000.0,25000.0,Petrol,Individual,Manual,First Owner,5.0,20.92,998.0,67.1,Maruti,13,1
2016,250000.0,22000.0,Petrol,Individual,Manual,First Owner,5.0,25.17,799.0,53.3,Renault,10,1
2017,750000.0,50000.0,Diesel,Individual,Manual,First Owner,7.0,24.52,1248.0,88.5,Maruti,9,1
2016,250000.0,20000.0,Petrol,Individual,Manual,Second Owner,5.0,23.95,998.0,67.05,Maruti,10,2
2017,950000.0,15000.0,Petrol,Individual,Automatic,First Owner,7.0,15.4,1497.0,117.3,Honda,9,1
2018,793000.0,30000.0,Diesel,Individual,Manual,First Owner,5.0,25.83,1498.0,99.0,Ford,8,1
2015,750000.0,74000.0,Diesel,Individual,Manual,First Owner,5.0,19.67,1582.0,126.2,Hyundai,11,1
2017,725000.0,6550.0,Petrol,Individual,Automatic,First Owner,5.0,18.2,1199.0,88.7,Honda,9,1
2016,480000.0,30000.0,Diesel,Individual,Manual,First Owner,5.0,24.0,1120.0,70.0,Hyundai,10,1
2013,3750000.0,56000.0,Diesel,Dealer,Automatic,First Owner,4.0,11.2,2993.0,241.0,Bmw,13,1
2018,795000.0,41779.0,Petrol,Dealer,Manual,First Owner,5.0,21.21,1197.0,81.8,Maruti,8,1
2016,625000.0,54000.0,Petrol,Dealer,Manual,First Owner,5.0,18.7,1199.0,88.7,Honda,10,1
2016,2900000.0,31000.0,Diesel,Dealer,Automatic,First Owner,5.0,13.0,2143.0,204.0,Mercedes-Benz,10,1
2017,625000.0,37000.0,Diesel,Individual,Automatic,First Owner,5.0,26.8,1248.0,74.0,Maruti,9,1
2011,440000.0,90000.0,Diesel,Individual,Automatic,Second Owner,4.0,18.1,1991.0,147.9,Chevrolet,15,2
2018,1400000.0,13534.0,Petrol,Dealer,Manual,First Owner,5.0,14.28,1798.0,138.03,Toyota,8,1
2017,1450000.0,7000.0,Petrol,Dealer,Automatic,Second Owner,5.0,14.53,1794.0,138.1,Toyota,9,2
2017,2700000.0,23000.0,Diesel,Dealer,Automatic,First Owner,5.0,17.9,2143.0,136.0,Mercedes-Benz,9,1
2019,1925000.0,43000.0,Diesel,Dealer,Automatic,First Owner,8.0,11.36,2755.0,171.5,Toyota,7,1
2020,1900000.0,5000.0,Diesel,Dealer,Automatic,First Owner,5.0,17.8,1493.0,113.4,Kia,6,1
2017,844999.0,70000.0,Diesel,Dealer,Manual,First Owner,5.0,28.09,1248.0,88.5,Maruti,9,1
2016,650000.0,99000.0,Diesel,Dealer,Automatic,First Owner,5.0,21.66,1498.0,103.52,Skoda,10,1
2018,750000.0,15000.0,Petrol,Dealer,Manual,First Owner,5.0,22.0,1197.0,81.8,Maruti,8,1
2018,5200000.0,28156.0,Diesel,Dealer,Automatic,First Owner,4.0,17.09,2993.0,261.4,Bmw,8,1
2015,610000.0,30000.0,Petrol,Dealer,Manual,First Owner,5.0,18.7,1199.0,88.7,Honda,11,1
2018,2940000.0,100000.0,Diesel,Dealer,Automatic,First Owner,7.0,12.9,2755.0,174.5,Toyota,8,1
2017,1150000.0,63309.0,Diesel,Dealer,Manual,First Owner,5.0,19.67,1582.0,126.2,Hyundai,9,1
2016,1825000.0,94000.0,Diesel,Dealer,Automatic,First Owner,7.0,11.36,2755.0,171.5,Toyota,10,1
2018,890000.0,29000.0,Petrol,Dealer,Automatic,First Owner,5.0,17.4,1197.0,81.86,Hyundai,8,1
2017,2625000.0,9000.0,Diesel,Dealer,Automatic,First Owner,5.0,13.6,1999.0,177.0,Jaguar,9,1
2019,5150000.0,20000.0,Petrol,Dealer,Automatic,First Owner,5.0,22.37,2487.0,214.56,Lexus,7,1
2017,3200000.0,45000.0,Diesel,Dealer,Automatic,First Owner,5.0,19.33,1999.0,177.0,Jaguar,9,1
2015,503000.0,110000.0,Diesel,Individual,Manual,First Owner,7.0,14.1,2179.0,147.94,Tata,11,1
2019,3800000.0,20000.0,Diesel,Individual,Automatic,First Owner,5.0,18.0,1969.0,190.0,Volvo,7,1
2016,2000000.0,68089.0,Petrol,Trustmark Dealer,Automatic,First Owner,5.0,19.16,2494.0,157.7,Toyota,10,1
2013,225000.0,58343.0,Petrol,Trustmark Dealer,Manual,First Owner,5.0,21.79,998.0,67.05,Maruti,13,1
2018,740000.0,38817.0,Diesel,Dealer,Manual,First Owner,5.0,27.39,1248.0,74.0,Maruti,8,1
2016,550000.0,56494.0,Petrol,Trustmark Dealer,Manual,First Owner,5.0,18.2,1199.0,88.7,Honda,10,1
2013,750000.0,79328.0,Diesel,Trustmark Dealer,Manual,Second Owner,7.0,12.99,2494.0,100.6,Toyota,13,2
2019,650000.0,5621.0,Petrol,Trustmark Dealer,Automatic,First Owner,5.0,22.0,1197.0,81.8,Maruti,7,1
2017,625000.0,25538.0,Petrol,Trustmark Dealer,Manual,First Owner,5.0,16.78,1496.0,88.73,Toyota,9,1
2018,600000.0,69779.0,Petrol,Dealer,Automatic,First Owner,5.0,22.0,1197.0,81.8,Maruti,8,1
2017,450000.0,56290.0,Diesel,Dealer,Manual,First Owner,5.0,24.0,1186.0,73.97,Hyundai,9,1
2019,5200000.0,7500.0,Diesel,Dealer,Automatic,First Owner,5.0,16.78,1995.0,190.0,Bmw,7,1
2019,5200000.0,8500.0,Diesel,Dealer,Automatic,First Owner,5.0,16.78,1995.0,190.0,Bmw,7,1
2019,779000.0,7032.0,Petrol,Trustmark Dealer,Automatic,First Owner,5.0,19.0,1199.0,88.76,Honda,7,1
2016,645000.0,11000.0,Petrol,Dealer,Automatic,First Owner,5.0,14.3,1598.0,103.5,Skoda,10,1
2018,2475000.0,2000.0,Diesel,Dealer,Automatic,First Owner,5.0,16.8,1984.0,150.0,Volvo,8,1
2017,2625000.0,9000.0,Diesel,Dealer,Automatic,First Owner,5.0,13.6,1999.0,177.0,Jaguar,9,1
2019,5150000.0,20000.0,Petrol,Dealer,Automatic,First Owner,5.0,22.37,2487.0,214.56,Lexus,7,1
2017,3200000.0,45000.0,Diesel,Dealer,Automatic,First Owner,5.0,19.33,1999.0,177.0,Jaguar,9,1
2015,503000.0,110000.0,Diesel,Individual,Manual,First Owner,7.0,14.1,2179.0,147.94,Tata,11,1
2019,3800000.0,20000.0,Diesel,Individual,Automatic,First Owner,5.0,18.0,1969.0,190.0,Volvo,7,1
2016,2000000.0,68089.0,Petrol,Trustmark Dealer,Automatic,First Owner,5.0,19.16,2494.0,157.7,Toyota,10,1
2013,225000.0,58343.0,Petrol,Trustmark Dealer,Manual,First Owner,5.0,21.79,998.0,67.05,Maruti,13,1
2018,740000.0,38817.0,Diesel,Dealer,Manual,First Owner,5.0,27.39,1248.0,74.0,Maruti,8,1
2016,550000.0,56494.0,Petrol,Trustmark Dealer,Manual,First Owner,5.0,18.2,1199.0,88.7,Honda,10,1
2013,750000.0,79328.0,Diesel,Trustmark Dealer,Manual,Second Owner,7.0,12.99,2494.0,100.6,Toyota,13,2
2019,650000.0,5621.0,Petrol,Trustmark Dealer,Automatic,First Owner,5.0,22.0,1197.0,81.8,Maruti,7,1
2017,625000.0,25538.0,Petrol,Trustmark Dealer,Manual,First Owner,5.0,16.78,1496.0,88.73,Toyota,9,1
2018,600000.0,69779.0,Petrol,Dealer,Automatic,First Owner,5.0,22.0,1197.0,81.8,Maruti,8,1
2017,450000.0,56290.0,Diesel,Dealer,Manual,First Owner,5.0,24.0,1186.0,73.97,Hyundai,9,1
2019,5200000.0,7500.0,Diesel,Dealer,Automatic,First Owner,5.0,16.78,1995.0,190.0,Bmw,7,1
2019,5200000.0,8500.0,Diesel,Dealer,Automatic,First Owner,5.0,16.78,1995.0,190.0,Bmw,7,1
2019,779000.0,7032.0,Petrol,Trustmark Dealer,Automatic,First Owner,5.0,19.0,1199.0,88.76,Honda,7,1
2016,645000.0,11000.0,Petrol,Dealer,Automatic,First Owner,5.0,14.3,1598.0,103.5,Skoda,10,1
2018,2475000.0,2000.0,Diesel,Dealer,Automatic,First Owner,5.0,16.8,1984.0,150.0,Volvo,8,1
2017,2625000.0,9000.0,Diesel,Dealer,Automatic,First Owner,5.0,13.6,1999.0,177.0,Jaguar,9,1
2019,5150000.0,20000.0,Petrol,Dealer,Automatic,First Owner,5.0,22.37,2487.0,214.56,Lexus,7,1
2017,3200000.0,45000.0,Diesel,Dealer,Automatic,First Owner,5.0,19.33,1999.0,177.0,Jaguar,9,1
2015,503000.0,110000.0,Diesel,Individual,Manual,First Owner,7.0,14.1,2179.0,147.94,Tata,11,1
2019,3800000.0,20000.0,Diesel,Individual,Automatic,First Owner,5.0,18.0,1969.0,190.0,Volvo,7,1
2016,2000000.0,68089.0,Petrol,Trustmark Dealer,Automatic,First Owner,5.0,19.16,2494.0,157.7,Toyota,10,1
2013,225000.0,58343.0,Petrol,Trustmark Dealer,Manual,First Owner,5.0,21.79,998.0,67.05,Maruti,13,1
2018,740000.0,38817.0,Diesel,Dealer,Manual,First Owner,5.0,27.39,1248.0,74.0,Maruti,8,1
2016,550000.0,56494.0,Petrol,Trustmark Dealer,Manual,First Owner,5.0,18.2,1199.0,88.7,Honda,10,1
2013,750000.0,79328.0,Diesel,Trustmark Dealer,Manual,Second Owner,7.0,12.99,2494.0,100.6,Toyota,13,2
2019,650000.0,5621.0,Petrol,Trustmark Dealer,Automatic,First Owner,5.0,22.0,1197.0,81.8,Maruti,7,1
2017,625000.0,25538.0,Petrol,Trustmark Dealer,Manual,First Owner,5.0,16.78,1496.0,88.73,Toyota,9,1
2018,600000.0,69779.0,Petrol,Dealer,Automatic,First Owner,5.0,22.0,1197.0,81.8,Maruti,8,1
2017,450000.0,56290.0,Diesel,Dealer,Manual,First Owner,5.0,24.0,1186.0,73.97,Hyundai,9,1
2019,5200000.0,7500.0,Diesel,Dealer,Automatic,First Owner,5.0,16.78,1995.0,190.0,Bmw,7,1
2019,5200000.0,8500.0,Diesel,Dealer,Automatic,First Owner,5.0,16.78,1995.0,190.0,Bmw,7,1
2019,779000.0,7032.0,Petrol,Trustmark Dealer,Automatic,First Owner,5.0,19.0,1199.0,88.76,Honda,7,1
2016,645000.0,11000.0,Petrol,Dealer,Automatic,First Owner,5.0,14.3,1598.0,103.5,Skoda,10,1
2018,2475000.0,2000.0,Diesel,Dealer,Automatic,First Owner,5.0,16.8,1984.0,150.0,Volvo,8,1
2017,2625000.0,9000.0,Diesel,Dealer,Automatic,First Owner,5.0,13.6,1999.0,177.0,Jaguar,9,1
2019,5150000.0,20000.0,Petrol,Dealer,Automatic,First Owner,5.0,22.37,2487.0,214.56,Lexus,7,1
2017,3200000.0,45000.0,Diesel,Dealer,Automatic,First Owner,5.0,19.33,1999.0,177.0,Jaguar,9,1
2015,503000.0,110000.0,Diesel,Individual,Manual,First Owner,7.0,14.1,2179.0,147.94,Tata,11,1
2019,3800000.0,20000.0,Diesel,Individual,Automatic,First Owner,5.0,18.0,1969.0,190.0,Volvo,7,1
2016,2000000.0,68089.0,Petrol,Trustmark Dealer,Automatic,First Owner,5.0,19.16,2494.0,157.7,Toyota,10,1
2013,225000.0,58343.0,Petrol,Trustmark Dealer,Manual,First Owner,5.0,21.79,998.0,67.05,Maruti,13,1
2018,740000.0,38817.0,Diesel,Dealer,Manual,First Owner,5.0,27.39,1248.0,74.0,Maruti,8,1
2016,550000.0,56494.0,Petrol,Trustmark Dealer,Manual,First Owner,5.0,18.2,1199.0,88.7,Honda,10,1
2013,750000.0,79328.0,Diesel,Trustmark Dealer,Manual,Second Owner,7.0,12.99,2494.0,100.6,Toyota,13,2
2019,650000.0,5621.0,Petrol,Trustmark Dealer,Automatic,First Owner,5.0,22.0,1197.0,81.8,Maruti,7,1
2017,625000.0,25538.0,Petrol,Trustmark Dealer,Manual,First Owner,5.0,16.78,1496.0,88.73,Toyota,9,1
2018,600000.0,69779.0,Petrol,Dealer,Automatic,First Owner,5.0,22.0,1197.0,81.8,Maruti,8,1
2017,450000.0,56290.0,Diesel,Dealer,Manual,First Owner,5.0,24.0,1186.0,73.97,Hyundai,9,1
2019,5200000.0,7500.0,Diesel,Dealer,Automatic,First Owner,5.0,16.78,1995.0,190.0,Bmw,7,1
2019,5200000.0,8500.0,Diesel,Dealer,Automatic,First Owner,5.0,16.78,1995.0,190.0,Bmw,7,1
2019,779000.0,7032.0,Petrol,Trustmark Dealer,Automatic,First Owner,5.0,19.0,1199.0,88.76,Honda,7,1
2016,645000.0,11000.0,Petrol,Dealer,Automatic,First Owner,5.0,14.3,1598.0,103.5,Skoda,10,1
2018,2475000.0,2000.0,Diesel,Dealer,Automatic,First Owner,5.0,16.8,1984.0,150.0,Volvo,8,1
2017,385000.0,155000.0,Diesel,Individual,Manual,First Owner,5.0,25.0,1396.0,69.01,Tata,9,1
2016,400000.0,35000.0,Petrol,Individual,Automatic,First Owner,5.0,23.1,998.0,67.04,Maruti,10,1
2018,550000.0,50000.0,Diesel,Individual,Manual,First Owner,5.0,24.0,1186.0,73.97,Hyundai,8,1
2010,270000.0,185000.0,Diesel,Individual,Manual,First Owner,7.0,14.8,2499.0,80.0,Chevrolet,16,1
2013,200000.0,175000.0,Diesel,Individual,Manual,Second Owner,5.0,19.09,1396.0,69.0,Tata,13,2
2016,310000.0,11500.0,Petrol,Individual,Manual,First Owner,5.0,25.17,799.0,53.3,Renault,10,1
2019,700000.0,3000.0,Diesel,Individual,Manual,First Owner,5.0,25.4,1186.0,73.97,Hyundai,7,1
2015,480000.0,80000.0,Diesel,Individual,Manual,Second Owner,5.0,22.1,1248.0,74.0,Chevrolet,11,2
2005,90000.0,40000.0,Petrol,Individual,Manual,Second Owner,5.0,19.7,796.0,46.3,Maruti,21,2
2005,80000.0,40000.0,Petrol,Individual,Manual,Second Owner,5.0,19.7,796.0,46.3,Maruti,21,2
2015,350000.0,90000.0,Diesel,Individual,Manual,First Owner,5.0,23.2,1248.0,73.94,Maruti,11,1
2017,600000.0,100000.0,Diesel,Individual,Manual,First Owner,5.0,23.65,1248.0,88.5,Maruti,9,1
2011,350000.0,120000.0,Diesel,Individual,Manual,Third Owner,5.0,13.5,2179.0,115.0,Mahindra,15,3
2018,770000.0,50000.0,Diesel,Individual,Manual,First Owner,5.0,24.3,1248.0,88.5,Maruti,8,1
2012,350000.0,25000.0,Diesel,Individual,Manual,First Owner,5.0,21.03,1461.0,65.0,Mahindra,14,1
2011,600000.0,50000.0,Diesel,Individual,Manual,Third Owner,8.0,12.05,2179.0,120.0,Mahindra,15,3
2016,750000.0,71000.0,Diesel,Individual,Manual,First Owner,7.0,18.49,1493.0,100.0,Mahindra,10,1
2016,340000.0,40000.0,Petrol,Individual,Manual,First Owner,5.0,20.51,998.0,67.04,Maruti,10,1
2018,650000.0,31800.0,Petrol,Individual,Manual,First Owner,5.0,18.6,1197.0,81.86,Hyundai,8,1
2014,300000.0,65000.0,Petrol,Individual,Manual,First Owner,5.0,20.36,1197.0,78.9,Hyundai,12,1
2014,204999.0,15000.0,Petrol,Individual,Manual,Second Owner,5.0,22.74,796.0,47.3,Maruti,12,2
2012,254999.0,70000.0,Diesel,Individual,Manual,Second Owner,5.0,20.8,1461.0,65.0,Mahindra,14,2
2017,650000.0,5000.0,Petrol,Individual,Manual,First Owner,5.0,18.16,1196.0,86.8,Ford,9,1
2017,280000.0,50000.0,Petrol,Individual,Manual,Second Owner,5.0,21.1,814.0,55.2,Hyundai,9,2
2011,100000.0,80000.0,Diesel,Individual,Manual,First Owner,5.0,17.2,1396.0,53.5,Tata,15,1
2014,575000.0,70000.0,Diesel,Individual,Manual,Second Owner,9.0,13.58,2499.0,72.4,Chevrolet,12,2
2017,780000.0,40000.0,Diesel,Individual,Manual,First Owner,5.0,24.3,1248.0,88.5,Maruti,9,1
2013,467000.0,157000.0,Diesel,Individual,Manual,First Owner,7.0,15.96,2523.0,62.1,Mahindra,13,1
2015,1050000.0,90000.0,Diesel,Individual,Manual,First Owner,7.0,15.4,2179.0,120.0,Mahindra,11,1
2011,225000.0,80000.0,Petrol,Individual,Manual,Second Owner,5.0,19.81,1086.0,68.05,Hyundai,15,2
2004,90000.0,90000.0,Petrol,Individual,Manual,Third Owner,5.0,19.3,1248.0,82.0,Hyundai,22,3
2004,80000.0,80000.0,Petrol,Individual,Automatic,Third Owner,5.0,19.3,1248.0,82.0,Hyundai,22,3
2012,300000.0,80000.0,Diesel,Individual,Manual,First Owner,5.0,19.3,1248.0,82.0,Toyota,14,1
2012,260000.0,70000.0,Diesel,Individual,Manual,Second Owner,5.0,21.03,1461.0,65.0,Mahindra,14,2
2009,90000.0,50000.0,Petrol,Individual,Manual,Second Owner,5.0,16.0,995.0,63.0,Chevrolet,17,2
2012,280000.0,60000.0,Diesel,Individual,Manual,First Owner,5.0,20.0,1399.0,68.0,Ford,14,1
2014,350000.0,106000.0,Diesel,Individual,Manual,Second Owner,5.0,20.8,1461.0,65.0,Mahindra,12,2
2006,229999.0,80000.0,Diesel,Individual,Manual,Second Owner,7.0,10.5,2179.0,120.0,Mahindra,20,2
2016,550000.0,80000.0,Diesel,Individual,Manual,Second Owner,9.0,15.96,2523.0,63.0,Mahindra,10,2
2013,850000.0,110000.0,Diesel,Individual,Manual,Second Owner,8.0,12.99,2494.0,100.0,Toyota,13,2
2011,370000.0,120000.0,Diesel,Individual,Manual,Third Owner,7.0,13.6,2523.0,63.0,Mahindra,15,3
2013,250000.0,27000.0,Petrol,Individual,Manual,First Owner,5.0,20.92,998.0,67.1,Maruti,13,1
2007,95000.0,70000.0,Petrol,Individual,Manual,Second Owner,5.0,19.7,796.0,46.3,Maruti,19,2
2010,180000.0,70000.0,Petrol,Individual,Manual,Second Owner,5.0,18.9,1061.0,67.0,Maruti,16,2
2016,650000.0,50000.0,Diesel,Individual,Automatic,First Owner,7.0,17.45,1493.0,100.0,Mahindra,10,1
2018,530000.0,60000.0,Diesel,Individual,Manual,First Owner,5.0,25.4,1186.0,73.97,Hyundai,8,1
2017,610000.0,15000.0,Petrol,Individual,Manual,First Owner,5.0,22.0,1197.0,81.8,Maruti,9,1
2011,200000.0,40000.0,Petrol,Individual,Manual,First Owner,5.0,19.3,1248.0,82.0,Maruti,15,1
2010,265000.0,135000.0,Diesel,Individual,Manual,First Owner,8.0,14.0,2498.0,112.0,Mahindra,16,1
2018,560000.0,26300.0,Petrol,Individual,Manual,First Owner,5.0,23.84,1199.0,84.0,Tata,8,1
2014,430000.0,120000.0,Diesel,Individual,Manual,First Owner,7.0,15.96,2523.0,62.1,Mahindra,12,1
2017,711000.0,35000.0,Diesel,Individual,Manual,First Owner,5.0,28.4,1248.0,74.02,Maruti,9,1
2015,511000.0,30000.0,Petrol,Individual,Manual,First Owner,5.0,20.85,1197.0,83.14,Maruti,11,1
2012,450000.0,165000.0,Diesel,Individual,Manual,First Owner,7.0,15.96,2523.0,62.1,Mahindra,14,1
2015,325000.0,50000.0,Petrol,Individual,Manual,First Owner,5.0,17.57,1193.0,88.7,Tata,11,1
2013,434999.0,120000.0,Diesel,Individual,Manual,First Owner,5.0,21.64,1461.0,84.8,Renault,13,1
2010,210000.0,100000.0,Diesel,Individual,Manual,Second Owner,5.0,20.0,1399.0,68.0,Ford,16,2
2009,140000.0,90000.0,Petrol,Individual,Manual,Third Owner,5.0,19.3,1248.0,82.0,Maruti,17,3
2007,160000.0,120000.0,Petrol,Individual,Manual,Second Owner,5.0,15.0,1586.0,104.68,Maruti,19,2
2017,650000.0,70000.0,Petrol,Individual,Manual,Second Owner,7.0,17.5,1373.0,91.1,Maruti,9,2
2008,250000.0,90000.0,Diesel,Individual,Manual,Second Owner,5.0,19.3,1248.0,82.0,Maruti,18,2
2014,320000.0,72000.0,Petrol,Individual,Manual,First Owner,5.0,18.6,1197.0,81.83,Hyundai,12,1
2017,290000.0,50000.0,Petrol,Individual,Manual,First Owner,5.0,23.01,999.0,67.0,Renault,9,1
1996,163000.0,5000.0,Diesel,Individual,Manual,Second Owner,5.0,19.3,1248.0,82.0,Mahindra,30,2
2013,80000.0,30000.0,Petrol,Individual,Manual,First Owner,4.0,25.4,624.0,37.48,Tata,13,1
2017,1100000.0,20000.0,Diesel,Individual,Manual,First Owner,7.0,14.1,2179.0,147.94,Tata,9,1
2015,600000.0,110000.0,Diesel,Individual,Manual,First Owner,5.0,26.21,1248.0,88.5,Maruti,11,1
2017,340000.0,25000.0,Petrol,Individual,Manual,First Owner,5.0,25.17,799.0,53.3,Renault,9,1
2014,750000.0,120000.0,Diesel,Individual,Manual,First Owner,7.0,12.99,2494.0,100.6,Toyota,12,1
2006,100000.0,40000.0,Petrol,Individual,Manual,First Owner,5.0,19.7,796.0,46.3,Maruti,20,1
2019,395000.0,10000.0,Petrol,Individual,Manual,First Owner,5.0,25.17,799.0,53.3,Renault,7,1
2010,200000.0,65000.0,Petrol,Individual,Manual,First Owner,5.0,18.9,1061.0,67.0,Maruti,16,1
2019,450000.0,10000.0,CNG,Individual,Manual,First Owner,5.0,21.94,1196.0,61.7,Maruti,7,1
2012,180000.0,110000.0,Petrol,Individual,Manual,Second Owner,5.0,13.87,1390.0,75.0,Mahindra,14,2
2008,190000.0,120000.0,Diesel,Individual,Manual,Second Owner,7.0,13.6,2523.0,63.0,Mahindra,18,2
2015,310000.0,72000.0,Petrol,Individual,Manual,First Owner,5.0,15.37,1196.0,73.0,Maruti,11,1
2014,351000.0,89100.0,Diesel,Individual,Manual,Second Owner,5.0,23.2,1248.0,73.94,Maruti,12,2
2006,190000.0,94000.0,Petrol,Individual,Manual,Second Owner,5.0,17.4,1599.0,104.0,Chevrolet,20,2
2015,225000.0,120000.0,Petrol,Individual,Manual,Second Owner,5.0,21.1,814.0,55.2,Hyundai,11,2
2012,130000.0,110000.0,Petrol,Individual,Manual,First Owner,5.0,16.2,995.0,62.1,Chevrolet,14,1
2018,1000000.0,50000.0,Diesel,Individual,Manual,First Owner,5.0,28.09,1248.0,88.5,Maruti,8,1
2004,55000.0,90000.0,Diesel,Individual,Manual,Third Owner,5.0,16.8,1405.0,62.0,Tata,22,3
2014,330000.0,23000.0,Petrol,Individual,Manual,First Owner,5.0,18.2,1199.0,82.4,Chevrolet,12,1
2013,166000.0,50000.0,Petrol,Individual,Manual,First Owner,5.0,16.8,796.0,34.2,Maruti,13,1
2013,200000.0,225000.0,Diesel,Individual,Manual,First Owner,8.0,14.0,2498.0,112.0,Mahindra,13,1
2011,140000.0,50000.0,Petrol,Individual,Manual,Third Owner,5.0,20.92,998.0,67.1,Maruti,15,3
2017,370000.0,140000.0,CNG,Individual,Manual,First Owner,5.0,21.94,1196.0,61.7,Maruti,9,1
2019,720000.0,16000.0,Petrol,Individual,Automatic,First Owner,5.0,17.4,1197.0,81.86,Hyundai,7,1
2015,500000.0,126000.0,Diesel,Individual,Manual,First Owner,5.0,21.19,1396.0,88.73,Hyundai,11,1
2019,570000.0,15000.0,Petrol,Individual,Manual,First Owner,5.0,20.14,1197.0,81.86,Hyundai,7,1
2010,210000.0,200000.0,Petrol,Individual,Manual,First Owner,5.0,17.5,1197.0,85.8,Maruti,16,1
2009,120000.0,120000.0,Petrol,Individual,Manual,First Owner,5.0,19.7,796.0,46.3,Maruti,17,1
2005,95000.0,120000.0,Petrol,Individual,Manual,Fourth & Above Owner,5.0,15.3,1341.0,83.0,Hyundai,21,4
2010,196000.0,110000.0,Petrol,Individual,Automatic,Third Owner,5.0,16.95,1197.0,78.9,Hyundai,16,3
2016,392000.0,38000.0,Petrol,Individual,Manual,First Owner,5.0,15.37,1196.0,73.0,Maruti,10,1
2010,150000.0,104000.0,Petrol,Individual,Manual,First Owner,5.0,15.0,1368.0,90.0,Tata,16,1
2017,595000.0,120000.0,Petrol,Individual,Manual,First Owner,7.0,15.4,1497.0,117.3,Honda,9,1
2018,833000.0,35000.0,Diesel,Individual,Automatic,First Owner,5.0,24.3,1248.0,88.5,Maruti,8,1
2011,280000.0,210000.0,Diesel,Individual,Manual,First Owner,5.0,22.9,1248.0,74.0,Maruti,15,1
2003,35000.0,35000.0,Petrol,Individual,Manual,Second Owner,4.0,16.1,796.0,37.0,Maruti,23,2
2009,180000.0,85000.0,Diesel,Individual,Manual,Third Owner,5.0,21.1,1248.0,73.9,Maruti,17,3
2012,225000.0,80000.0,Petrol,Individual,Manual,First Owner,5.0,18.9,998.0,67.1,Maruti,14,1
2012,1400000.0,50000.0,Diesel,Individual,Automatic,First Owner,5.0,14.84,2143.0,170.0,Mercedes-Benz,14,1
2009,340000.0,40000.0,Diesel,Individual,Manual,First Owner,5.0,23.0,1396.0,90.0,Hyundai,17,1
2010,550000.0,216000.0,Diesel,Individual,Manual,First Owner,8.0,12.8,2494.0,102.0,Toyota,16,1
2017,400000.0,65000.0,Petrol,Individual,Manual,Second Owner,5.0,20.51,998.0,67.04,Maruti,9,2
2006,90000.0,100000.0,Petrol,Individual,Manual,Third Owner,5.0,15.3,1341.0,83.0,Hyundai,20,3
2015,650000.0,84000.0,Diesel,Individual,Manual,First Owner,5.0,28.09,1248.0,88.5,Maruti,11,1
2012,730000.0,210000.0,Diesel,Individual,Manual,First Owner,7.0,12.99,2494.0,100.0,Toyota,14,1
2010,125000.0,60000.0,Petrol,Individual,Manual,First Owner,5.0,15.26,1150.0,74.9,Chevrolet,16,1
2006,81000.0,100000.0,Petrol,Individual,Manual,Fourth & Above Owner,5.0,15.3,1341.0,83.0,Hyundai,20,4
2007,170000.0,78000.0,Petrol,Individual,Manual,Second Owner,5.0,16.1,1298.0,88.2,Maruti,19,2
2002,81000.0,161000.0,Petrol,Individual,Manual,Fourth & Above Owner,5.0,13.0,1493.0,100.0,Honda,24,4
2005,95000.0,70000.0,Petrol,Individual,Manual,Third Owner,5.0,19.7,796.0,46.3,Maruti,21,3
2010,55000.0,50000.0,Petrol,Individual,Manual,Third Owner,4.0,26.0,624.0,35.0,Tata,16,3
2017,880000.0,65000.0,Diesel,Individual,Manual,First Owner,8.0,19.98,1461.0,108.5,Renault,9,1
2015,200000.0,50000.0,Petrol,Individual,Manual,First Owner,5.0,25.17,799.0,53.3,Renault,11,1
2019,480000.0,25000.0,Petrol,Individual,Manual,First Owner,5.0,20.52,1197.0,81.8,Maruti,7,1
2013,480000.0,100000.0,Diesel,Individual,Manual,First Owner,9.0,15.96,2523.0,62.1,Mahindra,13,1
2018,700000.0,6000.0,Petrol,Individual,Manual,First Owner,5.0,18.6,1197.0,81.83,Hyundai,8,1
2016,850000.0,72113.0,Diesel,Individual,Manual,First Owner,7.0,21.9,1498.0,98.6,Honda,10,1
2012,300000.0,40000.0,Diesel,Individual,Manual,First Owner,5.0,23.57,1396.0,70.0,Tata,14,1
2017,650000.0,8000.0,Petrol,Individual,Manual,First Owner,5.0,18.6,1197.0,81.83,Hyundai,9,1
2010,220000.0,20000.0,Petrol,Individual,Manual,First Owner,5.0,21.1,1197.0,85.8,Maruti,16,1
2014,300000.0,45000.0,Diesel,Individual,Manual,First Owner,5.0,19.09,1405.0,69.01,Tata,12,1
2014,450000.0,80000.0,Diesel,Individual,Manual,First Owner,5.0,23.4,1248.0,74.0,Maruti,12,1
2014,400000.0,90000.0,Diesel,Individual,Manual,First Owner,5.0,25.2,1248.0,74.0,Maruti,12,1
2018,1030000.0,25000.0,Diesel,Individual,Manual,First Owner,5.0,25.1,1248.0,88.5,Maruti,8,1
2010,190000.0,100000.0,Diesel,Individual,Manual,Second Owner,5.0,18.8,1248.0,90.0,Tata,16,2
2006,140000.0,60000.0,Petrol,Individual,Manual,Second Owner,5.0,16.6,1388.0,68.0,Ford,20,2
2018,800000.0,30000.0,Diesel,Individual,Manual,First Owner,5.0,21.19,1396.0,88.76,Hyundai,8,1
2007,229999.0,120000.0,Diesel,Individual,Manual,Third Owner,7.0,10.5,2609.0,120.0,Mahindra,19,3
2011,300000.0,80000.0,Diesel,Individual,Manual,Second Owner,7.0,13.93,2179.0,138.03,Tata,15,2
2011,375000.0,69000.0,Diesel,Individual,Manual,Second Owner,5.0,20.54,1598.0,103.6,Volkswagen,15,2
2010,140000.0,75000.0,Petrol,Individual,Manual,First Owner,5.0,18.6,1199.0,79.4,Chevrolet,16,1
2004,60000.0,113000.0,Petrol,Individual,Manual,Second Owner,5.0,19.7,796.0,46.3,Maruti,22,2
2014,420000.0,90000.0,Diesel,Individual,Manual,Second Owner,5.0,24.4,1120.0,71.01,Hyundai,12,2
2012,300000.0,100000.0,Diesel,Individual,Manual,Third Owner,5.0,23.08,1461.0,63.12,Renault,14,3
2012,150000.0,110000.0,Diesel,Individual,Manual,First Owner,5.0,22.3,1248.0,74.0,Tata,14,1
2015,600000.0,90000.0,Diesel,Individual,Manual,First Owner,5.0,22.77,1498.0,98.59,Ford,11,1
2011,204999.0,100000.0,Diesel,Individual,Manual,Second Owner,5.0,20.0,1399.0,68.0,Ford,15,2
2017,625000.0,50000.0,Diesel,Individual,Manual,First Owner,5.0,25.4,1186.0,73.97,Hyundai,9,1
2011,280000.0,200000.0,Diesel,Individual,Manual,First Owner,5.0,20.5,1248.0,91.7,Fiat,15,1
2014,1050000.0,146000.0,Diesel,Individual,Automatic,Second Owner,7.0,13.01,2199.0,194.3,Hyundai,12,2
2009,250000.0,80000.0,Petrol,Individual,Manual,Second Owner,5.0,12.9,1598.0,102.5,Chevrolet,17,2
2010,535000.0,96443.0,Diesel,Individual,Manual,Second Owner,7.0,11.57,2179.0,138.1,Tata,16,2
2009,400000.0,100000.0,Petrol,Individual,Automatic,Second Owner,5.0,11.7,2354.0,177.6,Honda,17,2
2019,610000.0,10000.0,Petrol,Individual,Automatic,First Owner,5.0,21.21,1197.0,81.8,Maruti,7,1
2014,509999.0,110000.0,Diesel,Individual,Manual,First Owner,5.0,23.4,1248.0,74.0,Maruti,12,1
2014,521000.0,86000.0,Diesel,Individual,Manual,Second Owner,7.0,14.0,2179.0,138.1,Tata,12,2
2014,511000.0,100000.0,Diesel,Individual,Manual,First Owner,5.0,23.4,1248.0,74.0,Maruti,12,1
2014,451000.0,91000.0,Diesel,Individual,Manual,First Owner,5.0,22.54,1396.0,88.73,Hyundai,12,1
2009,170000.0,100000.0,Petrol,Individual,Manual,First Owner,5.0,20.36,1197.0,78.9,Hyundai,17,1
2013,450000.0,120000.0,Diesel,Individual,Manual,Second Owner,5.0,23.4,1248.0,74.0,Maruti,13,2
2011,375000.0,90000.0,Petrol,Individual,Manual,Second Owner,5.0,17.0,1497.0,118.0,Honda,15,2
2016,305000.0,60000.0,Petrol,Individual,Manual,Second Owner,5.0,22.74,796.0,47.3,Maruti,10,2
2016,315000.0,51500.0,Petrol,Individual,Manual,First Owner,5.0,25.17,799.0,53.3,Renault,10,1
2016,250000.0,60000.0,Diesel,Individual,Manual,Second Owner,5.0,22.1,1248.0,74.0,Chevrolet,10,2
2012,200000.0,104500.0,Diesel,Individual,Manual,Second Owner,5.0,20.0,1399.0,68.0,Ford,14,2
2018,950000.0,30000.0,Diesel,Individual,Manual,First Owner,5.0,23.0,1498.0,98.96,Ford,8,1
2012,400000.0,120000.0,Diesel,Individual,Manual,Third Owner,5.0,19.01,1461.0,108.45,Renault,14,3
2014,509999.0,100000.0,Diesel,Individual,Manual,Second Owner,5.0,22.9,1248.0,74.0,Maruti,12,2
2008,375000.0,90000.0,Petrol,Individual,Manual,Third Owner,5.0,13.5,1799.0,130.0,Honda,18,3
2005,150000.0,150000.0,Petrol,Individual,Manual,Third Owner,5.0,18.9,998.0,67.1,Maruti,21,3
2006,75000.0,60000.0,Petrol,Individual,Automatic,First Owner,5.0,18.9,998.0,67.1,Maruti,20,1
2015,465000.0,50000.0,Petrol,Individual,Manual,Second Owner,5.0,17.43,1396.0,105.5,Hyundai,11,2
2019,700000.0,10000.0,Diesel,Individual,Manual,First Owner,5.0,24.0,1186.0,73.97,Hyundai,7,1
2015,950000.0,120000.0,Diesel,Individual,Manual,Third Owner,7.0,15.4,1997.0,120.0,Mahindra,11,3
2017,610000.0,40000.0,Petrol,Individual,Manual,First Owner,5.0,18.6,1197.0,81.83,Hyundai,9,1
2004,60000.0,120000.0,Petrol,Individual,Manual,Second Owner,5.0,19.3,1248.0,82.0,Hyundai,22,2
2014,235000.0,50000.0,Petrol,Individual,Manual,First Owner,5.0,22.74,796.0,47.3,Maruti,12,1
2017,330000.0,90000.0,Petrol,Individual,Manual,First Owner,5.0,15.37,1196.0,73.0,Maruti,9,1
2014,472000.0,90000.0,Diesel,Individual,Manual,First Owner,5.0,20.45,1461.0,83.8,Nissan,12,1
2019,585000.0,10000.0,Petrol,Individual,Manual,First Owner,5.0,21.21,1197.0,81.8,Maruti,7,1
2018,500000.0,10000.0,Diesel,Individual,Manual,First Owner,8.0,23.5,909.0,45.0,Mahindra,8,1
2019,360000.0,27000.0,Petrol,Individual,Manual,First Owner,5.0,23.95,998.0,67.05,Maruti,7,1
2016,649000.0,70000.0,Diesel,Individual,Manual,First Owner,5.0,26.59,1248.0,74.0,Maruti,10,1
2017,200000.0,50000.0,Petrol,Individual,Manual,First Owner,5.0,16.8,796.0,34.2,Maruti,9,1
2008,240000.0,60000.0,Petrol,Individual,Manual,First Owner,5.0,19.3,1248.0,82.0,Maruti,18,1
2014,400000.0,110000.0,Diesel,Individual,Manual,First Owner,5.0,24.0,1120.0,70.0,Hyundai,12,1
2015,250000.0,100000.0,Diesel,Individual,Manual,Second Owner,5.0,27.62,793.0,47.0,Maruti,11,2
2018,1200000.0,50000.0,Diesel,Individual,Manual,First Owner,7.0,17.3,1497.0,121.0,Mahindra,8,1
2009,250000.0,105000.0,Diesel,Individual,Manual,Second Owner,5.0,17.8,1248.0,75.0,Maruti,17,2
2013,819999.0,110000.0,Diesel,Individual,Manual,First Owner,8.0,12.99,2494.0,100.6,Toyota,13,1
2014,800000.0,60000.0,Diesel,Individual,Manual,Second Owner,7.0,15.1,2179.0,140.0,Mahindra,12,2
2013,429000.0,49102.0,Petrol,Dealer,Manual,Second Owner,5.0,18.88,999.0,123.37,Ford,13,2
2010,150000.0,60000.0,Petrol,Individual,Manual,Third Owner,5.0,17.92,1086.0,62.1,Hyundai,16,3
2010,315000.0,120000.0,Diesel,Individual,Manual,Second Owner,5.0,19.3,1248.0,82.0,Maruti,16,2
2012,170000.0,90000.0,Diesel,Individual,Manual,First Owner,5.0,25.44,936.0,57.6,Chevrolet,14,1
2014,335000.0,33033.0,Petrol,Dealer,Manual,First Owner,5.0,19.4,1198.0,86.8,Honda,12,1
2015,465000.0,63063.0,Petrol,Dealer,Automatic,First Owner,5.0,18.9,1197.0,82.0,Hyundai,11,1
2013,360000.0,81000.0,Diesel,Individual,Manual,Second Owner,5.0,19.01,1461.0,108.45,Renault,13,2
2018,570000.0,80000.0,Diesel,Individual,Manual,First Owner,5.0,25.4,1186.0,73.97,Hyundai,8,1
2012,350000.0,105000.0,Diesel,Individual,Manual,Second Owner,5.0,19.01,1461.0,108.45,Renault,14,2
2017,600000.0,60000.0,Diesel,Individual,Manual,First Owner,5.0,19.3,1248.0,82.0,Mahindra,9,1
2017,700000.0,225000.0,Petrol,Individual,Manual,First Owner,7.0,17.5,1373.0,91.1,Maruti,9,1
2012,375000.0,100000.0,Diesel,Individual,Manual,Second Owner,5.0,19.01,1461.0,108.45,Renault,14,2
2019,450000.0,60000.0,CNG,Individual,Manual,First Owner,5.0,21.94,1196.0,61.7,Maruti,7,1
2013,325000.0,70000.0,Diesel,Individual,Manual,Third Owner,5.0,21.9,1396.0,88.76,Hyundai,13,3
2011,260000.0,120000.0,Diesel,Individual,Manual,Third Owner,5.0,20.54,1598.0,103.6,Volkswagen,15,3
2009,130000.0,80000.0,Petrol,Individual,Manual,Third Owner,5.0,19.7,796.0,46.3,Maruti,17,3
2008,150000.0,120000.0,Diesel,Individual,Manual,Fourth & Above Owner,7.0,11.57,2179.0,138.1,Tata,18,4
2014,220000.0,40000.0,Petrol,Individual,Manual,First Owner,5.0,17.92,1086.0,62.1,Hyundai,12,1
2014,275000.0,53000.0,Petrol,Individual,Manual,First Owner,5.0,20.36,1197.0,78.9,Hyundai,12,1
2017,455000.0,60000.0,Diesel,Individual,Manual,First Owner,5.0,25.2,1248.0,74.0,Maruti,9,1
2017,570000.0,30000.0,Petrol,Individual,Manual,First Owner,5.0,18.6,1197.0,81.83,Hyundai,9,1
2013,330000.0,100000.0,Diesel,Individual,Manual,Third Owner,5.0,20.54,1598.0,103.6,Volkswagen,13,3
2018,1576000.0,70000.0,Diesel,Individual,Manual,First Owner,7.0,13.68,2393.0,147.8,Toyota,8,1
2012,450000.0,98000.0,Diesel,Individual,Manual,Fourth & Above Owner,7.0,20.77,1248.0,88.8,Maruti,14,4
2014,250000.0,60000.0,Petrol,Individual,Manual,First Owner,5.0,21.1,814.0,55.2,Hyundai,12,1
2010,165000.0,80000.0,Petrol,Individual,Manual,Third Owner,5.0,20.36,1197.0,78.9,Hyundai,16,3
2013,800000.0,117000.0,Diesel,Dealer,Automatic,First Owner,7.0,11.18,2696.0,184.0,Mahindra,13,1
2018,680000.0,8576.0,Petrol,Dealer,Manual,First Owner,5.0,18.7,1199.0,88.7,Honda,8,1
2017,525000.0,19723.0,Petrol,Dealer,Automatic,First Owner,5.0,20.3,1199.0,84.0,Tata,9,1
2016,825000.0,21446.0,Petrol,Dealer,Manual,First Owner,5.0,16.8,1497.0,116.3,Honda,10,1
2017,750000.0,52289.0,Diesel,Dealer,Manual,First Owner,5.0,25.1,1248.0,88.5,Maruti,9,1
2017,950000.0,52236.0,Diesel,Dealer,Manual,First Owner,7.0,15.4,2179.0,120.0,Mahindra,9,1
2017,950000.0,54470.0,Diesel,Dealer,Manual,First Owner,7.0,15.4,2179.0,120.0,Mahindra,9,1
2017,675000.0,25471.0,Diesel,Dealer,Manual,First Owner,5.0,21.9,1396.0,90.0,Hyundai,9,1
2019,490000.0,33928.0,Petrol,Dealer,Manual,First Owner,5.0,23.84,1199.0,84.48,Tata,7,1
2018,775000.0,59736.0,Diesel,Dealer,Manual,First Owner,7.0,18.49,1493.0,100.0,Mahindra,8,1
2009,350000.0,54290.0,Petrol,Dealer,Manual,First Owner,5.0,17.0,1497.0,118.0,Honda,17,1
2016,475000.0,2118.0,Petrol,Dealer,Manual,First Owner,5.0,19.4,1198.0,86.8,Honda,10,1
2017,950000.0,61379.0,Diesel,Dealer,Manual,First Owner,7.0,15.4,2179.0,120.0,Mahindra,9,1
2010,350000.0,58544.0,Petrol,Dealer,Manual,Second Owner,5.0,17.4,1497.0,117.3,Honda,16,2
2016,400000.0,74381.0,Petrol,Dealer,Manual,First Owner,5.0,21.79,998.0,67.05,Maruti,10,1
2001,75000.0,35000.0,Petrol,Individual,Manual,Third Owner,4.0,16.1,796.0,37.0,Maruti,25,3
2017,850000.0,63982.0,Diesel,Dealer,Manual,First Owner,5.0,22.7,1498.0,89.84,Ford,9,1
2008,175000.0,65000.0,Petrol,Dealer,Manual,Second Owner,5.0,18.9,998.0,67.1,Maruti,18,2
2014,570000.0,74000.0,Diesel,Dealer,Manual,First Owner,7.0,15.96,2523.0,62.1,Mahindra,12,1
2013,525000.0,56429.0,Diesel,Dealer,Manual,Second Owner,5.0,19.01,1461.0,108.45,Renault,13,2
2012,270000.0,56000.0,Petrol,Individual,Manual,First Owner,5.0,20.36,1197.0,78.9,Hyundai,14,1
2019,434999.0,19500.0,Petrol,Dealer,Manual,First Owner,5.0,20.3,1086.0,68.07,Hyundai,7,1
2015,495000.0,30000.0,Petrol,Dealer,Manual,First Owner,5.0,18.6,1197.0,81.83,Hyundai,11,1
2016,575000.0,53000.0,Diesel,Dealer,Manual,First Owner,5.0,22.54,1396.0,88.73,Hyundai,10,1
2017,600000.0,5000.0,Petrol,Individual,Manual,First Owner,5.0,20.14,1197.0,81.86,Hyundai,9,1
2015,700000.0,25000.0,Petrol,Individual,Manual,First Owner,5.0,17.01,1591.0,121.4,Hyundai,11,1
2014,560000.0,72000.0,Diesel,Dealer,Manual,First Owner,5.0,26.0,1498.0,98.6,Honda,12,1
2016,565000.0,72000.0,Diesel,Dealer,Manual,First Owner,5.0,19.3,1248.0,82.0,Maruti,10,1
2005,250000.0,80000.0,Diesel,Individual,Manual,First Owner,7.0,13.6,2523.0,63.0,Mahindra,21,1
2013,409999.0,29000.0,Petrol,Individual,Manual,Second Owner,5.0,15.0,1598.0,103.5,Skoda,13,2
2016,495000.0,56832.0,Diesel,Dealer,Manual,First Owner,5.0,19.87,1461.0,83.14,Nissan,10,1
2014,470000.0,30528.0,Petrol,Dealer,Manual,First Owner,5.0,18.6,1197.0,81.86,Hyundai,12,1
2013,350000.0,65285.0,Diesel,Dealer,Manual,First Owner,5.0,24.7,1498.0,98.63,Honda,13,1
2020,1560000.0,20102.0,Diesel,Dealer,Manual,First Owner,8.0,13.68,2393.0,147.51,Toyota,6,1
2015,480000.0,43000.0,Petrol,Dealer,Manual,First Owner,5.0,18.7,1199.0,88.7,Honda,11,1
2013,270000.0,52380.0,Diesel,Dealer,Manual,First Owner,5.0,23.59,1364.0,67.04,Toyota,13,1
2018,660000.0,74250.0,Diesel,Dealer,Manual,First Owner,7.0,21.0,1498.0,74.96,Mahindra,8,1
2017,490000.0,57247.0,Petrol,Dealer,Automatic,First Owner,5.0,20.89,1197.0,81.8,Maruti,9,1
2017,800000.0,52000.0,Diesel,Individual,Manual,First Owner,5.0,24.3,1248.0,88.5,Maruti,9,1
2011,350000.0,47000.0,Petrol,Individual,Manual,Second Owner,5.0,16.95,1498.0,97.7,Nissan,15,2
2011,170000.0,80000.0,Diesel,Individual,Manual,Third Owner,5.0,17.8,1399.0,68.0,Ford,15,3
2011,125000.0,85000.0,Diesel,Individual,Manual,Second Owner,5.0,18.0,1248.0,75.0,Tata,15,2
2012,400000.0,100000.0,Diesel,Individual,Manual,First Owner,5.0,19.3,1248.0,73.9,Maruti,14,1
2011,250000.0,110000.0,Petrol,Individual,Manual,First Owner,5.0,16.95,1498.0,97.7,Nissan,15,1
2010,190000.0,178000.0,Diesel,Individual,Manual,Second Owner,5.0,20.4,1248.0,91.7,Fiat,16,2
2010,125000.0,120000.0,Petrol,Individual,Manual,Third Owner,5.0,19.7,796.0,46.3,Maruti,16,3
2017,1950000.0,70000.0,Diesel,Individual,Manual,First Owner,5.0,16.3,1956.0,170.0,Jeep,9,1
2011,1300000.0,120000.0,Diesel,Individual,Automatic,First Owner,5.0,12.8,1968.0,167.6,Audi,15,1
2010,786000.0,155000.0,Diesel,Individual,Manual,Third Owner,8.0,12.8,2494.0,102.0,Toyota,16,3
2015,335000.0,30000.0,Petrol,Individual,Manual,First Owner,5.0,20.51,998.0,67.04,Maruti,11,1
2009,114999.0,60000.0,Petrol,Individual,Manual,Third Owner,5.0,18.9,1061.0,67.0,Maruti,17,3
2012,229999.0,70000.0,Diesel,Individual,Manual,Fourth & Above Owner,5.0,22.07,1199.0,73.9,Volkswagen,14,4
2017,731000.0,40000.0,Diesel,Individual,Manual,First Owner,5.0,22.54,1396.0,88.73,Hyundai,9,1
2012,395000.0,120000.0,Diesel,Individual,Manual,First Owner,5.0,22.32,1582.0,126.32,Hyundai,14,1
2015,500000.0,120000.0,Diesel,Individual,Manual,First Owner,5.0,26.59,1248.0,74.0,Maruti,11,1
2014,220000.0,50000.0,Petrol,Individual,Manual,Third Owner,5.0,21.1,814.0,55.2,Hyundai,12,3
2013,240000.0,100000.0,Diesel,Individual,Manual,First Owner,5.0,20.0,1399.0,68.1,Ford,13,1
2010,215000.0,120000.0,Diesel,Individual,Manual,Third Owner,5.0,23.0,1396.0,90.0,Hyundai,16,3
2012,400000.0,90000.0,Diesel,Individual,Manual,Second Owner,5.0,22.9,1248.0,74.0,Maruti,14,2
2012,191000.0,90000.0,Petrol,Individual,Manual,First Owner,5.0,19.0,998.0,67.1,Maruti,14,1
2013,351000.0,100000.0,Diesel,Individual,Manual,Second Owner,8.0,14.0,2498.0,112.0,Mahindra,13,2
2015,250000.0,20000.0,Petrol,Individual,Automatic,First Owner,4.0,21.9,624.0,37.48,Tata,11,1
2009,210000.0,90000.0,Diesel,Individual,Manual,Second Owner,5.0,18.1,1493.0,110.0,Hyundai,17,2
2011,300000.0,120000.0,Petrol,Individual,Manual,Third Owner,5.0,17.6,1496.0,88.7,Toyota,15,3
2017,700000.0,35000.0,Diesel,Individual,Manual,First Owner,5.0,25.83,1498.0,99.0,Ford,9,1
2010,500000.0,120000.0,Diesel,Individual,Manual,Second Owner,5.0,11.8,1991.0,150.0,Hyundai,16,2
2002,120000.0,120000.0,Petrol,Individual,Manual,First Owner,4.0,16.1,796.0,37.0,Maruti,24,1
2019,850000.0,10000.0,Diesel,Individual,Manual,First Owner,5.0,22.54,1396.0,88.76,Hyundai,7,1
1994,120000.0,100000.0,Diesel,Individual,Manual,Second Owner,5.0,19.3,1248.0,82.0,Mahindra,32,2
2017,770000.0,65000.0,Diesel,Individual,Manual,Second Owner,5.0,25.5,1498.0,98.6,Honda,9,2
2007,245000.0,90000.0,Petrol,Individual,Manual,Third Owner,5.0,13.5,1799.0,130.0,Honda,19,3
2012,250000.0,90000.0,Petrol,Individual,Manual,First Owner,5.0,20.92,998.0,67.1,Maruti,14,1
2016,651000.0,42323.0,Diesel,Dealer,Manual,First Owner,5.0,21.19,1396.0,88.76,Hyundai,10,1
2013,480000.0,42462.0,Petrol,Dealer,Manual,First Owner,5.0,16.8,1497.0,116.3,Honda,13,1
2015,470000.0,54723.0,Diesel,Dealer,Manual,First Owner,5.0,25.2,1248.0,74.0,Maruti,11,1
2016,500000.0,30000.0,Diesel,Individual,Manual,First Owner,5.0,27.3,1498.0,98.6,Honda,10,1
2011,1075000.0,42545.0,Diesel,Dealer,Automatic,First Owner,5.0,19.62,1998.0,190.0,Bmw,15,1
2016,690000.0,32000.0,Diesel,Dealer,Manual,First Owner,5.0,25.1,1248.0,88.5,Maruti,10,1
2017,589000.0,41232.0,Diesel,Dealer,Manual,First Owner,5.0,19.3,1248.0,0.0,Maruti,9,1
2017,589000.0,41232.0,Diesel,Dealer,Manual,First Owner,5.0,19.3,1248.0,0.0,Maruti,9,1
2018,480000.0,20375.0,Petrol,Dealer,Manual,First Owner,5.0,20.89,1197.0,81.8,Maruti,8,1
2013,450000.0,43978.0,Diesel,Dealer,Manual,Second Owner,5.0,28.4,1248.0,74.0,Maruti,13,2
2018,770000.0,50000.0,Diesel,Individual,Manual,First Owner,5.0,24.3,1248.0,88.5,Maruti,8,1
2015,445000.0,40200.0,Diesel,Dealer,Manual,First Owner,7.0,21.0,1498.0,74.96,Mahindra,11,1
2018,700000.0,30000.0,Petrol,Individual,Manual,First Owner,5.0,18.6,1197.0,81.83,Hyundai,8,1
2014,560000.0,90000.0,Diesel,Individual,Manual,First Owner,7.0,20.77,1248.0,88.8,Maruti,12,1
2013,475000.0,48000.0,Diesel,Dealer,Manual,Second Owner,5.0,21.7,1498.0,98.96,Ford,13,2
2014,465000.0,27233.0,Diesel,Dealer,Manual,First Owner,5.0,27.4,1498.0,98.63,Honda,12,1
2017,520000.0,28832.0,Diesel,Dealer,Manual,First Owner,5.0,23.4,1248.0,74.0,Maruti,9,1
2011,225000.0,35000.0,Petrol,Individual,Manual,First Owner,5.0,15.0,1368.0,90.0,Tata,15,1
2015,700000.0,35000.0,Petrol,Individual,Manual,First Owner,7.0,16.02,1373.0,93.7,Maruti,11,1
2017,780000.0,40000.0,Diesel,Individual,Manual,First Owner,5.0,24.3,1248.0,88.5,Maruti,9,1
2006,93150.0,80000.0,Petrol,Individual,Manual,Second Owner,5.0,17.7,1497.0,78.0,Honda,20,2
2016,403000.0,30000.0,Diesel,Individual,Manual,Second Owner,7.0,17.21,1493.0,100.0,Mahindra,10,2
2009,229999.0,50000.0,Petrol,Individual,Manual,Second Owner,5.0,19.81,1086.0,68.05,Hyundai,17,2
2016,525000.0,40000.0,Diesel,Individual,Manual,Second Owner,5.0,26.59,1248.0,74.0,Maruti,10,2
2014,560000.0,25000.0,Petrol,Individual,Manual,First Owner,7.0,16.02,1373.0,93.7,Maruti,12,1
2020,830000.0,120000.0,Diesel,Individual,Manual,First Owner,7.0,15.1,2179.0,152.87,Mahindra,6,1
2011,250000.0,60000.0,Diesel,Individual,Manual,Second Owner,5.0,21.1,1248.0,73.9,Maruti,15,2
2014,450000.0,110000.0,Diesel,Individual,Manual,First Owner,9.0,15.96,2523.0,63.0,Mahindra,12,1
2016,745000.0,67000.0,Diesel,Individual,Manual,First Owner,7.0,15.4,1997.0,120.0,Mahindra,10,1
2010,144000.0,50000.0,Diesel,Individual,Manual,Second Owner,5.0,20.0,1399.0,68.0,Ford,16,2
2008,120000.0,40000.0,Petrol,Individual,Manual,First Owner,5.0,18.2,1061.0,64.0,Maruti,18,1
2008,300000.0,120000.0,Diesel,Individual,Manual,Second Owner,7.0,11.57,2179.0,138.1,Tata,18,2
1999,52000.0,100000.0,Petrol,Individual,Manual,First Owner,4.0,16.1,796.0,37.0,Maruti,27,1
2003,300000.0,98000.0,Diesel,Individual,Manual,First Owner,8.0,10.5,2179.0,120.0,Mahindra,23,1
2009,270000.0,150000.0,Diesel,Individual,Manual,Second Owner,7.0,13.6,2523.0,63.0,Mahindra,17,2
2014,260000.0,38000.0,Diesel,Individual,Manual,First Owner,5.0,22.1,1248.0,74.0,Chevrolet,12,1
2015,475000.0,120000.0,Diesel,Individual,Manual,First Owner,5.0,23.59,1364.0,67.05,Toyota,11,1
2011,302000.0,103000.0,Diesel,Individual,Manual,Third Owner,5.0,20.0,1399.0,68.0,Ford,15,3
1994,45000.0,60000.0,Petrol,Individual,Manual,First Owner,4.0,16.1,796.0,37.0,Maruti,32,1
2017,775000.0,80000.0,Diesel,Individual,Manual,First Owner,5.0,24.3,1248.0,88.5,Maruti,9,1
2015,700000.0,50000.0,Diesel,Individual,Manual,First Owner,7.0,20.77,1248.0,88.76,Maruti,11,1
2014,530000.0,90000.0,Diesel,Individual,Manual,First Owner,5.0,25.2,1248.0,74.0,Maruti,12,1
2017,869999.0,70000.0,Diesel,Individual,Manual,First Owner,5.0,21.5,1497.0,108.5,Tata,9,1
2006,155000.0,110000.0,Diesel,Individual,Manual,Fourth & Above Owner,5.0,14.9,1991.0,112.2,Hyundai,20,4
2019,550000.0,30000.0,Petrol,Individual,Automatic,First Owner,5.0,23.84,1199.0,83.83,Tata,7,1
2016,600000.0,80000.0,Diesel,Individual,Manual,Second Owner,5.0,26.59,1248.0,74.0,Maruti,10,2
2012,430000.0,110000.0,Diesel,Individual,Manual,Second Owner,5.0,19.3,1248.0,73.9,Maruti,14,2
2010,246000.0,120000.0,Diesel,Individual,Manual,First Owner,5.0,18.8,1248.0,90.0,Tata,16,1
2003,120000.0,120000.0,Petrol,Individual,Manual,Third Owner,5.0,17.3,993.0,60.0,Maruti,23,3
2014,565000.0,70000.0,Petrol,Individual,Manual,Second Owner,5.0,18.6,1197.0,81.83,Hyundai,12,2
2018,850000.0,60000.0,Diesel,Individual,Manual,First Owner,5.0,22.54,1396.0,88.76,Hyundai,8,1
2006,160000.0,90000.0,Petrol,Individual,Manual,First Owner,5.0,19.7,796.0,46.3,Maruti,20,1
2014,325000.0,142500.0,Diesel,Individual,Manual,First Owner,5.0,19.5,1248.0,75.0,Fiat,12,1
2011,450000.0,90000.0,Diesel,Individual,Manual,Third Owner,8.0,12.05,2179.0,120.0,Mahindra,15,3
2015,310000.0,50000.0,Petrol,Individual,Manual,First Owner,5.0,19.81,1086.0,68.05,Hyundai,11,1
2013,250000.0,90000.0,Diesel,Individual,Manual,Third Owner,5.0,25.8,1498.0,98.6,Honda,13,3
2015,420000.0,115000.0,Diesel,Individual,Manual,Second Owner,5.0,26.59,1248.0,74.0,Maruti,11,2
2013,330000.0,150000.0,Petrol,Individual,Automatic,Second Owner,5.0,15.0,1396.0,98.6,Hyundai,13,2
2015,405000.0,68000.0,Petrol,Individual,Manual,Second Owner,5.0,20.4,1197.0,81.8,Maruti,11,2
2013,400000.0,90000.0,Diesel,Individual,Manual,Second Owner,7.0,15.96,2523.0,62.1,Mahindra,13,2
2010,409999.0,110000.0,Petrol,Individual,Automatic,Third Owner,5.0,15.6,1497.0,116.3,Honda,16,3
2013,500000.0,70000.0,Diesel,Individual,Manual,Second Owner,7.0,15.96,2523.0,62.1,Mahindra,13,2
2011,590000.0,80000.0,Diesel,Individual,Manual,Third Owner,7.0,15.1,2179.0,140.0,Mahindra,15,3
2006,80000.0,118000.0,Petrol,Individual,Manual,First Owner,5.0,19.3,1248.0,82.0,Hyundai,20,1
2007,135000.0,100000.0,Petrol,Individual,Manual,Second Owner,5.0,19.81,1086.0,68.05,Hyundai,19,2
2004,70000.0,70000.0,Petrol,Individual,Manual,Second Owner,5.0,18.9,998.0,67.1,Maruti,22,2
2004,45000.0,77000.0,Petrol,Individual,Manual,Third Owner,4.0,16.1,796.0,37.0,Maruti,22,3
2018,650000.0,35500.0,Diesel,Individual,Manual,First Owner,5.0,28.4,1248.0,74.02,Maruti,8,1
2018,400000.0,17500.0,Petrol,Individual,Manual,First Owner,5.0,20.51,998.0,67.04,Maruti,8,1
2017,350000.0,27000.0,Petrol,Individual,Manual,First Owner,5.0,23.95,998.0,67.05,Maruti,9,1
2017,550000.0,60000.0,Diesel,Individual,Manual,First Owner,5.0,24.0,1186.0,73.97,Hyundai,9,1
2016,350000.0,25000.0,Petrol,Individual,Manual,First Owner,5.0,20.51,998.0,67.04,Maruti,10,1
2015,459999.0,80000.0,Diesel,Individual,Manual,First Owner,5.0,26.59,1248.0,74.0,Maruti,11,1
2012,185000.0,60000.0,Petrol,Individual,Manual,Second Owner,5.0,19.7,796.0,46.3,Maruti,14,2
2013,550000.0,38000.0,Diesel,Individual,Manual,First Owner,5.0,22.07,1199.0,73.9,Volkswagen,13,1
2012,300000.0,100000.0,LPG,Individual,Manual,Second Owner,5.0,26.2,998.0,58.2,Maruti,14,2
2012,175000.0,60000.0,Petrol,Individual,Manual,Third Owner,5.0,19.3,1248.0,82.0,Maruti,14,3
2011,900000.0,110000.0,Diesel,Individual,Manual,First Owner,8.0,12.8,2494.0,102.0,Toyota,15,1
2016,900000.0,92000.0,Diesel,Individual,Manual,First Owner,7.0,21.9,1498.0,98.6,Honda,10,1
2012,550000.0,180000.0,Diesel,Individual,Manual,Third Owner,9.0,15.96,2523.0,62.1,Mahindra,14,3
2018,625000.0,10000.0,Petrol,Individual,Manual,First Owner,5.0,21.4,1197.0,83.1,Maruti,8,1
2017,310000.0,35000.0,Petrol,Individual,Manual,Second Owner,5.0,24.7,796.0,47.3,Maruti,9,2
2017,500000.0,35000.0,Diesel,Individual,Manual,First Owner,5.0,28.4,1248.0,74.0,Maruti,9,1
2016,610000.0,23000.0,Diesel,Individual,Manual,First Owner,5.0,24.0,1120.0,70.0,Hyundai,10,1
2012,150000.0,150000.0,Diesel,Individual,Manual,Third Owner,5.0,19.09,1396.0,69.0,Tata,14,3
2015,480000.0,70000.0,Diesel,Individual,Manual,First Owner,5.0,24.4,1120.0,71.0,Hyundai,11,1
2017,650000.0,40000.0,Petrol,Individual,Manual,First Owner,5.0,18.6,1197.0,81.83,Hyundai,9,1
2012,290000.0,100000.0,Diesel,Individual,Manual,Second Owner,5.0,21.9,1396.0,90.0,Hyundai,14,2
2017,300000.0,50000.0,Petrol,Individual,Manual,Second Owner,5.0,24.7,796.0,47.3,Maruti,9,2
2010,270000.0,120000.0,Diesel,Individual,Manual,Fourth & Above Owner,5.0,19.3,1248.0,73.9,Maruti,16,4
2015,400000.0,60000.0,Diesel,Individual,Manual,Second Owner,5.0,24.4,1120.0,71.0,Hyundai,11,2
2015,280000.0,28000.0,Petrol,Individual,Manual,Second Owner,5.0,22.74,796.0,47.3,Maruti,11,2
2009,250000.0,60000.0,Petrol,Individual,Manual,Third Owner,5.0,17.5,1298.0,85.8,Maruti,17,3
2012,495000.0,80000.0,Diesel,Individual,Manual,Second Owner,5.0,19.3,1248.0,73.9,Maruti,14,2
2018,3250000.0,12000.0,Diesel,Individual,Automatic,First Owner,7.0,10.91,3198.0,197.0,Ford,8,1
2019,700000.0,4500.0,Petrol,Individual,Manual,First Owner,5.0,19.5,1199.0,88.76,Honda,7,1
2013,310000.0,70000.0,Diesel,Individual,Manual,First Owner,5.0,25.0,1396.0,69.0,Tata,13,1
2017,650000.0,120000.0,Diesel,Individual,Manual,First Owner,5.0,19.87,1461.0,83.8,Renault,9,1
2015,600000.0,80000.0,Petrol,Individual,Automatic,First Owner,5.0,19.0,1199.0,88.7,Honda,11,1
2009,150000.0,150000.0,Diesel,Individual,Manual,Fourth & Above Owner,7.0,11.57,2179.0,138.1,Tata,17,4
2009,135000.0,120000.0,Petrol,Individual,Manual,First Owner,5.0,15.7,1390.0,75.0,Mahindra,17,1
2014,650000.0,50000.0,Diesel,Individual,Manual,First Owner,5.0,23.4,1248.0,74.0,Maruti,12,1
2012,550000.0,83000.0,Petrol,Individual,Manual,First Owner,5.0,16.8,1497.0,116.3,Honda,14,1
2017,650000.0,20000.0,Diesel,Individual,Manual,First Owner,5.0,28.4,1248.0,74.02,Maruti,9,1
2018,2900000.0,49000.0,Diesel,Individual,Automatic,First Owner,7.0,12.9,2755.0,174.5,Toyota,8,1
2017,450000.0,6750.0,Petrol,Individual,Manual,First Owner,5.0,18.5,1198.0,86.8,Honda,9,1
2015,650000.0,26000.0,Petrol,Individual,Manual,First Owner,5.0,20.73,1373.0,91.1,Maruti,11,1
2017,430000.0,52000.0,Petrol,Individual,Manual,First Owner,5.0,17.0,1197.0,81.86,Hyundai,9,1
2017,1143000.0,51000.0,Diesel,Individual,Automatic,First Owner,5.0,17.01,1582.0,126.2,Hyundai,9,1
2019,700000.0,20000.0,Petrol,Individual,Automatic,First Owner,5.0,22.0,1197.0,81.8,Maruti,7,1
2011,229999.0,18500.0,Petrol,Individual,Manual,First Owner,5.0,18.5,1197.0,85.8,Maruti,15,1
2017,509999.0,142000.0,Diesel,Individual,Manual,First Owner,7.0,18.49,1493.0,100.0,Mahindra,9,1
2016,670000.0,50478.0,Petrol,Individual,Manual,First Owner,5.0,15.85,1499.0,110.4,Ford,10,1
2019,525000.0,9200.0,Petrol,Individual,Automatic,First Owner,5.0,23.84,1199.0,83.83,Tata,7,1
2016,515000.0,40000.0,Diesel,Individual,Manual,First Owner,5.0,19.87,1461.0,83.8,Renault,10,1
2020,630000.0,5000.0,Petrol,Individual,Manual,First Owner,5.0,21.01,1197.0,81.8,Maruti,6,1
2019,270000.0,2300.0,Petrol,Individual,Manual,First Owner,5.0,22.7,799.0,53.64,Datsun,7,1
2016,300000.0,40000.0,Petrol,Individual,Manual,First Owner,5.0,22.74,796.0,47.3,Maruti,10,1
2012,250000.0,119000.0,Diesel,Individual,Manual,First Owner,8.0,14.0,2489.0,95.0,Mahindra,14,1
2005,90000.0,100000.0,Petrol,Individual,Manual,Fourth & Above Owner,5.0,19.7,796.0,46.3,Maruti,21,4
2017,750000.0,100000.0,Diesel,Individual,Manual,First Owner,7.0,24.52,1248.0,88.5,Maruti,9,1
2009,135000.0,50000.0,Petrol,Individual,Manual,Second Owner,5.0,18.9,1061.0,67.0,Maruti,17,2
2013,275000.0,80000.0,Petrol,Individual,Manual,Second Owner,5.0,15.1,1196.0,73.0,Maruti,13,2
2018,740000.0,15000.0,Petrol,Individual,Manual,First Owner,5.0,17.0,1198.0,108.5,Tata,8,1
2019,690000.0,1303.0,Petrol,Dealer,Manual,First Owner,5.0,17.8,1198.0,86.7,Honda,7,1
2018,3975000.0,31800.0,Diesel,Dealer,Automatic,First Owner,5.0,17.01,1968.0,188.0,Audi,8,1
2019,5150000.0,20000.0,Petrol,Dealer,Automatic,First Owner,5.0,22.37,2487.0,214.56,Lexus,7,1
2017,3200000.0,45000.0,Diesel,Dealer,Automatic,First Owner,5.0,19.33,1999.0,177.0,Jaguar,9,1
2017,4100000.0,17000.0,Petrol,Individual,Automatic,First Owner,5.0,9.5,3604.0,280.0,Jeep,9,1
2018,1000000.0,4295.0,Petrol,Trustmark Dealer,Manual,First Owner,5.0,17.1,1496.0,105.5,Toyota,8,1
2018,1000000.0,5229.0,Petrol,Trustmark Dealer,Manual,First Owner,5.0,17.1,1496.0,105.5,Toyota,8,1
2019,550000.0,4701.0,Petrol,Trustmark Dealer,Manual,First Owner,5.0,20.7,1197.0,81.86,Hyundai,7,1
2016,600000.0,6757.0,Petrol,Trustmark Dealer,Manual,First Owner,5.0,21.01,1197.0,81.8,Maruti,10,1
2016,675000.0,28182.0,Petrol,Trustmark Dealer,Automatic,First Owner,5.0,14.3,1598.0,103.52,Skoda,10,1
2019,950000.0,11533.0,Petrol,Trustmark Dealer,Manual,First Owner,5.0,14.23,1498.0,104.55,Nissan,7,1
2017,850000.0,11688.0,Petrol,Trustmark Dealer,Manual,First Owner,5.0,17.8,1497.0,117.3,Honda,9,1
2016,2000000.0,68089.0,Petrol,Trustmark Dealer,Automatic,First Owner,5.0,19.16,2494.0,157.7,Toyota,10,1
2012,550000.0,57728.0,Petrol,Trustmark Dealer,Automatic,First Owner,5.0,14.53,1794.0,138.1,Toyota,14,1
2018,925000.0,23712.0,Diesel,Trustmark Dealer,Manual,First Owner,5.0,28.09,1248.0,88.5,Maruti,8,1
2015,625000.0,70670.0,Petrol,Trustmark Dealer,Automatic,First Owner,5.0,16.5,1499.0,110.0,Ford,11,1
2014,200000.0,43381.0,Petrol,Dealer,Manual,Second Owner,5.0,22.74,796.0,47.3,Maruti,12,2
2014,635000.0,79011.0,Petrol,Trustmark Dealer,Automatic,First Owner,5.0,18.0,1497.0,117.3,Honda,12,1
2016,550000.0,56494.0,Petrol,Trustmark Dealer,Manual,First Owner,5.0,18.2,1199.0,88.7,Honda,10,1
2014,425000.0,50000.0,Diesel,Individual,Manual,Second Owner,5.0,21.79,1248.0,88.73,Maruti,12,2
2011,220000.0,40000.0,Petrol,Individual,Manual,First Owner,5.0,18.9,998.0,67.1,Maruti,15,1
2018,590000.0,10000.0,Petrol,Individual,Manual,First Owner,5.0,18.9,1197.0,81.86,Hyundai,8,1
2017,775000.0,35000.0,Diesel,Individual,Manual,First Owner,6.0,16.55,2498.0,105.0,Mahindra,9,1
2015,350000.0,58500.0,Petrol,Individual,Manual,First Owner,5.0,18.5,1197.0,85.8,Maruti,11,1
2018,575000.0,20000.0,Petrol,Individual,Manual,First Owner,5.0,21.4,1197.0,83.1,Maruti,8,1
2011,200000.0,43500.0,Petrol,Individual,Manual,Second Owner,5.0,18.06,1198.0,75.0,Nissan,15,2
2018,1575000.0,30000.0,Diesel,Individual,Manual,First Owner,7.0,17.6,2179.0,153.86,Tata,8,1
2015,600000.0,63000.0,Diesel,Individual,Manual,First Owner,5.0,22.77,1498.0,98.59,Ford,11,1
2016,720000.0,35000.0,Diesel,Individual,Manual,First Owner,7.0,15.96,2523.0,62.1,Mahindra,10,1
2012,158000.0,110000.0,Diesel,Individual,Manual,Second Owner,5.0,19.09,1396.0,69.0,Tata,14,2
2018,1575000.0,25000.0,Diesel,Individual,Manual,First Owner,7.0,17.6,2179.0,153.86,Tata,8,1
2017,580000.0,30000.0,Petrol,Individual,Automatic,First Owner,5.0,17.36,1197.0,81.86,Hyundai,9,1
2012,420000.0,50000.0,Diesel,Individual,Manual,First Owner,7.0,15.96,2523.0,62.1,Mahindra,14,1
2018,1200000.0,35000.0,Diesel,Individual,Manual,First Owner,8.0,17.3,1497.0,121.0,Mahindra,8,1
2018,350000.0,30000.0,Petrol,Individual,Manual,First Owner,5.0,23.01,999.0,67.0,Renault,8,1
2014,650000.0,56000.0,Petrol,Individual,Manual,First Owner,5.0,17.4,1497.0,117.3,Honda,12,1
2017,400000.0,12700.0,Petrol,Individual,Manual,First Owner,5.0,20.51,998.0,67.04,Maruti,9,1
2018,700000.0,35000.0,Diesel,Individual,Manual,First Owner,5.0,21.5,1497.0,108.5,Tata,8,1
2017,520000.0,30000.0,Petrol,Individual,Manual,First Owner,5.0,19.1,1197.0,82.0,Hyundai,9,1
2012,450000.0,120000.0,Diesel,Individual,Manual,First Owner,9.0,12.05,2179.0,120.0,Mahindra,14,1
2017,850000.0,100000.0,Diesel,Individual,Manual,First Owner,7.0,14.1,2179.0,147.94,Tata,9,1
2017,350000.0,34000.0,Petrol,Individual,Manual,First Owner,5.0,25.17,799.0,53.3,Renault,9,1
2011,450000.0,56000.0,Diesel,Individual,Manual,First Owner,8.0,13.0,2489.0,95.0,Mahindra,15,1
2008,165000.0,90000.0,Petrol,Individual,Manual,First Owner,5.0,19.81,1086.0,68.05,Hyundai,18,1
2010,160000.0,65000.0,Petrol,Individual,Manual,Second Owner,5.0,17.92,1086.0,62.1,Hyundai,16,2
2011,300000.0,80000.0,Diesel,Individual,Manual,First Owner,7.0,13.93,2179.0,138.0,Tata,15,1
2012,550000.0,90000.0,Diesel,Individual,Manual,Third Owner,8.0,12.05,2179.0,120.0,Mahindra,14,3
2015,285000.0,40000.0,Petrol,Individual,Manual,First Owner,5.0,23.95,998.0,67.05,Maruti,11,1
2016,850000.0,58000.0,Diesel,Individual,Manual,First Owner,5.0,19.67,1582.0,126.2,Hyundai,10,1
2018,700000.0,19100.0,Petrol,Individual,Manual,First Owner,5.0,19.0,1194.0,94.68,Ford,8,1
2018,900000.0,25000.0,Petrol,Individual,Manual,First Owner,7.0,19.34,1462.0,103.0,Maruti,8,1
2005,180000.0,49455.0,Petrol,Individual,Manual,First Owner,5.0,19.7,796.0,46.3,Maruti,21,1
2016,220000.0,100000.0,Petrol,Individual,Manual,First Owner,5.0,21.1,814.0,55.2,Hyundai,10,1
2013,120000.0,120000.0,Diesel,Individual,Manual,First Owner,5.0,22.3,1248.0,74.0,Tata,13,1
2010,220000.0,90000.0,Petrol,Individual,Manual,Fourth & Above Owner,5.0,17.0,1197.0,80.0,Hyundai,16,4
2013,420000.0,46815.0,Diesel,Individual,Manual,Second Owner,5.0,22.1,1248.0,76.9,Chevrolet,13,2
2013,160000.0,110000.0,Diesel,Individual,Manual,First Owner,5.0,19.4,1405.0,70.0,Tata,13,1
2015,250000.0,80000.0,Petrol,Individual,Manual,First Owner,5.0,21.1,814.0,55.2,Hyundai,11,1
2013,385000.0,100000.0,Diesel,Individual,Manual,Third Owner,7.0,20.77,1248.0,88.8,Maruti,13,3
2014,318000.0,80000.0,Petrol,Individual,Manual,First Owner,5.0,20.51,998.0,67.06,Maruti,12,1
2018,480000.0,40000.0,Petrol,Individual,Manual,First Owner,5.0,20.14,1197.0,81.86,Hyundai,8,1
2015,330000.0,70000.0,Petrol,Individual,Manual,Third Owner,5.0,23.1,998.0,67.04,Maruti,11,3
2011,152000.0,80000.0,Diesel,Individual,Manual,First Owner,5.0,17.0,1405.0,71.0,Tata,15,1
2014,250000.0,40000.0,Petrol,Individual,Manual,First Owner,5.0,22.74,796.0,47.3,Maruti,12,1
2011,248000.0,80000.0,Diesel,Individual,Manual,First Owner,5.0,17.0,1405.0,71.0,Tata,15,1
2011,300000.0,60000.0,Petrol,Individual,Manual,Second Owner,5.0,18.06,1198.0,75.0,Nissan,15,2
2017,550000.0,50000.0,Petrol,Individual,Manual,First Owner,5.0,18.6,1197.0,81.83,Hyundai,9,1
2016,650000.0,30000.0,Diesel,Individual,Manual,First Owner,5.0,22.54,1396.0,88.73,Hyundai,10,1
2017,445000.0,25000.0,Petrol,Individual,Manual,First Owner,5.0,18.9,1197.0,82.0,Hyundai,9,1
2010,450000.0,225000.0,Diesel,Individual,Manual,First Owner,7.0,12.8,2494.0,102.0,Toyota,16,1
2016,600000.0,100000.0,Diesel,Individual,Manual,First Owner,7.0,17.45,1493.0,100.0,Mahindra,10,1
2014,495000.0,175000.0,Diesel,Individual,Manual,First Owner,5.0,19.01,1461.0,108.45,Renault,12,1
2011,220000.0,65000.0,Petrol,Individual,Automatic,Third Owner,5.0,12.6,1586.0,103.3,Maruti,15,3
2011,260000.0,65000.0,Petrol,Individual,Automatic,Third Owner,5.0,12.6,1586.0,103.3,Maruti,15,3
2009,150000.0,90000.0,Petrol,Individual,Manual,First Owner,5.0,17.92,1086.0,62.1,Hyundai,17,1
2011,200000.0,80000.0,Diesel,Individual,Manual,Second Owner,5.0,20.0,1399.0,68.0,Ford,15,2
2018,1465000.0,110000.0,Diesel,Individual,Manual,First Owner,7.0,16.36,2179.0,140.0,Mahindra,8,1
2012,285000.0,80000.0,Diesel,Individual,Manual,Second Owner,5.0,19.3,1248.0,82.0,Toyota,14,2
2008,250000.0,60000.0,Petrol,Individual,Automatic,Third Owner,5.0,20.0,1339.0,108.5,Honda,18,3
2014,310000.0,160000.0,Diesel,Individual,Manual,First Owner,7.0,14.95,2489.0,93.7,Mahindra,12,1
2010,600000.0,100875.0,Diesel,Individual,Automatic,First Owner,8.0,11.79,2179.0,120.0,Mahindra,16,1
2018,560000.0,20000.0,Petrol,Individual,Manual,First Owner,5.0,21.4,1197.0,83.1,Maruti,8,1
2016,500000.0,30000.0,Petrol,Individual,Manual,First Owner,5.0,20.85,1197.0,83.14,Maruti,10,1
2013,270000.0,118000.0,Diesel,Individual,Manual,First Owner,5.0,24.0,1120.0,70.0,Hyundai,13,1
2013,420000.0,69000.0,Diesel,Individual,Manual,Third Owner,5.0,22.32,1582.0,126.32,Hyundai,13,3
2015,434999.0,25000.0,Petrol,Individual,Manual,Second Owner,5.0,20.85,1197.0,83.14,Maruti,11,2
2015,400000.0,100000.0,Petrol,Individual,Automatic,First Owner,5.0,16.9,1197.0,81.86,Hyundai,11,1
2015,470000.0,110000.0,Diesel,Individual,Manual,First Owner,5.0,26.59,1248.0,74.0,Maruti,11,1
2015,480000.0,60000.0,Diesel,Individual,Manual,Third Owner,5.0,20.45,1461.0,83.8,Nissan,11,3
2008,105000.0,128000.0,Petrol,Individual,Manual,First Owner,5.0,0.0,1086.0,62.0,Hyundai,18,1
2017,325000.0,120000.0,Diesel,Individual,Manual,First Owner,5.0,27.28,1047.0,69.0,Tata,9,1
2012,280000.0,80000.0,Diesel,Individual,Manual,Second Owner,5.0,19.3,1248.0,82.0,Toyota,14,2
2020,675000.0,5000.0,Petrol,Individual,Automatic,First Owner,5.0,20.7,1197.0,81.86,Hyundai,6,1
2009,170000.0,90000.0,Petrol,Individual,Manual,Second Owner,5.0,20.36,1197.0,78.9,Hyundai,17,2
2017,1250000.0,90000.0,Diesel,Individual,Manual,First Owner,5.0,19.67,1582.0,126.2,Hyundai,9,1
2012,600000.0,144030.0,Petrol,Individual,Manual,First Owner,5.0,12.8,2354.0,177.6,Honda,14,1
2014,819999.0,200000.0,Diesel,Individual,Manual,First Owner,5.0,25.1,1498.0,98.6,Honda,12,1
2016,650000.0,29000.0,Petrol,Individual,Manual,First Owner,5.0,18.6,1197.0,81.83,Hyundai,10,1
2007,105000.0,90000.0,LPG,Individual,Manual,Second Owner,5.0,17.3,1061.0,57.5,Maruti,19,2
2009,200000.0,176000.0,Diesel,Individual,Manual,Second Owner,5.0,17.0,1461.0,66.0,Mahindra,17,2
2013,200000.0,150000.0,Diesel,Individual,Manual,First Owner,5.0,19.09,1396.0,69.0,Tata,13,1
2016,220000.0,90000.0,Petrol,Individual,Manual,First Owner,8.0,16.8,796.0,34.2,Maruti,10,1
2014,500000.0,70000.0,Petrol,Individual,Manual,Second Owner,5.0,15.04,1598.0,103.2,Volkswagen,12,2
2007,175000.0,99000.0,Diesel,Individual,Manual,Second Owner,5.0,19.2,1461.0,65.0,Mahindra,19,2
2018,450000.0,5000.0,Petrol,Individual,Manual,First Owner,5.0,23.84,1199.0,84.0,Tata,8,1
2008,210000.0,90000.0,Diesel,Individual,Manual,Fourth & Above Owner,5.0,16.52,1991.0,123.7,Chevrolet,18,4
2011,270000.0,89000.0,Diesel,Individual,Manual,Second Owner,5.0,21.1,1248.0,73.9,Maruti,15,2
2006,110000.0,88000.0,Diesel,Individual,Manual,Second Owner,5.0,16.8,1405.0,62.0,Tata,20,2
2015,480000.0,30000.0,Diesel,Individual,Manual,First Owner,5.0,26.59,1248.0,74.0,Maruti,11,1
2016,650000.0,50000.0,Diesel,Individual,Automatic,Second Owner,5.0,26.59,1248.0,74.0,Maruti,10,2
2013,480000.0,80000.0,Diesel,Individual,Manual,First Owner,5.0,23.4,1248.0,74.0,Maruti,13,1
2016,700000.0,40000.0,Diesel,Individual,Manual,First Owner,5.0,22.54,1396.0,88.73,Hyundai,10,1
2015,650000.0,110000.0,Diesel,Individual,Manual,Third Owner,7.0,20.77,1248.0,88.76,Maruti,11,3
2015,1300000.0,48000.0,Diesel,Individual,Manual,Second Owner,5.0,19.67,1582.0,126.2,Hyundai,11,2
2016,1350000.0,97000.0,Diesel,Individual,Automatic,First Owner,5.0,16.96,1968.0,138.03,Volkswagen,10,1
2016,1000000.0,60000.0,Diesel,Individual,Automatic,First Owner,5.0,22.15,1498.0,108.6,Volkswagen,10,1
2011,1700000.0,110000.0,Diesel,Individual,Automatic,Third Owner,5.0,0.0,2987.0,165.0,Mercedes-Benz,15,3
2018,1080000.0,12800.0,Petrol,Individual,Automatic,First Owner,5.0,17.8,1496.0,105.5,Toyota,8,1
2012,170000.0,40000.0,Petrol,Individual,Manual,First Owner,5.0,21.1,814.0,55.2,Hyundai,14,1
2017,610000.0,49000.0,Diesel,Individual,Manual,First Owner,5.0,28.4,1248.0,74.0,Maruti,9,1
2014,350000.0,25000.0,Petrol,Individual,Manual,First Owner,5.0,18.5,1197.0,85.8,Maruti,12,1
2016,260000.0,65000.0,Petrol,Individual,Manual,Second Owner,5.0,22.74,796.0,47.3,Maruti,10,2
2015,700000.0,20000.0,Diesel,Individual,Manual,First Owner,5.0,20.4,1248.0,91.7,Fiat,11,1
2018,678000.0,17000.0,Petrol,Individual,Manual,First Owner,5.0,18.78,999.0,75.0,Volkswagen,8,1
2015,800000.0,15000.0,Diesel,Individual,Manual,First Owner,5.0,23.65,1248.0,88.5,Maruti,11,1
2014,400000.0,120000.0,Diesel,Individual,Manual,Second Owner,5.0,23.59,1364.0,67.04,Toyota,12,2
2010,300000.0,49000.0,Petrol,Individual,Manual,First Owner,5.0,18.5,1197.0,80.0,Hyundai,16,1
2016,520000.0,29000.0,Petrol,Individual,Manual,First Owner,5.0,18.6,1197.0,81.83,Hyundai,10,1
2017,850000.0,55000.0,Diesel,Individual,Automatic,First Owner,5.0,19.61,1461.0,108.5,Nissan,9,1
2019,1460000.0,5000.0,Diesel,Individual,Manual,First Owner,7.0,17.3,1497.0,121.0,Mahindra,7,1
2017,830000.0,35000.0,Diesel,Individual,Manual,First Owner,5.0,21.5,1497.0,108.5,Tata,9,1
2018,430000.0,5000.0,Petrol,Individual,Manual,Second Owner,5.0,20.63,1198.0,67.0,Datsun,8,2
2017,850000.0,60000.0,Diesel,Individual,Manual,First Owner,5.0,22.77,1498.0,98.59,Ford,9,1
2017,650000.0,70000.0,Petrol,Individual,Manual,First Owner,5.0,20.85,1197.0,83.14,Maruti,9,1
2008,120000.0,120000.0,Diesel,Individual,Manual,Second Owner,5.0,16.8,1493.0,110.0,Hyundai,18,2
2016,730000.0,65100.0,Diesel,Individual,Manual,Second Owner,7.0,18.49,1493.0,100.0,Mahindra,10,2
2019,525000.0,20000.0,Petrol,Individual,Automatic,First Owner,5.0,20.89,1197.0,81.8,Maruti,7,1
2015,600000.0,108000.0,Diesel,Individual,Manual,First Owner,5.0,21.19,1396.0,88.73,Hyundai,11,1
2019,500000.0,15000.0,Petrol,Individual,Manual,First Owner,5.0,21.21,1197.0,81.8,Maruti,7,1
2009,150000.0,77000.0,Petrol,Individual,Manual,First Owner,5.0,17.92,1086.0,62.1,Hyundai,17,1
2015,409999.0,18500.0,Petrol,Individual,Manual,First Owner,5.0,20.51,998.0,67.04,Maruti,11,1
2016,625000.0,120000.0,Diesel,Individual,Manual,First Owner,7.0,18.49,1493.0,100.0,Mahindra,10,1
2015,290000.0,15200.0,Petrol,Individual,Manual,First Owner,5.0,25.17,799.0,53.3,Renault,11,1
2015,500000.0,35000.0,Petrol,Individual,Manual,First Owner,7.0,17.3,1497.0,117.3,Honda,11,1
2011,475000.0,80000.0,Diesel,Individual,Manual,First Owner,5.0,22.32,1582.0,126.32,Hyundai,15,1
2013,190000.0,70000.0,Petrol,Individual,Manual,First Owner,5.0,21.1,814.0,55.2,Hyundai,13,1
2014,750000.0,80000.0,Diesel,Individual,Manual,Second Owner,7.0,15.1,2179.0,140.0,Mahindra,12,2
2014,525000.0,120000.0,Diesel,Individual,Manual,Second Owner,5.0,19.01,1461.0,108.5,Nissan,12,2
2012,495000.0,82000.0,Diesel,Individual,Manual,Third Owner,5.0,17.3,1998.0,163.7,Chevrolet,14,3
2017,2625000.0,9000.0,Diesel,Dealer,Automatic,First Owner,5.0,13.6,1999.0,177.0,Jaguar,9,1
2019,5150000.0,20000.0,Petrol,Dealer,Automatic,First Owner,5.0,22.37,2487.0,214.56,Lexus,7,1
2017,3200000.0,45000.0,Diesel,Dealer,Automatic,First Owner,5.0,19.33,1999.0,177.0,Jaguar,9,1
2015,503000.0,110000.0,Diesel,Individual,Manual,First Owner,7.0,14.1,2179.0,147.94,Tata,11,1
2019,3800000.0,20000.0,Diesel,Individual,Automatic,First Owner,5.0,18.0,1969.0,190.0,Volvo,7,1
2016,2000000.0,68089.0,Petrol,Trustmark Dealer,Automatic,First Owner,5.0,19.16,2494.0,157.7,Toyota,10,1
2013,225000.0,58343.0,Petrol,Trustmark Dealer,Manual,First Owner,5.0,21.79,998.0,67.05,Maruti,13,1
2018,740000.0,38817.0,Diesel,Dealer,Manual,First Owner,5.0,27.39,1248.0,74.0,Maruti,8,1
2016,550000.0,56494.0,Petrol,Trustmark Dealer,Manual,First Owner,5.0,18.2,1199.0,88.7,Honda,10,1
2013,750000.0,79328.0,Diesel,Trustmark Dealer,Manual,Second Owner,7.0,12.99,2494.0,100.6,Toyota,13,2
2019,650000.0,5621.0,Petrol,Trustmark Dealer,Automatic,First Owner,5.0,22.0,1197.0,81.8,Maruti,7,1
2017,625000.0,25538.0,Petrol,Trustmark Dealer,Manual,First Owner,5.0,16.78,1496.0,88.73,Toyota,9,1
2018,600000.0,69779.0,Petrol,Dealer,Automatic,First Owner,5.0,22.0,1197.0,81.8,Maruti,8,1
2017,450000.0,56290.0,Diesel,Dealer,Manual,First Owner,5.0,24.0,1186.0,73.97,Hyundai,9,1
2019,5200000.0,7500.0,Diesel,Dealer,Automatic,First Owner,5.0,16.78,1995.0,190.0,Bmw,7,1
2019,5200000.0,8500.0,Diesel,Dealer,Automatic,First Owner,5.0,16.78,1995.0,190.0,Bmw,7,1
2019,779000.0,7032.0,Petrol,Trustmark Dealer,Automatic,First Owner,5.0,19.0,1199.0,88.76,Honda,7,1
2016,645000.0,11000.0,Petrol,Dealer,Automatic,First Owner,5.0,14.3,1598.0,103.5,Skoda,10,1
2018,2475000.0,2000.0,Diesel,Dealer,Automatic,First Owner,5.0,16.8,1984.0,150.0,Volvo,8,1
2010,321000.0,60000.0,Petrol,Individual,Automatic,Second Owner,5.0,16.8,1497.0,118.0,Honda,16,2
2017,585000.0,50000.0,Petrol,Individual,Manual,First Owner,5.0,17.71,1197.0,78.9,Toyota,9,1
2011,225000.0,70000.0,Diesel,Individual,Manual,First Owner,5.0,20.0,1399.0,68.0,Ford,15,1
2017,500000.0,70000.0,Diesel,Individual,Manual,First Owner,5.0,25.8,1498.0,98.6,Honda,9,1
2011,350000.0,90000.0,Diesel,Individual,Manual,Third Owner,5.0,23.0,1396.0,90.0,Hyundai,15,3
2016,756000.0,70000.0,Diesel,Individual,Manual,Second Owner,7.0,24.52,1248.0,88.5,Maruti,10,2
2014,240000.0,50000.0,Petrol,Individual,Manual,First Owner,5.0,22.74,796.0,47.3,Maruti,12,1
2012,80000.0,120000.0,Petrol,Individual,Manual,Second Owner,8.0,19.7,796.0,35.0,Maruti,14,2
2019,800000.0,5000.0,Petrol,Individual,Manual,First Owner,5.0,17.19,1197.0,81.86,Hyundai,7,1
2018,1250000.0,25000.0,Diesel,Individual,Manual,First Owner,7.0,17.6,2179.0,147.94,Tata,8,1
2009,320000.0,80000.0,Diesel,Individual,Manual,Third Owner,7.0,12.05,2179.0,120.0,Mahindra,17,3
2017,509999.0,25000.0,Petrol,Individual,Manual,First Owner,5.0,18.9,1197.0,82.0,Hyundai,9,1
2019,650000.0,15000.0,Diesel,Individual,Manual,First Owner,5.0,22.95,1248.0,74.0,Tata,7,1
2011,210000.0,35000.0,Petrol,Individual,Manual,Second Owner,5.0,20.92,998.0,67.1,Maruti,15,2
2008,110000.0,80000.0,Petrol,Individual,Manual,Second Owner,5.0,19.7,796.0,46.3,Maruti,18,2
2017,665000.0,25000.0,Diesel,Individual,Manual,First Owner,5.0,21.5,1497.0,108.5,Tata,9,1
2017,555000.0,52000.0,Diesel,Individual,Manual,First Owner,5.0,21.66,1498.0,108.62,Volkswagen,9,1
2017,560000.0,52000.0,Diesel,Individual,Manual,First Owner,5.0,21.66,1498.0,108.62,Volkswagen,9,1
2016,375000.0,80000.0,Diesel,Individual,Manual,First Owner,6.0,25.32,1198.0,77.0,Mahindra,10,1
2011,290000.0,77000.0,Diesel,Individual,Manual,Second Owner,5.0,19.3,1248.0,82.0,Maruti,15,2
2017,2950000.0,50000.0,Diesel,Individual,Automatic,First Owner,7.0,15.04,2755.0,174.5,Toyota,9,1
2017,605000.0,127000.0,Diesel,Individual,Manual,First Owner,5.0,28.4,1248.0,74.02,Maruti,9,1
2017,720000.0,30000.0,Petrol,Individual,Manual,First Owner,5.0,17.5,1199.0,88.7,Honda,9,1
2017,800000.0,70000.0,Diesel,Individual,Manual,First Owner,7.0,24.52,1248.0,88.5,Maruti,9,1
2017,1325000.0,54000.0,Diesel,Individual,Manual,First Owner,7.0,16.0,2179.0,140.0,Mahindra,9,1
2011,625000.0,120000.0,Diesel,Individual,Manual,Second Owner,6.0,10.5,2835.0,116.9,Mitsubishi,15,2
2011,350000.0,116500.0,Diesel,Individual,Manual,First Owner,5.0,23.0,1396.0,90.0,Hyundai,15,1
2012,600000.0,145000.0,Diesel,Individual,Manual,Second Owner,8.0,12.99,2494.0,100.0,Toyota,14,2
2012,300000.0,120000.0,Petrol,Individual,Manual,First Owner,5.0,18.5,1197.0,82.85,Hyundai,14,1
2011,240000.0,120000.0,Diesel,Individual,Manual,First Owner,7.0,13.93,2179.0,138.1,Tata,15,1
2016,377000.0,80000.0,Diesel,Individual,Manual,First Owner,5.0,25.83,1498.0,99.0,Ford,10,1
2013,450000.0,140000.0,Petrol,Individual,Manual,First Owner,7.0,16.02,1373.0,93.7,Maruti,13,1
2008,160000.0,100000.0,Petrol,Individual,Manual,Fourth & Above Owner,5.0,13.9,1599.0,103.2,Hyundai,18,4
2019,525000.0,100000.0,Petrol,Individual,Manual,First Owner,5.0,20.14,1197.0,81.86,Hyundai,7,1
2011,550000.0,168000.0,Diesel,Individual,Manual,Second Owner,8.0,12.8,2494.0,102.0,Toyota,15,2
2010,270000.0,120000.0,Diesel,Individual,Manual,Third Owner,5.0,18.3,1991.0,147.9,Chevrolet,16,3
2016,570000.0,145000.0,Diesel,Individual,Manual,Second Owner,5.0,23.59,1364.0,67.05,Toyota,10,2
2011,225000.0,90000.0,Diesel,Individual,Manual,Second Owner,5.0,20.0,1399.0,68.0,Ford,15,2
2019,590000.0,90000.0,Petrol,Individual,Manual,First Owner,5.0,20.14,1197.0,81.86,Hyundai,7,1
2018,1675000.0,80000.0,Diesel,Individual,Manual,First Owner,5.0,17.1,1956.0,170.0,Jeep,8,1
2019,800000.0,33000.0,Petrol,Dealer,Manual,First Owner,5.0,19.4,1194.0,94.93,Ford,7,1
2014,450000.0,13500.0,Petrol,Individual,Manual,First Owner,5.0,18.2,1199.0,82.4,Chevrolet,12,1
2012,300000.0,80000.0,Diesel,Individual,Manual,First Owner,5.0,17.0,1405.0,70.0,Tata,14,1
2017,645000.0,20000.0,Petrol,Individual,Manual,First Owner,5.0,18.6,1197.0,81.83,Hyundai,9,1
2013,520000.0,58000.0,Diesel,Individual,Manual,First Owner,5.0,23.4,1248.0,74.0,Maruti,13,1
2013,200000.0,40000.0,Petrol,Individual,Manual,First Owner,5.0,21.1,814.0,55.2,Hyundai,13,1
2015,700000.0,30000.0,Petrol,Individual,Manual,First Owner,5.0,17.4,1497.0,117.3,Honda,11,1
2000,45000.0,50000.0,Petrol,Individual,Manual,Second Owner,4.0,16.1,796.0,37.0,Maruti,26,2
2016,459999.0,73000.0,Diesel,Individual,Manual,First Owner,5.0,25.83,1498.0,99.0,Ford,10,1
2014,325000.0,90000.0,Diesel,Individual,Manual,Second Owner,5.0,23.2,1248.0,73.94,Maruti,12,2
2015,350000.0,50000.0,Petrol,Individual,Manual,Second Owner,5.0,20.51,998.0,67.04,Maruti,11,2
2011,440000.0,80000.0,Diesel,Individual,Manual,Third Owner,5.0,22.32,1582.0,126.3,Hyundai,15,3
2011,320000.0,70000.0,Diesel,Individual,Manual,Second Owner,5.0,21.9,1396.0,90.0,Hyundai,15,2
2011,169000.0,41000.0,Petrol,Individual,Manual,First Owner,5.0,18.0,995.0,62.0,Chevrolet,15,1
2013,350000.0,50000.0,Petrol,Individual,Manual,Fourth & Above Owner,5.0,16.47,1198.0,73.9,Volkswagen,13,4
2014,350000.0,113226.0,Diesel,Dealer,Manual,First Owner,5.0,19.68,1399.0,67.0,Ford,12,1
2013,310000.0,90000.0,Diesel,Individual,Manual,Second Owner,5.0,20.0,1399.0,68.1,Ford,13,2
2007,150000.0,70000.0,Petrol,Individual,Manual,Third Owner,5.0,19.3,1248.0,82.0,Maruti,19,3
2010,420000.0,160500.0,Diesel,Individual,Manual,Fourth & Above Owner,5.0,13.5,2179.0,115.0,Mahindra,16,4
2015,685000.0,30000.0,Petrol,Individual,Automatic,First Owner,5.0,19.12,1373.0,91.1,Maruti,11,1
2014,560000.0,132000.0,Diesel,Individual,Manual,Second Owner,5.0,19.72,1461.0,108.45,Renault,12,2
2013,470000.0,120000.0,Diesel,Individual,Manual,Third Owner,5.0,22.9,1248.0,74.0,Maruti,13,3
2011,380000.0,80000.0,Petrol,Individual,Manual,Second Owner,5.0,16.2,1599.0,103.2,Hyundai,15,2
2015,670000.0,57000.0,Diesel,Individual,Manual,Second Owner,7.0,15.4,1997.0,120.0,Mahindra,11,2
2018,550000.0,5000.0,Petrol,Individual,Manual,First Owner,5.0,22.0,1197.0,81.8,Maruti,8,1
2016,749000.0,25000.0,Petrol,Individual,Manual,First Owner,5.0,17.01,1591.0,121.3,Hyundai,10,1
2015,899000.0,80000.0,Diesel,Individual,Manual,Second Owner,5.0,19.67,1582.0,126.2,Hyundai,11,2
2011,290000.0,88000.0,Diesel,Individual,Manual,Third Owner,5.0,16.52,1991.0,123.7,Chevrolet,15,3
2014,869999.0,217000.0,Diesel,Individual,Manual,Second Owner,7.0,12.99,2494.0,100.6,Toyota,12,2
2015,350000.0,60000.0,Petrol,Individual,Manual,First Owner,7.0,20.62,1198.0,67.0,Datsun,11,1
2017,500000.0,43000.0,Petrol,Individual,Manual,First Owner,5.0,20.85,1197.0,83.14,Maruti,9,1
2014,400000.0,77000.0,Diesel,Individual,Automatic,Second Owner,5.0,21.66,1498.0,103.6,Skoda,12,2
2016,260000.0,30000.0,Petrol,Individual,Manual,First Owner,5.0,25.17,799.0,53.3,Renault,10,1
2015,220000.0,40000.0,Petrol,Individual,Manual,Second Owner,5.0,22.74,796.0,47.3,Maruti,11,2
2014,190000.0,139000.0,Diesel,Individual,Manual,Second Owner,8.0,18.2,1248.0,73.8,Chevrolet,12,2
2016,400000.0,80000.0,Petrol,Individual,Manual,First Owner,5.0,18.9,1197.0,82.0,Hyundai,10,1
2014,170000.0,76000.0,Diesel,Individual,Manual,Second Owner,5.0,25.44,936.0,56.3,Chevrolet,12,2
2019,650000.0,3500.0,Petrol,Individual,Manual,First Owner,5.0,18.6,1197.0,81.86,Hyundai,7,1
2007,60000.0,62000.0,Petrol,Individual,Manual,Second Owner,4.0,16.1,796.0,37.0,Maruti,19,2
2007,300000.0,110000.0,Petrol,Individual,Manual,Second Owner,7.0,12.0,2092.0,127.0,Tata,19,2
2012,125000.0,40000.0,Petrol,Individual,Manual,Second Owner,5.0,16.2,995.0,62.1,Chevrolet,14,2
2013,130000.0,120000.0,Diesel,Individual,Manual,Second Owner,5.0,19.3,1248.0,82.0,Tata,13,2
2012,500000.0,225000.0,Diesel,Individual,Manual,First Owner,7.0,15.1,2179.0,140.0,Mahindra,14,1
2011,170000.0,70000.0,Petrol,Individual,Manual,Third Owner,5.0,19.7,796.0,46.3,Maruti,15,3
2012,310000.0,77000.0,Diesel,Individual,Manual,Second Owner,5.0,19.3,1248.0,73.9,Maruti,14,2
2011,130000.0,110000.0,Petrol,Individual,Manual,Second Owner,5.0,18.0,995.0,62.0,Chevrolet,15,2
2016,465000.0,20000.0,Petrol,Individual,Manual,First Owner,5.0,20.51,998.0,67.04,Maruti,10,1
1995,160000.0,90000.0,Diesel,Individual,Manual,Third Owner,5.0,19.3,1248.0,82.0,Mahindra,31,3
2005,800000.0,120005.0,Diesel,Individual,Automatic,Second Owner,5.0,11.0,2987.0,198.5,Mercedes-Benz,21,2
2012,260000.0,16830.0,Petrol,Individual,Manual,First Owner,5.0,20.2,998.0,67.1,Maruti,14,1
2013,500000.0,70000.0,Diesel,Individual,Manual,First Owner,9.0,15.96,2523.0,63.0,Mahindra,13,1
2017,325000.0,38000.0,Petrol,Individual,Manual,First Owner,5.0,23.01,999.0,67.0,Renault,9,1
2013,400000.0,80000.0,Diesel,Individual,Manual,First Owner,9.0,15.96,2523.0,63.0,Mahindra,13,1
2018,3200000.0,50000.0,Diesel,Individual,Manual,First Owner,7.0,14.24,2755.0,174.5,Toyota,8,1
2007,200000.0,50000.0,Diesel,Individual,Manual,First Owner,5.0,17.88,1396.0,52.8,Tata,19,1
2013,450000.0,52000.0,Diesel,Individual,Manual,First Owner,7.0,17.21,1493.0,100.0,Mahindra,13,1
2012,229999.0,50000.0,Diesel,Individual,Manual,First Owner,5.0,17.0,1405.0,70.0,Tata,14,1
2016,340000.0,30000.0,Petrol,Individual,Manual,First Owner,5.0,21.1,814.0,55.2,Hyundai,10,1
2014,550000.0,103000.0,Diesel,Individual,Manual,First Owner,7.0,15.96,2523.0,62.1,Mahindra,12,1
2011,975000.0,93468.0,Diesel,Individual,Automatic,Second Owner,7.0,11.4,2953.0,153.86,Ford,15,2
2019,3800000.0,20000.0,Diesel,Individual,Automatic,First Owner,5.0,18.0,1969.0,190.0,Volvo,7,1
2010,225000.0,80000.0,Petrol,Individual,Manual,Second Owner,5.0,14.0,1595.0,102.0,Volkswagen,16,2
2018,3250000.0,12000.0,Diesel,Individual,Automatic,First Owner,7.0,10.91,3198.0,197.0,Ford,8,1
2013,280000.0,70000.0,Diesel,Individual,Manual,First Owner,5.0,25.0,1396.0,69.0,Tata,13,1
2019,700000.0,4500.0,Petrol,Individual,Manual,First Owner,5.0,19.5,1199.0,88.76,Honda,7,1
2012,259000.0,35000.0,Diesel,Individual,Manual,First Owner,5.0,23.03,1396.0,69.0,Tata,14,1
2018,3200000.0,60000.0,Diesel,Individual,Automatic,First Owner,7.0,15.04,2755.0,174.5,Toyota,8,1
2018,1400000.0,30000.0,Diesel,Individual,Manual,First Owner,7.0,16.0,1997.0,140.0,Mahindra,8,1
2015,416000.0,40000.0,Petrol,Individual,Automatic,First Owner,5.0,17.01,1499.0,110.4,Ford,11,1
2011,250000.0,70000.0,Diesel,Individual,Manual,First Owner,5.0,19.0,1248.0,90.0,Tata,15,1
2010,210000.0,120000.0,Diesel,Individual,Manual,First Owner,5.0,21.12,1248.0,88.8,Tata,16,1
2008,290000.0,120000.0,Diesel,Individual,Manual,Second Owner,8.0,12.05,2179.0,120.0,Mahindra,18,2
2012,220000.0,90000.0,Diesel,Individual,Manual,First Owner,5.0,23.03,1396.0,69.0,Tata,14,1
2012,246000.0,35000.0,Diesel,Individual,Manual,Second Owner,5.0,23.03,1396.0,69.0,Tata,14,2
2018,260000.0,30000.0,Petrol,Individual,Manual,First Owner,8.0,16.8,796.0,34.2,Maruti,8,1
2018,1050000.0,70000.0,Diesel,Individual,Manual,First Owner,5.0,21.38,1396.0,88.7,Hyundai,8,1
2012,290000.0,60000.0,Diesel,Individual,Manual,First Owner,5.0,21.02,1248.0,88.76,Tata,14,1
2013,310000.0,70000.0,Diesel,Individual,Manual,First Owner,5.0,25.0,1396.0,69.0,Tata,13,1
2018,700000.0,6000.0,Petrol,Individual,Manual,First Owner,5.0,18.6,1197.0,81.83,Hyundai,8,1
2016,550000.0,20000.0,Petrol,Individual,Manual,First Owner,5.0,20.4,1197.0,81.8,Maruti,10,1
2017,450000.0,70000.0,Diesel,Individual,Manual,First Owner,5.0,19.09,1405.0,69.01,Tata,9,1
2016,773000.0,65000.0,Petrol,Individual,Manual,First Owner,5.0,17.8,1497.0,117.3,Honda,10,1
2017,450000.0,25000.0,Petrol,Individual,Manual,First Owner,5.0,23.84,1199.0,84.0,Tata,9,1
2019,409999.0,10000.0,Petrol,Individual,Manual,First Owner,5.0,15.37,1196.0,73.0,Maruti,7,1
2003,45000.0,35000.0,Petrol,Individual,Manual,Fourth & Above Owner,4.0,16.1,796.0,37.0,Maruti,23,4
2014,600000.0,80000.0,Petrol,Individual,Automatic,Second Owner,5.0,11.07,2496.0,179.5,Nissan,12,2
2010,250000.0,63000.0,Petrol,Individual,Manual,First Owner,5.0,18.6,1199.0,79.4,Chevrolet,16,1
2008,70000.0,100000.0,Diesel,Individual,Manual,First Owner,5.0,16.8,1405.0,62.0,Tata,18,1
2019,690000.0,1303.0,Petrol,Dealer,Manual,First Owner,5.0,17.8,1198.0,86.7,Honda,7,1
2018,3975000.0,31800.0,Diesel,Dealer,Automatic,First Owner,5.0,17.01,1968.0,188.0,Audi,8,1
2019,5150000.0,20000.0,Petrol,Dealer,Automatic,First Owner,5.0,22.37,2487.0,214.56,Lexus,7,1
2017,3200000.0,45000.0,Diesel,Dealer,Automatic,First Owner,5.0,19.33,1999.0,177.0,Jaguar,9,1
2017,4100000.0,17000.0,Petrol,Individual,Automatic,First Owner,5.0,9.5,3604.0,280.0,Jeep,9,1
2018,1000000.0,4295.0,Petrol,Trustmark Dealer,Manual,First Owner,5.0,17.1,1496.0,105.5,Toyota,8,1
2018,1000000.0,5229.0,Petrol,Trustmark Dealer,Manual,First Owner,5.0,17.1,1496.0,105.5,Toyota,8,1
2016,2000000.0,68089.0,Petrol,Trustmark Dealer,Automatic,First Owner,5.0,19.16,2494.0,157.7,Toyota,10,1
2018,925000.0,23712.0,Diesel,Trustmark Dealer,Manual,First Owner,5.0,28.09,1248.0,88.5,Maruti,8,1
2016,550000.0,56494.0,Petrol,Trustmark Dealer,Manual,First Owner,5.0,18.2,1199.0,88.7,Honda,10,1
2018,430000.0,16589.0,Petrol,Trustmark Dealer,Manual,First Owner,5.0,20.51,998.0,67.04,Maruti,8,1
2013,750000.0,79328.0,Diesel,Trustmark Dealer,Manual,Second Owner,7.0,12.99,2494.0,100.6,Toyota,13,2
2016,675000.0,53201.0,Petrol,Trustmark Dealer,Manual,Second Owner,5.0,17.8,1497.0,117.3,Honda,10,2
2017,570000.0,25272.0,Petrol,Trustmark Dealer,Manual,First Owner,5.0,21.01,1197.0,81.8,Maruti,9,1
2017,850000.0,53619.0,Diesel,Trustmark Dealer,Manual,First Owner,5.0,24.3,1248.0,88.5,Maruti,9,1
2019,5200000.0,7500.0,Diesel,Dealer,Automatic,First Owner,5.0,16.78,1995.0,190.0,Bmw,7,1
2019,5200000.0,8500.0,Diesel,Dealer,Automatic,First Owner,5.0,16.78,1995.0,190.0,Bmw,7,1
2019,779000.0,7032.0,Petrol,Trustmark Dealer,Automatic,First Owner,5.0,19.0,1199.0,88.76,Honda,7,1
2018,640000.0,6001.0,Petrol,Dealer,Manual,First Owner,5.0,15.9,1496.0,120.69,Ford,8,1
2013,250000.0,80000.0,Diesel,Individual,Manual,First Owner,5.0,19.09,1405.0,69.01,Tata,13,1
2018,1250000.0,12000.0,Diesel,Individual,Manual,First Owner,5.0,19.6,1461.0,108.45,Renault,8,1
2017,889000.0,25000.0,Petrol,Individual,Manual,First Owner,5.0,17.0,1497.0,121.31,Ford,9,1
2017,750000.0,40000.0,Diesel,Individual,Manual,Second Owner,5.0,22.54,1396.0,88.73,Hyundai,9,2
2010,320000.0,130000.0,Diesel,Individual,Manual,Third Owner,5.0,17.8,1248.0,75.0,Maruti,16,3
2011,600000.0,202000.0,Diesel,Individual,Manual,First Owner,5.0,17.67,1968.0,138.08,Skoda,15,1
2018,1000000.0,40000.0,Diesel,Individual,Manual,First Owner,5.0,28.09,1248.0,88.5,Maruti,8,1
2000,110000.0,70000.0,Petrol,Individual,Manual,Fourth & Above Owner,5.0,17.3,993.0,60.0,Maruti,26,4
2008,250000.0,120000.0,Petrol,Individual,Manual,Second Owner,5.0,17.7,1497.0,78.0,Honda,18,2
2015,600000.0,60000.0,Diesel,Individual,Manual,First Owner,5.0,26.59,1248.0,74.0,Maruti,11,1
2009,165000.0,60000.0,Petrol,Individual,Manual,First Owner,5.0,19.0,998.0,67.1,Maruti,17,1
2004,118000.0,60000.0,Petrol,Individual,Manual,Second Owner,5.0,19.7,796.0,46.3,Maruti,22,2
2016,700000.0,78000.0,Diesel,Individual,Manual,First Owner,5.0,27.39,1248.0,74.0,Maruti,10,1
2013,585000.0,80000.0,Diesel,Individual,Manual,Second Owner,5.0,20.46,1461.0,83.8,Renault,13,2
2006,120000.0,120000.0,Petrol,Individual,Manual,Fourth & Above Owner,5.0,19.7,796.0,46.3,Maruti,20,4
2003,65000.0,90000.0,Petrol,Individual,Manual,Fourth & Above Owner,4.0,16.1,796.0,37.0,Maruti,23,4
2006,150000.0,100000.0,Petrol,Individual,Manual,Second Owner,5.0,19.7,796.0,46.3,Maruti,20,2
2009,150000.0,70000.0,Petrol,Individual,Manual,Fourth & Above Owner,5.0,19.7,796.0,46.3,Maruti,17,4
2004,170000.0,160000.0,Diesel,Individual,Manual,Third Owner,5.0,13.1,1493.0,82.0,Hyundai,22,3
2006,250000.0,120000.0,Diesel,Individual,Manual,Third Owner,8.0,10.5,2179.0,120.0,Mahindra,20,3
2005,100000.0,100000.0,Diesel,Individual,Manual,Third Owner,5.0,13.1,1493.0,82.0,Hyundai,21,3
2013,599000.0,60000.0,Diesel,Individual,Manual,Second Owner,7.0,20.77,1248.0,88.76,Maruti,13,2
2010,250000.0,135000.0,Diesel,Individual,Manual,Third Owner,5.0,18.3,1991.0,147.9,Chevrolet,16,3
2016,570000.0,90000.0,Petrol,Individual,Manual,First Owner,5.0,20.4,1197.0,81.8,Maruti,10,1
2013,440000.0,75000.0,Diesel,Individual,Manual,Second Owner,5.0,22.07,1199.0,73.9,Volkswagen,13,2
2005,300000.0,185000.0,Diesel,Individual,Manual,Second Owner,7.0,11.4,2494.0,100.6,Toyota,21,2
2015,300000.0,71717.0,Petrol,Individual,Automatic,Second Owner,5.0,19.34,1198.0,76.0,Nissan,11,2
2011,500000.0,150000.0,Diesel,Individual,Automatic,Second Owner,8.0,11.79,2179.0,120.0,Mahindra,15,2
2016,660000.0,55000.0,Diesel,Individual,Manual,First Owner,5.0,26.59,1248.0,74.0,Maruti,10,1
2012,256000.0,90000.0,Petrol,Individual,Manual,Second Owner,5.0,15.3,1596.0,99.6,Ford,14,2
2018,409999.0,35000.0,Petrol,Individual,Manual,First Owner,5.0,23.01,999.0,67.0,Renault,8,1
2015,1888000.0,120000.0,Diesel,Individual,Manual,Second Owner,7.0,12.55,2982.0,168.5,Toyota,11,2
2011,250000.0,100000.0,LPG,Individual,Manual,Second Owner,5.0,13.45,1086.0,62.1,Hyundai,15,2
2009,280000.0,40000.0,Petrol,Individual,Automatic,Third Owner,5.0,12.9,1799.0,130.0,Honda,17,3
2010,300000.0,100000.0,Diesel,Individual,Manual,First Owner,8.0,13.0,2489.0,95.0,Mahindra,16,1
2016,900000.0,120000.0,Diesel,Individual,Manual,First Owner,5.0,14.1,2179.0,147.94,Tata,10,1
2014,190000.0,60000.0,Petrol,Individual,Manual,First Owner,5.0,19.0,998.0,67.1,Maruti,12,1
2019,800000.0,2000.0,Diesel,Individual,Manual,First Owner,9.0,15.96,2523.0,63.0,Mahindra,7,1
2012,450000.0,100000.0,Diesel,Individual,Manual,First Owner,8.0,14.0,2523.0,75.0,Mahindra,14,1
2015,400000.0,110000.0,Diesel,Individual,Manual,First Owner,7.0,14.95,2489.0,93.7,Mahindra,11,1
2009,150000.0,90000.0,Diesel,Individual,Manual,Second Owner,7.0,13.93,2179.0,138.1,Tata,17,2
2011,200000.0,84321.0,Diesel,Individual,Manual,First Owner,5.0,23.57,1396.0,70.0,Tata,15,1
2013,600000.0,177000.0,Diesel,Individual,Manual,First Owner,7.0,15.1,2179.0,140.0,Mahindra,13,1
2010,175000.0,60000.0,Diesel,Individual,Manual,First Owner,5.0,18.0,1248.0,75.0,Tata,16,1
2008,99000.0,205000.0,Diesel,Individual,Manual,Second Owner,5.0,19.09,1396.0,69.0,Tata,18,2
2008,215000.0,70000.0,Petrol,Individual,Manual,Second Owner,5.0,20.36,1197.0,78.9,Hyundai,18,2
2011,190000.0,70000.0,Petrol,Individual,Manual,Third Owner,5.0,19.3,1248.0,82.0,Maruti,15,3
2013,520000.0,126000.0,Diesel,Individual,Manual,Second Owner,5.0,19.01,1461.0,108.45,Renault,13,2
2016,2280000.0,120000.0,Diesel,Individual,Automatic,Second Owner,7.0,10.91,3198.0,197.0,Ford,10,2
2015,285000.0,70000.0,Diesel,Individual,Manual,First Owner,5.0,19.1,1405.0,70.0,Tata,11,1
2017,660000.0,82000.0,Diesel,Individual,Manual,First Owner,7.0,18.49,1493.0,100.0,Mahindra,9,1
2004,31504.0,110000.0,Petrol,Individual,Manual,Third Owner,4.0,16.1,796.0,37.0,Maruti,22,3
2015,515000.0,45000.0,Petrol,Individual,Manual,Second Owner,5.0,20.85,1197.0,83.14,Maruti,11,2
2012,295000.0,70000.0,Diesel,Individual,Manual,Second Owner,5.0,21.64,1461.0,84.8,Nissan,14,2
2015,700000.0,80000.0,Diesel,Individual,Manual,Second Owner,5.0,20.45,1461.0,83.8,Nissan,11,2
2017,1100000.0,45000.0,Diesel,Individual,Manual,First Owner,7.0,15.4,2179.0,120.0,Mahindra,9,1
2017,300000.0,60000.0,Petrol,Individual,Manual,First Owner,5.0,20.3,998.0,68.05,Hyundai,9,1
2013,450000.0,41800.0,Petrol,Individual,Manual,First Owner,5.0,18.6,1197.0,85.8,Maruti,13,1
2010,135000.0,132000.0,Petrol,Individual,Manual,Second Owner,5.0,19.3,1248.0,82.0,Maruti,16,2
2017,700000.0,50000.0,Diesel,Individual,Manual,Second Owner,5.0,28.4,1248.0,74.02,Maruti,9,2
2012,250000.0,40000.0,Diesel,Individual,Manual,First Owner,5.0,20.0,1399.0,68.0,Ford,14,1
2009,140000.0,96000.0,Petrol,Individual,Manual,Second Owner,5.0,18.9,1061.0,67.0,Maruti,17,2
2012,250000.0,117000.0,Diesel,Individual,Manual,First Owner,8.0,14.0,2498.0,112.0,Mahindra,14,1
2011,210000.0,110000.0,Petrol,Individual,Manual,Second Owner,5.0,19.81,1086.0,68.05,Hyundai,15,2
2014,420000.0,100000.0,Diesel,Individual,Manual,Second Owner,5.0,25.8,1498.0,98.6,Honda,12,2
2007,130000.0,88700.0,Petrol,Individual,Manual,Third Owner,5.0,19.7,796.0,46.3,Maruti,19,3
2012,320000.0,70000.0,Petrol,Individual,Manual,Second Owner,5.0,16.95,1498.0,97.7,Nissan,14,2
2010,200000.0,110000.0,Petrol,Individual,Manual,Second Owner,5.0,17.3,1061.0,64.0,Maruti,16,2
2016,310000.0,15000.0,Petrol,Individual,Manual,First Owner,5.0,22.74,796.0,47.3,Maruti,10,1
2012,200000.0,80000.0,Diesel,Individual,Manual,Second Owner,5.0,20.8,1461.0,65.0,Mahindra,14,2
2014,350000.0,50000.0,Petrol,Individual,Manual,First Owner,5.0,18.5,1197.0,85.8,Maruti,12,1
2018,444000.0,15000.0,Petrol,Individual,Manual,First Owner,5.0,21.1,814.0,55.2,Hyundai,8,1
2017,300000.0,25000.0,Petrol,Individual,Manual,First Owner,5.0,22.7,799.0,53.64,Datsun,9,1
2011,225000.0,57000.0,Diesel,Individual,Manual,Second Owner,5.0,21.0,1461.0,64.1,Mahindra,15,2
2012,600000.0,75000.0,Diesel,Individual,Manual,First Owner,7.0,15.96,2523.0,62.1,Mahindra,14,1
2013,260000.0,26000.0,Petrol,Individual,Manual,First Owner,5.0,15.37,1196.0,73.0,Maruti,13,1
2015,375000.0,160000.0,Diesel,Individual,Manual,First Owner,5.0,24.4,1120.0,71.01,Hyundai,11,1
2013,260000.0,26000.0,Petrol,Individual,Manual,First Owner,5.0,15.37,1196.0,73.0,Maruti,13,1
2010,150000.0,120000.0,Petrol,Individual,Manual,Second Owner,5.0,19.7,796.0,46.3,Maruti,16,2
2014,110000.0,50000.0,Petrol,Individual,Manual,Second Owner,5.0,19.7,796.0,46.3,Maruti,12,2
2012,225000.0,40000.0,Petrol,Individual,Manual,First Owner,5.0,19.7,796.0,46.3,Maruti,14,1
2011,400000.0,90000.0,Diesel,Individual,Manual,Third Owner,5.0,19.3,1248.0,82.0,Toyota,15,3
2005,93000.0,120000.0,Petrol,Individual,Manual,Third Owner,5.0,19.3,1248.0,82.0,Maruti,21,3
2017,860000.0,28000.0,Petrol,Individual,Manual,First Owner,5.0,17.8,1497.0,117.3,Honda,9,1
2018,650000.0,50000.0,Diesel,Individual,Manual,First Owner,5.0,28.4,1248.0,74.02,Maruti,8,1
2014,650000.0,90000.0,Diesel,Individual,Manual,First Owner,7.0,20.77,1248.0,88.8,Maruti,12,1
2016,710000.0,40000.0,Diesel,Individual,Manual,First Owner,5.0,24.8,1396.0,88.7,Hyundai,10,1
2017,430000.0,113000.0,Diesel,Individual,Manual,First Owner,5.0,25.83,1498.0,99.0,Ford,9,1
2011,305000.0,188000.0,Diesel,Individual,Manual,Second Owner,5.0,17.8,1248.0,75.0,Maruti,15,2
2011,220000.0,100000.0,Diesel,Individual,Manual,First Owner,5.0,20.0,1399.0,68.0,Ford,15,1
2010,150000.0,225000.0,Diesel,Individual,Manual,Third Owner,9.0,14.0,1948.0,90.0,Tata,16,3
2017,660000.0,67000.0,Diesel,Individual,Manual,Second Owner,7.0,18.49,1493.0,100.0,Mahindra,9,2
2011,140000.0,70000.0,Diesel,Individual,Manual,Fourth & Above Owner,5.0,25.44,936.0,57.6,Chevrolet,15,4
2015,1100000.0,50000.0,Petrol,Individual,Manual,First Owner,5.0,14.28,1798.0,138.03,Toyota,11,1
2013,2450000.0,60000.0,Diesel,Individual,Automatic,First Owner,5.0,16.36,2179.0,187.7,Jaguar,13,1
2017,625000.0,34000.0,Diesel,Individual,Automatic,First Owner,5.0,22.0,1498.0,108.495,Volkswagen,9,1
2004,198000.0,110000.0,Petrol,Individual,Manual,Third Owner,5.0,12.8,1493.0,100.0,Honda,22,3
2001,60000.0,71000.0,Petrol,Individual,Manual,Second Owner,5.0,19.3,1248.0,82.0,Hyundai,25,2
2005,130000.0,140000.0,Petrol,Individual,Manual,Second Owner,5.0,18.9,998.0,67.1,Maruti,21,2
2012,540000.0,100000.0,Petrol,Individual,Manual,Second Owner,5.0,16.8,1497.0,116.3,Honda,14,2
2017,550000.0,10000.0,Petrol,Individual,Automatic,First Owner,5.0,18.9,1197.0,81.86,Hyundai,9,1
2018,475000.0,30000.0,Petrol,Individual,Manual,First Owner,5.0,21.63,998.0,67.04,Maruti,8,1
2017,2825000.0,22000.0,Diesel,Dealer,Automatic,First Owner,5.0,15.73,1968.0,174.33,Audi,9,1
2020,2125000.0,5500.0,Diesel,Dealer,Manual,First Owner,5.0,26.8,1597.0,118.0,Honda,6,1
2018,3350000.0,18000.0,Diesel,Dealer,Automatic,First Owner,5.0,19.62,1998.0,190.0,Bmw,8,1
2018,1800000.0,20000.0,Diesel,Dealer,Automatic,First Owner,8.0,11.36,2755.0,171.5,Toyota,8,1
2018,540000.0,7000.0,Petrol,Dealer,Manual,First Owner,5.0,20.3,1086.0,68.0,Hyundai,8,1
2018,910000.0,20000.0,Diesel,Dealer,Manual,First Owner,5.0,17.0,2596.0,80.8,Force,8,1
2019,484999.0,4875.0,Petrol,Dealer,Manual,First Owner,5.0,21.63,998.0,67.04,Maruti,7,1
2020,1950000.0,2700.0,Diesel,Dealer,Automatic,First Owner,5.0,17.01,1582.0,126.2,Hyundai,6,1
2018,950000.0,58511.0,Diesel,Dealer,Manual,First Owner,5.0,24.3,1248.0,88.5,Maruti,8,1
2015,365000.0,105000.0,Diesel,Dealer,Manual,First Owner,5.0,25.83,1498.0,99.0,Ford,11,1
2018,900000.0,26235.0,Diesel,Dealer,Manual,First Owner,6.0,16.55,2498.0,105.0,Mahindra,8,1
2017,919999.0,26766.0,Diesel,Dealer,Manual,First Owner,5.0,21.5,1497.0,108.5,Tata,9,1
2020,1900000.0,1600.0,Petrol,Dealer,Automatic,First Owner,5.0,13.96,1451.0,141.0,Mg,6,1
2018,2950000.0,46000.0,Diesel,Dealer,Manual,First Owner,5.0,15.8,2148.0,170.0,Mercedes-Benz,8,1
2019,1075000.0,23000.0,Diesel,Dealer,Manual,First Owner,7.0,17.3,1497.0,121.0,Mahindra,7,1
2017,600000.0,24522.0,Petrol,Dealer,Manual,First Owner,5.0,20.4,1197.0,81.8,Maruti,9,1
2017,3200000.0,13663.0,Diesel,Dealer,Automatic,First Owner,5.0,22.69,1995.0,190.0,Bmw,9,1
2019,2600000.0,11000.0,Diesel,Dealer,Automatic,First Owner,5.0,19.3,1968.0,141.0,Skoda,7,1
2016,839000.0,63000.0,Diesel,Dealer,Manual,First Owner,5.0,24.3,1248.0,88.5,Maruti,10,1
2019,635000.0,2000.0,Petrol,Dealer,Manual,First Owner,5.0,16.2,1199.0,74.0,Volkswagen,7,1
2014,550000.0,225000.0,Diesel,Individual,Manual,Third Owner,8.0,12.05,2179.0,120.0,Mahindra,12,3
2011,180000.0,190000.0,Diesel,Individual,Manual,Third Owner,5.0,19.2,1461.0,65.0,Mahindra,15,3
2015,650000.0,80000.0,Diesel,Individual,Manual,First Owner,5.0,26.0,1498.0,98.6,Honda,11,1
2011,350000.0,80000.0,Petrol,Individual,Manual,Second Owner,5.0,16.0,1198.0,90.0,Honda,15,2
2015,265000.0,54000.0,Petrol,Individual,Manual,First Owner,5.0,23.95,998.0,67.05,Maruti,11,1
2018,330000.0,30000.0,Petrol,Individual,Manual,First Owner,5.0,23.01,999.0,67.0,Renault,8,1
2019,395000.0,5000.0,Petrol,Individual,Manual,First Owner,7.0,15.37,1196.0,73.0,Maruti,7,1
2015,700000.0,58945.0,Diesel,Individual,Manual,First Owner,7.0,18.49,1493.0,100.0,Mahindra,11,1
2012,300000.0,90000.0,Diesel,Individual,Manual,First Owner,5.0,20.0,1399.0,68.0,Ford,14,1
2011,650000.0,225000.0,Diesel,Individual,Manual,First Owner,8.0,12.8,2494.0,102.0,Toyota,15,1
2013,625000.0,160000.0,Diesel,Individual,Manual,Third Owner,7.0,20.77,1248.0,88.76,Maruti,13,3
2014,425000.0,80000.0,Diesel,Individual,Manual,Second Owner,5.0,15.11,1598.0,103.6,Volkswagen,12,2
2004,55000.0,50000.0,Petrol,Individual,Manual,Third Owner,4.0,16.1,796.0,37.0,Maruti,22,3
2015,250000.0,80000.0,Diesel,Individual,Manual,Second Owner,5.0,19.09,1405.0,69.01,Tata,11,2
2015,459999.0,156975.0,Diesel,Individual,Manual,First Owner,9.0,15.96,2523.0,62.1,Mahindra,11,1
2017,1594000.0,5000.0,Diesel,Individual,Manual,First Owner,5.0,21.43,1364.0,86.79,Toyota,9,1
2014,300000.0,50000.0,Petrol,Individual,Manual,First Owner,5.0,18.2,1199.0,82.4,Chevrolet,12,1
2018,950000.0,27620.0,Diesel,Dealer,Manual,First Owner,5.0,22.77,1498.0,98.59,Ford,8,1
2013,484999.0,120000.0,Diesel,Individual,Manual,First Owner,9.0,12.05,2179.0,120.0,Mahindra,13,1
2009,161000.0,120000.0,Diesel,Individual,Manual,Third Owner,8.0,14.0,2498.0,112.0,Mahindra,17,3
2015,500000.0,58000.0,Petrol,Individual,Manual,First Owner,5.0,17.19,1197.0,81.86,Hyundai,11,1
2012,350000.0,50000.0,Petrol,Individual,Manual,First Owner,5.0,16.95,1498.0,97.7,Nissan,14,1
2017,550000.0,40000.0,Petrol,Individual,Automatic,First Owner,5.0,20.89,1197.0,81.8,Maruti,9,1
2018,850000.0,7800.0,Petrol,Individual,Manual,First Owner,5.0,17.5,1199.0,88.7,Honda,8,1
2016,240000.0,50000.0,Petrol,Individual,Manual,First Owner,5.0,22.74,796.0,47.3,Maruti,10,1
2011,950000.0,68000.0,Diesel,Individual,Manual,First Owner,7.0,13.1,2499.0,141.0,Ford,15,1
2015,423000.0,60000.0,Petrol,Individual,Manual,Second Owner,7.0,16.02,1373.0,93.7,Maruti,11,2
2005,90000.0,74000.0,Petrol,Individual,Manual,Second Owner,5.0,12.8,1396.0,85.0,Tata,21,2
2011,350000.0,58000.0,Diesel,Individual,Manual,Second Owner,7.0,13.93,2179.0,138.1,Tata,15,2
2011,170000.0,70000.0,Petrol,Individual,Manual,Third Owner,5.0,19.0,998.0,66.1,Maruti,15,3
2015,450000.0,70000.0,Petrol,Individual,Manual,First Owner,5.0,18.16,1196.0,86.8,Ford,11,1
2009,150000.0,110000.0,Petrol,Individual,Manual,Second Owner,5.0,20.36,1197.0,78.9,Hyundai,17,2
2002,75000.0,80000.0,Petrol,Individual,Manual,Third Owner,5.0,19.3,1248.0,82.0,Hyundai,24,3
2016,511000.0,80000.0,Diesel,Individual,Manual,First Owner,5.0,22.54,1396.0,88.73,Hyundai,10,1
2018,850000.0,59000.0,Diesel,Individual,Manual,First Owner,7.0,24.2,1498.0,93.87,Maruti,8,1
2018,250000.0,110000.0,Diesel,Individual,Manual,First Owner,5.0,25.0,1396.0,69.0,Tata,8,1
2020,420000.0,25000.0,Petrol,Individual,Manual,First Owner,5.0,21.63,998.0,67.04,Maruti,6,1
2014,180000.0,55000.0,Petrol,Individual,Manual,First Owner,5.0,22.74,796.0,47.3,Maruti,12,1
2015,400000.0,25000.0,Diesel,Individual,Manual,First Owner,5.0,27.62,793.0,47.0,Maruti,11,1
2009,150000.0,225000.0,Diesel,Individual,Manual,First Owner,7.0,14.0,2498.0,112.0,Mahindra,17,1
2016,500000.0,143200.0,Diesel,Individual,Manual,First Owner,5.0,25.83,1498.0,99.0,Ford,10,1
2017,1689999.0,60000.0,Diesel,Individual,Manual,First Owner,5.0,17.1,1956.0,170.0,Jeep,9,1
2012,204999.0,120000.0,Diesel,Individual,Manual,First Owner,5.0,23.08,1461.0,63.1,Nissan,14,1
2014,459999.0,145000.0,Diesel,Individual,Manual,Second Owner,5.0,26.21,1248.0,88.5,Maruti,12,2
2017,600000.0,30000.0,Petrol,Individual,Manual,First Owner,5.0,18.6,1197.0,81.83,Hyundai,9,1
2019,585000.0,8000.0,Petrol,Individual,Manual,First Owner,5.0,18.9,1197.0,81.86,Hyundai,7,1
2012,551000.0,170000.0,Diesel,Individual,Manual,First Owner,7.0,13.1,2499.0,141.0,Ford,14,1
2013,525000.0,100000.0,Diesel,Individual,Manual,First Owner,5.0,23.4,1248.0,74.0,Maruti,13,1
2012,160000.0,62000.0,Petrol,Individual,Manual,First Owner,5.0,14.0,796.0,35.0,Maruti,14,1
2014,825000.0,110000.0,Diesel,Individual,Manual,First Owner,7.0,15.1,2179.0,140.0,Mahindra,12,1
2007,127000.0,137000.0,CNG,Individual,Manual,First Owner,5.0,19.3,1248.0,82.0,Hyundai,19,1
2015,600000.0,80000.0,Diesel,Individual,Manual,Second Owner,9.0,13.58,2499.0,72.4,Chevrolet,11,2
2002,65000.0,80000.0,Petrol,Individual,Manual,Second Owner,5.0,17.3,993.0,60.0,Maruti,24,2
2013,550000.0,100000.0,Diesel,Individual,Manual,First Owner,5.0,23.4,1248.0,74.0,Maruti,13,1
2015,650000.0,120000.0,Diesel,Individual,Manual,First Owner,9.0,15.96,2523.0,63.0,Mahindra,11,1
2019,750000.0,24000.0,Diesel,Individual,Manual,First Owner,5.0,28.4,1248.0,74.02,Maruti,7,1
2017,380000.0,80000.0,Diesel,Individual,Manual,First Owner,6.0,25.32,1198.0,77.0,Mahindra,9,1
2012,400000.0,138000.0,Diesel,Individual,Manual,First Owner,5.0,22.32,1582.0,126.32,Hyundai,14,1
2003,50000.0,147000.0,Petrol,Individual,Manual,Fourth & Above Owner,5.0,18.9,998.0,67.1,Maruti,23,4
2017,750000.0,60000.0,Diesel,Individual,Manual,First Owner,7.0,18.49,1493.0,100.0,Mahindra,9,1
2011,150000.0,80000.0,Petrol,Individual,Manual,First Owner,5.0,18.0,995.0,62.0,Chevrolet,15,1
2016,245000.0,50000.0,Petrol,Individual,Manual,First Owner,5.0,22.74,796.0,47.3,Maruti,10,1
2013,260000.0,189000.0,Diesel,Individual,Manual,First Owner,5.0,21.02,1248.0,88.76,Tata,13,1
2014,411000.0,90000.0,Diesel,Individual,Automatic,Second Owner,5.0,21.21,1498.0,103.2,Volkswagen,12,2
2014,450000.0,56000.0,Diesel,Individual,Manual,First Owner,5.0,21.9,1396.0,88.76,Hyundai,12,1
2012,1300000.0,140000.0,Diesel,Individual,Automatic,Second Owner,5.0,18.88,1995.0,184.0,Bmw,14,2
2016,351000.0,60000.0,Petrol,Individual,Manual,First Owner,5.0,23.1,998.0,67.04,Maruti,10,1
2012,550000.0,130000.0,Diesel,Individual,Manual,First Owner,7.0,15.1,2179.0,140.0,Mahindra,14,1
2013,1300000.0,140000.0,Diesel,Individual,Automatic,Second Owner,5.0,18.88,1995.0,184.0,Bmw,13,2
2013,260000.0,189000.0,Diesel,Individual,Manual,First Owner,5.0,21.02,1248.0,88.76,Tata,13,1
2014,411000.0,90000.0,Diesel,Individual,Automatic,Second Owner,5.0,21.21,1498.0,103.2,Volkswagen,12,2
2014,450000.0,56000.0,Diesel,Individual,Manual,First Owner,5.0,21.9,1396.0,88.76,Hyundai,12,1
2012,1300000.0,140000.0,Diesel,Individual,Automatic,Second Owner,5.0,18.88,1995.0,184.0,Bmw,14,2
2016,351000.0,60000.0,Petrol,Individual,Manual,First Owner,5.0,23.1,998.0,67.04,Maruti,10,1
2012,550000.0,130000.0,Diesel,Individual,Manual,First Owner,7.0,15.1,2179.0,140.0,Mahindra,14,1
2013,1300000.0,140000.0,Diesel,Individual,Automatic,Second Owner,5.0,18.88,1995.0,184.0,Bmw,13,2
2016,750000.0,35000.0,Diesel,Individual,Manual,First Owner,5.0,20.45,1461.0,83.8,Nissan,10,1
2015,800000.0,35000.0,Diesel,Individual,Manual,First Owner,5.0,20.45,1461.0,83.8,Nissan,11,1
2011,350000.0,156000.0,Diesel,Individual,Manual,First Owner,7.0,11.57,2179.0,138.1,Tata,15,1
2013,200000.0,90000.0,Petrol,Individual,Manual,First Owner,5.0,22.74,796.0,47.3,Maruti,13,1
2008,150000.0,60000.0,Diesel,Individual,Manual,Third Owner,5.0,17.0,1405.0,70.0,Tata,18,3
2016,800000.0,36000.0,Diesel,Individual,Manual,First Owner,5.0,19.01,1461.0,108.5,Nissan,10,1
2017,350000.0,20000.0,Petrol,Individual,Manual,Second Owner,5.0,21.1,814.0,55.2,Hyundai,9,2
2011,350000.0,160000.0,Diesel,Individual,Manual,First Owner,7.0,13.93,2179.0,138.0,Tata,15,1
2006,250000.0,185000.0,Diesel,Individual,Manual,First Owner,9.0,12.7,2609.0,116.6,Mahindra,20,1
2010,170000.0,110000.0,Diesel,Individual,Manual,Second Owner,5.0,17.0,1405.0,71.0,Tata,16,2
2018,395000.0,10800.0,Petrol,Individual,Manual,First Owner,5.0,25.17,799.0,53.3,Renault,8,1
2012,450000.0,120000.0,Diesel,Individual,Manual,First Owner,7.0,15.96,2523.0,62.1,Mahindra,14,1
2019,500000.0,15000.0,Petrol,Individual,Manual,First Owner,5.0,20.89,1197.0,81.8,Maruti,7,1
2012,200000.0,67500.0,Diesel,Individual,Manual,First Owner,10.0,12.2,1948.0,68.0,Tata,14,1
2017,1200000.0,30000.0,Diesel,Individual,Manual,First Owner,7.0,17.6,2179.0,153.86,Tata,9,1
2016,400000.0,50000.0,Diesel,Individual,Manual,First Owner,6.0,25.32,1198.0,77.0,Mahindra,10,1
2016,650000.0,100000.0,Diesel,Individual,Manual,First Owner,7.0,18.49,1493.0,100.0,Mahindra,10,1
2016,550000.0,150000.0,Diesel,Individual,Manual,First Owner,9.0,15.96,2523.0,63.0,Mahindra,10,1
2015,1100000.0,110000.0,Diesel,Individual,Manual,First Owner,7.0,16.0,2179.0,140.0,Mahindra,11,1
2012,254999.0,30000.0,Petrol,Individual,Manual,First Owner,5.0,22.74,796.0,47.3,Maruti,14,1
2011,180000.0,60000.0,Petrol,Individual,Manual,First Owner,5.0,19.7,796.0,46.3,Maruti,15,1
2010,160000.0,225000.0,Diesel,Individual,Manual,Second Owner,8.0,13.0,2489.0,95.0,Mahindra,16,2
2008,225000.0,120000.0,Diesel,Individual,Manual,Second Owner,5.0,16.52,1991.0,123.7,Chevrolet,18,2
2015,270000.0,49900.0,Petrol,Individual,Manual,Second Owner,5.0,22.74,796.0,47.3,Maruti,11,2
2012,310000.0,86000.0,Diesel,Individual,Manual,First Owner,5.0,21.12,1248.0,88.8,Tata,14,1
2015,225000.0,71850.0,Petrol,Individual,Manual,First Owner,5.0,20.63,1198.0,67.0,Datsun,11,1
2015,300000.0,95000.0,Diesel,Individual,Manual,Third Owner,5.0,21.2,1248.0,75.0,Fiat,11,3
2008,250000.0,70000.0,Petrol,Individual,Manual,Fourth & Above Owner,5.0,17.5,1298.0,85.8,Maruti,18,4
2011,180000.0,35000.0,Petrol,Individual,Manual,First Owner,5.0,21.1,814.0,55.2,Hyundai,15,1
2015,550000.0,50000.0,Petrol,Individual,Manual,First Owner,5.0,20.85,1197.0,83.14,Maruti,11,1
2007,300000.0,120000.0,Diesel,Individual,Manual,Third Owner,7.0,13.6,2523.0,63.0,Mahindra,19,3
2015,900000.0,145000.0,Diesel,Individual,Manual,First Owner,5.0,22.7,1582.0,126.2,Hyundai,11,1
2012,254999.0,190000.0,Diesel,Individual,Manual,Third Owner,5.0,19.3,1248.0,82.0,Tata,14,3
2018,1530000.0,40000.0,Diesel,Individual,Manual,First Owner,7.0,16.0,2179.0,138.0,Mahindra,8,1
2015,590000.0,110000.0,Diesel,Individual,Manual,First Owner,5.0,27.39,1248.0,74.0,Maruti,11,1
2008,170000.0,112000.0,LPG,Individual,Manual,Second Owner,5.0,17.3,1061.0,57.5,Maruti,18,2
2017,2600000.0,70000.0,Diesel,Individual,Automatic,First Owner,5.0,20.38,1968.0,143.0,Audi,9,1
2016,475000.0,110000.0,Diesel,Individual,Manual,First Owner,5.0,23.2,1248.0,73.94,Maruti,10,1
2018,700000.0,29000.0,Diesel,Individual,Manual,First Owner,5.0,24.0,1186.0,73.97,Hyundai,8,1
2011,376000.0,60000.0,Petrol,Individual,Manual,First Owner,5.0,18.9,998.0,67.1,Maruti,15,1
2002,100000.0,120000.0,Petrol,Individual,Manual,Fourth & Above Owner,5.0,19.3,1248.0,82.0,Hyundai,24,4
2004,75000.0,46000.0,Petrol,Individual,Manual,Fourth & Above Owner,4.0,16.1,796.0,37.0,Maruti,22,4
2012,440000.0,120000.0,Diesel,Individual,Automatic,Third Owner,8.0,11.79,2179.0,120.0,Mahindra,14,3
2016,390000.0,80000.0,Petrol,Individual,Manual,First Owner,5.0,20.51,998.0,67.04,Maruti,10,1
2012,725000.0,159000.0,Diesel,Individual,Manual,Second Owner,7.0,12.8,2494.0,102.0,Toyota,14,2
2012,325000.0,110000.0,Diesel,Individual,Manual,Second Owner,7.0,15.96,2523.0,62.1,Mahindra,14,2
2010,170000.0,75000.0,Petrol,Individual,Manual,Second Owner,5.0,19.7,796.0,46.3,Maruti,16,2
2010,215000.0,120000.0,Diesel,Individual,Manual,Third Owner,5.0,19.3,1248.0,73.9,Maruti,16,3
2010,350000.0,110000.0,Petrol,Individual,Manual,Third Owner,5.0,17.0,1497.0,118.0,Honda,16,3
2009,80000.0,80000.0,Petrol,Individual,Manual,Fourth & Above Owner,5.0,18.0,995.0,62.0,Chevrolet,17,4
2012,195000.0,80000.0,Petrol,Individual,Manual,Second Owner,5.0,21.1,814.0,55.2,Hyundai,14,2
2011,280000.0,85000.0,Diesel,Individual,Manual,First Owner,5.0,19.3,1248.0,82.0,Maruti,15,1
2014,335000.0,71000.0,Diesel,Dealer,Manual,First Owner,5.0,21.64,1461.0,84.8,Nissan,12,1
2011,475000.0,108000.0,Diesel,Dealer,Manual,First Owner,7.0,16.0,2179.0,140.0,Mahindra,15,1
2015,484999.0,75000.0,Diesel,Dealer,Manual,First Owner,5.0,19.87,1461.0,83.8,Renault,11,1
2018,650000.0,22000.0,Petrol,Individual,Manual,Second Owner,5.0,21.56,1462.0,103.25,Maruti,8,2
2014,1850000.0,76131.0,Diesel,Individual,Automatic,First Owner,5.0,13.22,2967.0,241.4,Audi,12,1
2018,700000.0,30000.0,Petrol,Individual,Manual,Second Owner,5.0,18.6,1197.0,81.83,Hyundai,8,2
2014,3000000.0,65000.0,Diesel,Individual,Automatic,First Owner,7.0,12.07,2967.0,241.4,Audi,12,1
2018,900000.0,60000.0,Diesel,Individual,Manual,First Owner,7.0,15.4,2523.0,75.0,Mahindra,8,1
2013,350000.0,80000.0,Diesel,Individual,Manual,First Owner,5.0,22.07,1199.0,73.9,Volkswagen,13,1
2005,285000.0,80000.0,Petrol,Individual,Automatic,Second Owner,5.0,9.0,2997.0,218.0,Honda,21,2
2012,1850000.0,70000.0,Diesel,Individual,Automatic,First Owner,7.0,12.07,2967.0,241.4,Audi,14,1
2017,750000.0,51777.0,Diesel,Dealer,Manual,First Owner,5.0,24.3,1248.0,88.5,Maruti,9,1
2013,1650000.0,64788.0,Diesel,Dealer,Automatic,First Owner,5.0,0.0,2179.0,115.0,Land,13,1
2018,600000.0,20000.0,Petrol,Individual,Manual,First Owner,5.0,19.5,1199.0,88.76,Honda,8,1
2018,565000.0,19000.0,Petrol,Individual,Manual,First Owner,5.0,18.78,999.0,75.0,Volkswagen,8,1
2000,86000.0,46951.0,Petrol,Individual,Manual,First Owner,5.0,18.5,796.0,53.0,Daewoo,26,1
2016,329000.0,19000.0,Petrol,Individual,Manual,First Owner,5.0,20.63,1198.0,67.0,Datsun,10,1
2016,650000.0,50000.0,Diesel,Individual,Manual,First Owner,5.0,22.77,1498.0,98.59,Ford,10,1
2015,822000.0,60000.0,Diesel,Individual,Manual,First Owner,5.0,19.67,1582.0,126.2,Hyundai,11,1
2013,345000.0,100000.0,Diesel,Individual,Manual,Second Owner,5.0,19.01,1461.0,108.45,Renault,13,2
2001,30000.0,10000.0,Petrol,Individual,Manual,First Owner,5.0,17.3,993.0,60.0,Maruti,25,1
2012,330000.0,50000.0,Diesel,Individual,Manual,Second Owner,5.0,22.9,1248.0,74.0,Maruti,14,2
2014,300000.0,74537.0,Petrol,Individual,Manual,Second Owner,5.0,20.51,998.0,67.04,Maruti,12,2
2009,200000.0,90000.0,Petrol,Individual,Automatic,Second Owner,5.0,12.6,1586.0,103.3,Maruti,17,2
2012,200000.0,80000.0,Diesel,Individual,Manual,Second Owner,5.0,19.3,1248.0,82.0,Tata,14,2
2010,90000.0,70000.0,Petrol,Individual,Manual,Second Owner,5.0,18.0,995.0,62.0,Chevrolet,16,2
2010,200000.0,80000.0,Petrol,Individual,Manual,Second Owner,5.0,18.9,1061.0,67.0,Maruti,16,2
2016,550000.0,35000.0,Diesel,Individual,Manual,First Owner,5.0,24.4,1120.0,71.0,Hyundai,10,1
2015,250000.0,23500.0,Petrol,Individual,Manual,First Owner,5.0,18.6,1199.0,76.8,Chevrolet,11,1
2017,975000.0,82000.0,Diesel,Individual,Manual,First Owner,5.0,25.6,1498.0,97.9,Honda,9,1
2014,900000.0,100000.0,Diesel,Individual,Manual,Second Owner,8.0,12.99,2494.0,100.6,Toyota,12,2
2018,610000.0,15000.0,Petrol,Individual,Manual,First Owner,5.0,18.6,1197.0,81.83,Hyundai,8,1
2017,620000.0,30000.0,Diesel,Individual,Manual,First Owner,5.0,27.39,1248.0,74.0,Maruti,9,1
2016,400000.0,30000.0,Petrol,Individual,Manual,First Owner,5.0,18.9,1197.0,82.0,Hyundai,10,1
2019,500000.0,11000.0,Petrol,Individual,Manual,First Owner,5.0,21.63,998.0,67.0,Maruti,7,1
2017,200000.0,140000.0,Petrol,Individual,Manual,First Owner,7.0,19.02,1198.0,67.05,Datsun,9,1
2016,360000.0,110000.0,Diesel,Individual,Manual,First Owner,5.0,23.0,1248.0,88.7,Tata,10,1
2012,252000.0,48000.0,Petrol,Individual,Manual,First Owner,5.0,20.92,998.0,67.1,Maruti,14,1
2012,280000.0,70000.0,Diesel,Individual,Manual,Second Owner,5.0,22.9,1248.0,74.0,Maruti,14,2
2018,509999.0,70000.0,Petrol,Individual,Manual,Second Owner,5.0,22.0,1197.0,81.8,Maruti,8,2
2016,1050000.0,58000.0,Diesel,Individual,Manual,First Owner,7.0,15.4,1997.0,120.0,Mahindra,10,1
2010,200000.0,40000.0,LPG,Individual,Manual,Fourth & Above Owner,5.0,17.3,1061.0,57.5,Maruti,16,4
2005,60000.0,90000.0,Petrol,Individual,Manual,Second Owner,5.0,17.3,993.0,60.0,Maruti,21,2
2010,320000.0,40000.0,Diesel,Individual,Manual,Second Owner,7.0,14.0,2498.0,112.0,Mahindra,16,2
2013,520000.0,110000.0,Diesel,Individual,Manual,First Owner,9.0,12.05,2179.0,120.0,Mahindra,13,1
2007,250000.0,80000.0,Diesel,Individual,Manual,Second Owner,7.0,11.57,2179.0,138.1,Tata,19,2
2017,725000.0,60000.0,Diesel,Individual,Manual,First Owner,5.0,24.3,1248.0,88.5,Maruti,9,1
2015,585000.0,50000.0,Diesel,Individual,Manual,First Owner,7.0,15.96,2523.0,62.1,Mahindra,11,1
2017,430000.0,25000.0,Petrol,Individual,Manual,First Owner,5.0,23.84,1199.0,84.0,Tata,9,1
2011,235000.0,100000.0,Diesel,Individual,Manual,Second Owner,5.0,22.9,1248.0,74.0,Maruti,15,2
2012,350000.0,52000.0,Diesel,Individual,Manual,Third Owner,5.0,19.3,1248.0,73.9,Maruti,14,3
2010,131000.0,80000.0,Petrol,Individual,Manual,Third Owner,5.0,19.81,1086.0,68.05,Hyundai,16,3
2016,450000.0,85000.0,Diesel,Individual,Manual,First Owner,5.0,25.8,1498.0,98.6,Honda,10,1
2016,750000.0,83000.0,Diesel,Individual,Manual,First Owner,5.0,24.3,1248.0,88.5,Maruti,10,1
2013,200000.0,50000.0,Petrol,Individual,Manual,First Owner,5.0,22.74,796.0,47.3,Maruti,13,1
2009,125000.0,120000.0,Petrol,Individual,Manual,Fourth & Above Owner,5.0,18.9,1061.0,67.0,Maruti,17,4
2014,500000.0,100000.0,Diesel,Individual,Manual,First Owner,7.0,15.96,2523.0,62.1,Mahindra,12,1
2012,380000.0,70000.0,Diesel,Individual,Manual,Third Owner,5.0,22.9,1248.0,74.0,Maruti,14,3
2008,128000.0,19000.0,Petrol,Individual,Manual,First Owner,5.0,19.7,796.0,46.3,Maruti,18,1
2009,250000.0,68600.0,Petrol,Individual,Manual,Third Owner,5.0,17.0,1497.0,118.0,Honda,17,3
2017,690000.0,60000.0,Diesel,Individual,Manual,First Owner,7.0,16.5,1493.0,70.0,Mahindra,9,1
2014,650000.0,65000.0,Diesel,Individual,Manual,Second Owner,7.0,15.96,2523.0,62.1,Mahindra,12,2
2012,560000.0,40000.0,Petrol,Individual,Manual,Second Owner,5.0,16.8,1497.0,116.3,Honda,14,2
2012,120000.0,160000.0,Diesel,Individual,Manual,Second Owner,5.0,19.3,1248.0,82.0,Tata,14,2
2016,400000.0,25000.0,Petrol,Individual,Manual,First Owner,5.0,23.1,998.0,67.04,Maruti,10,1
2012,200000.0,29500.0,Petrol,Individual,Manual,First Owner,5.0,20.92,998.0,67.1,Maruti,14,1
2018,950000.0,13887.0,Petrol,Individual,Manual,First Owner,5.0,17.0,1591.0,121.3,Hyundai,8,1
2016,300000.0,50000.0,Petrol,Individual,Manual,Second Owner,5.0,22.74,796.0,47.3,Maruti,10,2
2016,315000.0,30000.0,Petrol,Individual,Manual,Second Owner,5.0,25.17,799.0,53.3,Renault,10,2
2012,220000.0,100000.0,Petrol,Individual,Manual,First Owner,5.0,22.74,796.0,47.3,Maruti,14,1
2011,130000.0,60000.0,Petrol,Individual,Manual,Second Owner,5.0,14.49,1399.0,92.7,Chevrolet,15,2
2016,595000.0,60000.0,Diesel,Individual,Manual,Second Owner,5.0,22.54,1396.0,88.73,Hyundai,10,2
2011,110000.0,120000.0,Diesel,Individual,Manual,First Owner,5.0,19.4,1405.0,70.0,Tata,15,1
2017,680000.0,13500.0,Petrol,Individual,Manual,First Owner,5.0,17.0,1497.0,121.36,Ford,9,1
2013,280000.0,52000.0,Diesel,Individual,Manual,First Owner,5.0,20.3,1248.0,75.0,Fiat,13,1
2017,530000.0,30000.0,Petrol,Individual,Manual,Second Owner,5.0,21.4,1197.0,83.1,Maruti,9,2
2017,610000.0,14000.0,Petrol,Individual,Manual,First Owner,5.0,19.1,1197.0,82.0,Hyundai,9,1
2014,500000.0,90000.0,Diesel,Individual,Manual,Second Owner,7.0,15.05,2179.0,147.9,Tata,12,2
2018,500000.0,50000.0,Diesel,Individual,Manual,First Owner,5.0,24.7,1047.0,69.0,Tata,8,1
2010,250000.0,120000.0,Diesel,Individual,Manual,Second Owner,8.0,13.0,2489.0,95.0,Mahindra,16,2
2018,325000.0,10000.0,Petrol,Individual,Manual,First Owner,5.0,21.1,814.0,55.2,Hyundai,8,1
2018,550000.0,10000.0,Petrol,Individual,Manual,First Owner,5.0,21.4,1197.0,83.1,Maruti,8,1
2018,720000.0,25000.0,Petrol,Individual,Manual,First Owner,5.0,20.73,1373.0,91.1,Maruti,8,1
2017,950000.0,20000.0,Petrol,Individual,Manual,First Owner,5.0,17.0,1591.0,121.3,Hyundai,9,1
2013,350000.0,60000.0,Diesel,Individual,Manual,First Owner,5.0,22.9,1248.0,74.0,Maruti,13,1
2018,500000.0,40000.0,Petrol,Individual,Manual,First Owner,5.0,18.9,1197.0,81.86,Hyundai,8,1
2012,380000.0,60000.0,Diesel,Individual,Manual,First Owner,5.0,19.3,1248.0,73.9,Maruti,14,1
2015,380000.0,50000.0,Petrol,Individual,Automatic,First Owner,5.0,16.9,1197.0,82.0,Hyundai,11,1
2017,900000.0,20000.0,Petrol,Individual,Manual,First Owner,5.0,17.0,1591.0,121.3,Hyundai,9,1
2017,295000.0,35000.0,Petrol,Individual,Manual,First Owner,5.0,24.7,796.0,47.3,Maruti,9,1
2016,640000.0,40000.0,Diesel,Individual,Manual,First Owner,5.0,28.09,1248.0,88.5,Maruti,10,1
2018,790000.0,60000.0,Diesel,Individual,Manual,First Owner,5.0,21.5,1497.0,108.5,Tata,8,1
2015,625000.0,20000.0,Petrol,Individual,Manual,First Owner,5.0,17.01,1591.0,121.4,Hyundai,11,1
2017,604000.0,30000.0,Petrol,Individual,Manual,Second Owner,5.0,17.0,1497.0,121.36,Ford,9,2
2015,315000.0,29000.0,Petrol,Individual,Manual,First Owner,5.0,23.95,998.0,67.05,Maruti,11,1
2019,950000.0,17000.0,Diesel,Individual,Manual,First Owner,5.0,20.0,1497.0,115.0,Mahindra,7,1
2017,400000.0,50000.0,Petrol,Individual,Manual,First Owner,5.0,20.51,998.0,67.04,Maruti,9,1
2018,700000.0,42000.0,Petrol,Individual,Automatic,First Owner,5.0,18.6,1368.0,98.63,Hyundai,8,1
2011,700000.0,120000.0,Diesel,Individual,Manual,Second Owner,8.0,12.8,2494.0,102.0,Toyota,15,2
2012,260000.0,110000.0,Diesel,Individual,Manual,First Owner,5.0,21.03,1461.0,65.0,Mahindra,14,1
2012,200000.0,90000.0,Diesel,Individual,Manual,First Owner,5.0,23.57,1396.0,70.0,Tata,14,1
2020,580000.0,70000.0,Petrol,Individual,Manual,First Owner,5.0,23.26,1197.0,88.5,Maruti,6,1
2011,330000.0,66000.0,Diesel,Individual,Manual,Second Owner,5.0,20.5,1598.0,105.0,Volkswagen,15,2
2011,400000.0,70000.0,Diesel,Individual,Manual,Third Owner,5.0,16.2,1493.0,110.0,Hyundai,15,3
2018,1350000.0,5000.0,Petrol,Individual,Automatic,First Owner,5.0,14.8,1591.0,121.3,Hyundai,8,1
2014,250000.0,50000.0,Diesel,Individual,Manual,Second Owner,5.0,21.03,1461.0,65.0,Mahindra,12,2
2019,725000.0,25000.0,Petrol,Individual,Manual,First Owner,5.0,15.41,1598.0,103.2,Skoda,7,1
2013,300000.0,70000.0,Diesel,Individual,Manual,First Owner,5.0,23.4,1248.0,74.0,Maruti,13,1
2006,120000.0,40000.0,Petrol,Individual,Manual,Second Owner,4.0,16.1,796.0,37.0,Maruti,20,2
2016,1175000.0,110000.0,Diesel,Individual,Manual,First Owner,7.0,16.0,2179.0,140.0,Mahindra,10,1
2009,380000.0,150000.0,Diesel,Individual,Manual,First Owner,7.0,13.93,2179.0,138.0,Tata,17,1
2014,400000.0,45000.0,Diesel,Individual,Manual,First Owner,5.0,19.1,1405.0,70.0,Tata,12,1
2005,140000.0,90000.0,Diesel,Individual,Manual,Third Owner,5.0,16.1,1405.0,70.0,Tata,21,3
2011,229999.0,140000.0,Diesel,Individual,Manual,Second Owner,7.0,11.57,2179.0,138.1,Tata,15,2
2003,110000.0,83000.0,Petrol,Individual,Manual,Second Owner,5.0,13.8,1299.0,70.0,Ford,23,2
2011,550000.0,106000.0,Diesel,Individual,Automatic,Second Owner,5.0,16.96,1968.0,138.1,Volkswagen,15,2
2008,150000.0,60000.0,Petrol,Individual,Manual,Fourth & Above Owner,5.0,15.26,1150.0,74.9,Chevrolet,18,4
2017,265000.0,40000.0,Petrol,Individual,Manual,Second Owner,8.0,16.8,796.0,34.2,Maruti,9,2
2011,300000.0,138000.0,Petrol,Individual,Manual,Third Owner,5.0,17.0,1197.0,80.0,Hyundai,15,3
2015,280000.0,80000.0,Petrol,Individual,Manual,First Owner,5.0,22.74,796.0,47.3,Maruti,11,1
2005,130000.0,50000.0,Petrol,Individual,Manual,Second Owner,5.0,15.3,1341.0,83.0,Hyundai,21,2
2015,350000.0,50000.0,Petrol,Individual,Manual,First Owner,5.0,18.2,1199.0,82.4,Chevrolet,11,1
2009,200000.0,120000.0,Petrol,Individual,Manual,First Owner,5.0,18.5,1197.0,85.8,Maruti,17,1
2018,550000.0,24400.0,Petrol,Individual,Manual,First Owner,5.0,22.0,1197.0,81.8,Maruti,8,1
2013,400000.0,60000.0,Diesel,Individual,Manual,Second Owner,7.0,15.96,2523.0,62.1,Mahindra,13,2
2010,170000.0,120000.0,Petrol,Individual,Manual,Second Owner,5.0,18.5,1197.0,85.8,Maruti,16,2
2015,600000.0,60000.0,Diesel,Individual,Manual,Second Owner,5.0,24.8,1396.0,88.7,Hyundai,11,2
2011,130000.0,100000.0,Petrol,Individual,Manual,Second Owner,5.0,19.7,796.0,46.3,Maruti,15,2
2007,120000.0,60000.0,CNG,Individual,Manual,Second Owner,5.0,19.3,1248.0,82.0,Hyundai,19,2
2011,100000.0,120000.0,Petrol,Individual,Manual,Second Owner,4.0,16.1,796.0,37.0,Maruti,15,2
2016,310000.0,27500.0,Petrol,Individual,Manual,First Owner,5.0,25.17,799.0,53.3,Renault,10,1
2007,35000.0,10000.0,Petrol,Individual,Manual,First Owner,4.0,16.1,796.0,37.0,Maruti,19,1
2010,200000.0,120000.0,Petrol,Individual,Manual,Third Owner,5.0,18.5,1197.0,80.0,Hyundai,16,3
2009,270000.0,70000.0,Diesel,Individual,Manual,Second Owner,5.0,19.3,1248.0,82.0,Maruti,17,2
2015,650000.0,80000.0,Diesel,Individual,Manual,First Owner,5.0,22.54,1396.0,88.73,Hyundai,11,1
2013,210000.0,120000.0,Petrol,Individual,Manual,First Owner,5.0,15.64,1193.0,64.1,Tata,13,1
2015,509999.0,90000.0,Diesel,Individual,Manual,First Owner,5.0,24.4,1120.0,71.01,Hyundai,11,1
2013,229999.0,70000.0,Diesel,Individual,Manual,First Owner,5.0,20.0,1399.0,68.1,Ford,13,1
2014,409999.0,188000.0,Diesel,Individual,Manual,Second Owner,5.0,19.01,1461.0,108.45,Renault,12,2
2011,130000.0,67840.0,Petrol,Individual,Manual,First Owner,5.0,18.0,995.0,62.0,Chevrolet,15,1
2013,95000.0,30000.0,Petrol,Individual,Manual,First Owner,4.0,25.4,624.0,37.48,Tata,13,1
2016,225000.0,35000.0,Petrol,Individual,Manual,Second Owner,5.0,22.74,796.0,47.3,Maruti,10,2
2010,256999.0,150000.0,Diesel,Individual,Manual,Second Owner,5.0,19.3,1248.0,82.0,Maruti,16,2
2017,775000.0,100000.0,Diesel,Individual,Manual,First Owner,5.0,24.3,1248.0,88.5,Maruti,9,1
2017,420000.0,30000.0,Petrol,Individual,Manual,First Owner,5.0,20.51,998.0,67.04,Maruti,9,1
2016,480000.0,70000.0,Petrol,Individual,Manual,First Owner,5.0,18.9,1197.0,82.0,Hyundai,10,1
2003,200000.0,149032.0,Diesel,Individual,Manual,First Owner,5.0,19.3,1248.0,82.0,Toyota,23,1
2010,260000.0,225000.0,Diesel,Individual,Manual,Second Owner,7.0,13.6,2523.0,63.0,Mahindra,16,2
2011,210000.0,84050.0,Petrol,Individual,Manual,First Owner,5.0,19.3,1248.0,82.0,Toyota,15,1
2018,600000.0,15000.0,Petrol,Individual,Manual,First Owner,5.0,16.2,1199.0,74.0,Volkswagen,8,1
2009,140000.0,140000.0,Diesel,Individual,Manual,Second Owner,5.0,13.8,1399.0,68.0,Ford,17,2
2010,130000.0,120000.0,Petrol,Individual,Manual,Third Owner,8.0,19.7,796.0,35.0,Maruti,16,3
2007,195000.0,112880.0,Diesel,Dealer,Manual,First Owner,5.0,25.2,1248.0,74.0,Maruti,19,1
2013,210000.0,135000.0,Diesel,Dealer,Manual,Second Owner,5.0,19.4,1405.0,70.0,Tata,13,2
2006,130000.0,80000.0,Petrol,Individual,Manual,Third Owner,5.0,18.9,998.0,67.1,Maruti,20,3
2012,141000.0,128000.0,Petrol,Individual,Manual,Third Owner,5.0,18.6,1199.0,79.4,Chevrolet,14,3
2011,280000.0,120000.0,Diesel,Individual,Manual,First Owner,7.0,13.6,2523.0,63.0,Mahindra,15,1
2010,350000.0,30000.0,Petrol,Individual,Automatic,First Owner,5.0,12.6,1586.0,103.2,Maruti,16,1
2018,575000.0,70000.0,Petrol,Individual,Manual,First Owner,5.0,17.0,1198.0,108.5,Tata,8,1
2015,550000.0,41000.0,Petrol,Individual,Manual,First Owner,5.0,18.6,1197.0,81.83,Hyundai,11,1
2011,420000.0,28100.0,Petrol,Individual,Manual,First Owner,5.0,19.3,1248.0,82.0,Toyota,15,1
2006,120000.0,30000.0,Petrol,Individual,Manual,Second Owner,5.0,19.7,796.0,46.3,Maruti,20,2
2015,320000.0,30000.0,Petrol,Individual,Manual,First Owner,5.0,23.95,998.0,67.05,Maruti,11,1
2011,250000.0,35000.0,Petrol,Individual,Manual,First Owner,5.0,16.36,1495.0,93.7,Hyundai,15,1
2010,300000.0,22000.0,Petrol,Individual,Manual,First Owner,5.0,15.0,1586.0,104.68,Maruti,16,1
2006,250000.0,70000.0,Petrol,Individual,Manual,First Owner,5.0,18.9,998.0,67.1,Maruti,20,1
2005,120000.0,100000.0,Petrol,Individual,Manual,Second Owner,5.0,19.3,1248.0,82.0,Maruti,21,2
2018,750000.0,70000.0,Diesel,Individual,Manual,First Owner,7.0,16.5,1493.0,70.0,Mahindra,8,1
2005,151000.0,200000.0,Diesel,Individual,Manual,Second Owner,8.0,10.5,2179.0,120.0,Mahindra,21,2
2011,300000.0,120000.0,Diesel,Individual,Manual,First Owner,7.0,13.93,2179.0,138.03,Tata,15,1
2019,577000.0,3000.0,Petrol,Individual,Manual,First Owner,5.0,20.89,1197.0,81.8,Maruti,7,1
2012,229999.0,50000.0,Petrol,Individual,Manual,First Owner,5.0,20.92,998.0,67.1,Maruti,14,1
2013,500000.0,50000.0,Diesel,Individual,Manual,First Owner,7.0,15.96,2523.0,62.1,Mahindra,13,1
2019,840000.0,1500.0,Petrol,Individual,Automatic,First Owner,5.0,18.2,1199.0,88.7,Honda,7,1
2017,900000.0,74000.0,Diesel,Individual,Manual,First Owner,5.0,22.27,1498.0,108.6,Volkswagen,9,1
2017,650000.0,25000.0,Petrol,Individual,Manual,First Owner,5.0,18.7,1199.0,88.7,Honda,9,1
2016,650000.0,61915.0,Diesel,Individual,Manual,First Owner,5.0,27.3,1498.0,98.6,Honda,10,1
2016,250000.0,110000.0,Petrol,Individual,Manual,First Owner,5.0,21.1,814.0,55.2,Hyundai,10,1
2016,550000.0,70000.0,Diesel,Individual,Manual,First Owner,5.0,20.14,1498.0,88.0,Volkswagen,10,1
2007,250000.0,150000.0,Diesel,Individual,Manual,Fourth & Above Owner,5.0,17.8,1248.0,75.0,Maruti,19,4
2013,350000.0,110000.0,Diesel,Individual,Manual,Second Owner,7.0,17.21,1493.0,100.0,Mahindra,13,2
2014,185000.0,90000.0,Diesel,Individual,Manual,Second Owner,5.0,25.44,936.0,56.3,Chevrolet,12,2
2010,229999.0,120000.0,Petrol,Individual,Manual,Third Owner,5.0,15.6,1196.0,70.0,Ford,16,3
2016,1000000.0,65000.0,Diesel,Individual,Manual,First Owner,8.0,12.99,2494.0,100.6,Toyota,10,1
2019,490000.0,10000.0,Petrol,Individual,Manual,First Owner,5.0,20.52,1197.0,81.8,Maruti,7,1
2009,150000.0,80000.0,Petrol,Individual,Manual,Second Owner,5.0,20.36,1197.0,78.9,Hyundai,17,2
2013,600000.0,184000.0,Diesel,Individual,Manual,First Owner,7.0,20.77,1248.0,88.76,Maruti,13,1
2013,270000.0,80000.0,CNG,Individual,Manual,Second Owner,5.0,32.52,998.0,58.33,Maruti,13,2
2005,60000.0,70000.0,Petrol,Individual,Manual,Second Owner,5.0,17.3,993.0,60.0,Maruti,21,2
2008,150000.0,89000.0,Petrol,Individual,Manual,Second Owner,5.0,15.6,1586.0,104.68,Maruti,18,2
2014,335000.0,33033.0,Petrol,Dealer,Manual,First Owner,5.0,19.4,1198.0,86.8,Honda,12,1
2013,525000.0,69000.0,Diesel,Individual,Manual,Second Owner,5.0,22.9,1248.0,74.0,Maruti,13,2
2015,465000.0,63063.0,Petrol,Dealer,Automatic,First Owner,5.0,18.9,1197.0,82.0,Hyundai,11,1
2012,83000.0,90000.0,Diesel,Individual,Manual,Second Owner,5.0,25.0,1396.0,69.0,Tata,14,2
2017,300000.0,8000.0,Petrol,Individual,Manual,First Owner,5.0,21.1,814.0,55.2,Hyundai,9,1
2012,350000.0,35000.0,Petrol,Individual,Manual,First Owner,5.0,17.0,1197.0,80.0,Hyundai,14,1
2011,300000.0,45000.0,Petrol,Individual,Manual,First Owner,5.0,17.0,1197.0,80.0,Hyundai,15,1
2011,250000.0,30000.0,Diesel,Individual,Manual,First Owner,5.0,20.4,1248.0,91.2,Fiat,15,1
2006,114999.0,59000.0,Petrol,Individual,Manual,Second Owner,4.0,16.1,796.0,37.0,Maruti,20,2
2018,700000.0,6200.0,Petrol,Individual,Manual,First Owner,7.0,19.34,1462.0,103.0,Maruti,8,1
2020,250000.0,120000.0,Petrol,Individual,Manual,Second Owner,5.0,21.63,998.0,67.0,Maruti,6,2
2016,350000.0,70000.0,Petrol,Individual,Manual,First Owner,5.0,20.51,998.0,67.04,Maruti,10,1
1998,80000.0,70000.0,Petrol,Individual,Manual,First Owner,5.0,14.0,796.0,35.0,Maruti,28,1
2017,850000.0,110000.0,Diesel,Individual,Manual,First Owner,7.0,15.4,2523.0,75.0,Mahindra,9,1
2004,70000.0,158000.0,Petrol,Individual,Manual,First Owner,5.0,19.3,1248.0,82.0,Hyundai,22,1
2007,90000.0,93000.0,Petrol,Individual,Manual,Third Owner,5.0,18.0,995.0,62.0,Chevrolet,19,3
2014,600000.0,110000.0,Diesel,Individual,Manual,First Owner,10.0,13.58,2499.0,72.4,Chevrolet,12,1
2007,135000.0,57000.0,Petrol,Individual,Manual,First Owner,5.0,19.7,796.0,46.3,Maruti,19,1
2005,150000.0,120000.0,Petrol,Individual,Manual,First Owner,5.0,13.2,1495.0,94.0,Hyundai,21,1
2012,259000.0,35000.0,Diesel,Individual,Manual,First Owner,5.0,23.03,1396.0,69.0,Tata,14,1
2012,220000.0,90000.0,Diesel,Individual,Manual,First Owner,5.0,23.03,1396.0,69.0,Tata,14,1
2012,246000.0,35000.0,Diesel,Individual,Manual,Second Owner,5.0,23.03,1396.0,69.0,Tata,14,2
2009,240000.0,120000.0,Petrol,Individual,Manual,First Owner,5.0,17.5,1298.0,85.8,Maruti,17,1
2018,946000.0,60000.0,Diesel,Individual,Manual,First Owner,5.0,22.1,1396.0,88.7,Hyundai,8,1
2011,215000.0,70000.0,Diesel,Individual,Manual,First Owner,5.0,23.03,1396.0,69.0,Tata,15,1
1999,50000.0,60000.0,Petrol,Individual,Manual,Fourth & Above Owner,5.0,17.3,993.0,60.0,Maruti,27,4
2013,310000.0,100000.0,Diesel,Individual,Manual,First Owner,5.0,25.8,1498.0,98.6,Honda,13,1
2008,220000.0,35000.0,Petrol,Individual,Manual,First Owner,5.0,20.36,1197.0,78.9,Hyundai,18,1
2008,195000.0,90000.0,Diesel,Individual,Manual,Third Owner,5.0,17.8,1248.0,75.0,Maruti,18,3
2015,650000.0,50000.0,Petrol,Individual,Manual,First Owner,5.0,17.19,1197.0,81.86,Hyundai,11,1
2011,350000.0,98000.0,Petrol,Individual,Manual,First Owner,5.0,18.5,1197.0,80.0,Hyundai,15,1
2013,360000.0,30000.0,Petrol,Individual,Manual,First Owner,5.0,18.5,1197.0,82.85,Hyundai,13,1
2013,550000.0,50000.0,Petrol,Individual,Manual,Second Owner,5.0,16.3,1797.0,147.5,Hyundai,13,2
2016,490000.0,26000.0,Petrol,Individual,Manual,First Owner,5.0,18.9,1197.0,82.0,Hyundai,10,1
2011,195000.0,46000.0,Petrol,Individual,Manual,Second Owner,5.0,19.7,796.0,46.3,Maruti,15,2
2010,125000.0,80000.0,Petrol,Individual,Manual,Fourth & Above Owner,5.0,19.7,796.0,46.3,Maruti,16,4
2019,459999.0,10000.0,Petrol,Individual,Manual,First Owner,5.0,23.84,1199.0,84.0,Tata,7,1
2015,275000.0,16700.0,Petrol,Individual,Manual,First Owner,5.0,22.74,796.0,47.3,Maruti,11,1
2018,680000.0,70000.0,Diesel,Individual,Manual,First Owner,5.0,28.4,1248.0,74.02,Maruti,8,1
2015,600000.0,7967.0,Petrol,Individual,Manual,First Owner,5.0,20.85,1197.0,83.14,Maruti,11,1
2018,720000.0,20000.0,Petrol,Individual,Manual,First Owner,5.0,22.0,1197.0,81.8,Maruti,8,1
2011,295000.0,50000.0,Diesel,Individual,Manual,First Owner,5.0,19.3,1248.0,82.0,Maruti,15,1
2016,356000.0,9656.0,Petrol,Individual,Manual,First Owner,5.0,25.17,799.0,53.3,Renault,10,1
2011,225000.0,50000.0,Petrol,Individual,Manual,First Owner,5.0,19.81,1086.0,68.05,Hyundai,15,1
2019,725000.0,17000.0,Diesel,Individual,Manual,First Owner,5.0,24.4,1498.0,98.63,Ford,7,1
2010,130000.0,50000.0,Petrol,Individual,Manual,First Owner,5.0,18.0,995.0,62.0,Chevrolet,16,1
2015,300000.0,10000.0,Petrol,Individual,Manual,First Owner,5.0,25.17,799.0,53.3,Renault,11,1
2013,400000.0,43000.0,Petrol,Individual,Manual,Second Owner,5.0,18.5,1197.0,82.85,Hyundai,13,2
2013,550000.0,50000.0,Diesel,Individual,Manual,First Owner,5.0,23.5,1396.0,88.7,Hyundai,13,1
2006,120000.0,90000.0,Petrol,Individual,Manual,Second Owner,5.0,18.9,998.0,67.0,Maruti,20,2
2012,409999.0,100000.0,Diesel,Individual,Manual,Second Owner,8.0,14.0,2498.0,112.0,Mahindra,14,2
2010,110000.0,80000.0,Petrol,Individual,Manual,Second Owner,5.0,0.0,1086.0,62.1,Hyundai,16,2
2012,450000.0,120000.0,Diesel,Individual,Manual,First Owner,7.0,15.96,2523.0,62.1,Mahindra,14,1
2019,610000.0,5000.0,Petrol,Individual,Manual,First Owner,5.0,21.21,1197.0,81.8,Maruti,7,1
2016,515000.0,68609.0,Diesel,Dealer,Manual,First Owner,5.0,22.7,1498.0,89.84,Ford,10,1
2018,925000.0,33360.0,Diesel,Dealer,Manual,First Owner,5.0,22.77,1498.0,98.59,Ford,8,1
2019,860000.0,14317.0,Petrol,Dealer,Manual,First Owner,5.0,14.23,1498.0,104.55,Nissan,7,1
2012,225000.0,87237.0,Diesel,Dealer,Manual,Second Owner,5.0,20.0,1399.0,68.05,Ford,14,2
2017,500000.0,62960.0,Diesel,Dealer,Manual,First Owner,5.0,25.83,1498.0,99.0,Ford,9,1
2017,600000.0,26634.0,Petrol,Dealer,Automatic,First Owner,5.0,21.21,1197.0,81.8,Maruti,9,1
2012,195000.0,163720.0,Diesel,Dealer,Manual,First Owner,5.0,18.5,1399.0,68.0,Ford,14,1
2012,265000.0,67998.0,Petrol,Dealer,Manual,First Owner,5.0,18.9,998.0,67.1,Maruti,14,1
2018,650000.0,20706.0,Diesel,Dealer,Manual,First Owner,5.0,23.8,1499.0,98.63,Ford,8,1
2015,415000.0,100581.0,Diesel,Dealer,Manual,First Owner,5.0,25.83,1498.0,99.0,Ford,11,1
2015,600000.0,67303.0,Diesel,Dealer,Manual,First Owner,5.0,20.45,1461.0,83.8,Renault,11,1
2013,340000.0,79139.0,Petrol,Dealer,Manual,First Owner,5.0,18.5,1197.0,85.8,Maruti,13,1
2014,350000.0,84784.0,Diesel,Dealer,Manual,First Owner,5.0,24.0,1120.0,70.0,Hyundai,12,1
2012,265000.0,130376.0,Diesel,Dealer,Manual,Second Owner,5.0,23.2,1248.0,73.94,Maruti,14,2
2017,625000.0,72000.0,Diesel,Individual,Manual,First Owner,7.0,13.93,2179.0,138.03,Tata,9,1
2008,245000.0,127000.0,Diesel,Individual,Manual,Second Owner,5.0,16.8,1493.0,110.0,Hyundai,18,2
2014,395000.0,120000.0,Diesel,Individual,Manual,First Owner,5.0,25.2,1248.0,74.0,Maruti,12,1
2010,190000.0,120000.0,Diesel,Individual,Manual,Second Owner,5.0,19.3,1248.0,82.0,Fiat,16,2
2014,490000.0,100000.0,Diesel,Individual,Manual,First Owner,5.0,24.4,1120.0,71.0,Hyundai,12,1
2012,450000.0,148000.0,Diesel,Individual,Manual,Second Owner,5.0,19.3,1248.0,82.0,Toyota,14,2
2018,955000.0,40000.0,Diesel,Individual,Manual,First Owner,7.0,24.52,1248.0,88.5,Maruti,8,1
2013,525000.0,110000.0,Diesel,Individual,Manual,First Owner,5.0,23.4,1248.0,74.0,Maruti,13,1
2017,550000.0,30000.0,Petrol,Individual,Manual,First Owner,5.0,20.3,1199.0,84.0,Tata,9,1
2014,200000.0,120000.0,Diesel,Individual,Manual,Second Owner,5.0,19.1,1405.0,70.0,Tata,12,2
2017,500000.0,15000.0,Petrol,Individual,Manual,First Owner,5.0,18.16,1196.0,86.8,Ford,9,1
2016,825000.0,33500.0,Diesel,Individual,Manual,First Owner,5.0,23.65,1248.0,88.5,Maruti,10,1
2012,250000.0,70000.0,Diesel,Individual,Manual,First Owner,7.0,17.21,1493.0,100.0,Mahindra,14,1
2015,600000.0,10000.0,Petrol,Individual,Manual,First Owner,5.0,18.16,1197.0,78.8,Toyota,11,1
2018,1325000.0,22053.0,Diesel,Individual,Manual,First Owner,7.0,16.36,2179.0,120.0,Mahindra,8,1
2016,770000.0,50000.0,Diesel,Individual,Manual,First Owner,7.0,18.49,1493.0,100.0,Mahindra,10,1
2011,415000.0,78432.0,Diesel,Individual,Manual,First Owner,5.0,16.52,1991.0,123.7,Chevrolet,15,1
2011,825000.0,125000.0,Diesel,Individual,Manual,Second Owner,7.0,14.66,2199.0,194.3,Hyundai,15,2
2018,530000.0,80000.0,Diesel,Individual,Manual,First Owner,5.0,26.1,1498.0,99.23,Ford,8,1
2006,425000.0,225000.0,Diesel,Individual,Manual,Third Owner,8.0,12.8,2494.0,102.0,Toyota,20,3
2012,310000.0,50000.0,Petrol,Individual,Manual,Second Owner,5.0,19.4,1198.0,86.8,Honda,14,2
2017,390000.0,20000.0,Petrol,Individual,Manual,First Owner,5.0,23.84,1199.0,84.0,Tata,9,1
2016,700000.0,30000.0,Petrol,Individual,Manual,First Owner,5.0,15.29,1591.0,121.3,Hyundai,10,1
2010,200000.0,70000.0,Petrol,Individual,Manual,Second Owner,5.0,19.81,1086.0,68.05,Hyundai,16,2
2013,1050000.0,7200.0,Diesel,Individual,Manual,First Owner,8.0,12.99,2494.0,100.6,Toyota,13,1
2014,580000.0,97000.0,Diesel,Individual,Manual,First Owner,5.0,26.0,1498.0,98.6,Honda,12,1
2014,200000.0,60000.0,Petrol,Individual,Manual,Second Owner,5.0,21.1,814.0,55.2,Hyundai,12,2
2013,245000.0,25000.0,Petrol,Individual,Manual,First Owner,5.0,18.2,1199.0,84.8,Chevrolet,13,1
2010,210000.0,94000.0,Petrol,Individual,Manual,Second Owner,5.0,20.36,1197.0,78.9,Hyundai,16,2
2005,50000.0,90000.0,Petrol,Individual,Manual,Second Owner,5.0,15.4,1590.0,94.0,Maruti,21,2
2012,700000.0,50000.0,Diesel,Individual,Automatic,Second Owner,7.0,12.12,2231.0,184.0,Chevrolet,14,2
2019,660000.0,35000.0,Diesel,Individual,Manual,First Owner,5.0,22.95,1248.0,74.0,Tata,7,1
2015,630000.0,117500.0,Petrol,Individual,Manual,Second Owner,5.0,17.4,1497.0,117.3,Honda,11,2
2012,950000.0,78500.0,Diesel,Individual,Manual,First Owner,7.0,15.1,2179.0,140.0,Mahindra,14,1
2018,740000.0,8000.0,Petrol,Individual,Manual,First Owner,5.0,18.6,1197.0,81.83,Hyundai,8,1
2017,570000.0,25000.0,Petrol,Individual,Manual,First Owner,5.0,18.12,1196.0,86.8,Ford,9,1
2012,450000.0,60000.0,Diesel,Individual,Manual,Third Owner,5.0,22.32,1582.0,126.32,Hyundai,14,3
2019,390000.0,10000.0,Petrol,Individual,Manual,First Owner,5.0,22.5,999.0,67.0,Datsun,7,1
2009,180000.0,70000.0,Petrol,Individual,Manual,Second Owner,5.0,14.2,1597.0,92.0,Ford,17,2
2015,130000.0,60000.0,Petrol,Individual,Manual,First Owner,4.0,25.4,624.0,37.48,Tata,11,1
2006,270000.0,70000.0,Petrol,Individual,Manual,Second Owner,5.0,17.7,1497.0,78.0,Honda,20,2
1997,60000.0,25000.0,Petrol,Individual,Manual,Third Owner,4.0,16.1,796.0,37.0,Maruti,29,3
2006,170000.0,90000.0,Petrol,Individual,Manual,Third Owner,5.0,13.9,1599.0,103.2,Hyundai,20,3
2015,978999.0,90000.0,Diesel,Individual,Manual,First Owner,5.0,19.67,1582.0,126.2,Hyundai,11,1
2018,490000.0,25000.0,Petrol,Individual,Manual,First Owner,5.0,23.84,1199.0,84.0,Tata,8,1
2012,280000.0,60000.0,Diesel,Individual,Manual,Second Owner,5.0,23.5,1498.0,88.7,Ford,14,2
2018,390000.0,25000.0,Petrol,Individual,Manual,First Owner,5.0,23.84,1199.0,84.0,Tata,8,1
2013,170000.0,60000.0,Petrol,Individual,Manual,Fourth & Above Owner,5.0,22.74,796.0,47.3,Maruti,13,4
2008,45000.0,70000.0,Petrol,Individual,Manual,First Owner,5.0,18.0,995.0,62.0,Chevrolet,18,1
2016,640000.0,80000.0,Diesel,Individual,Manual,Second Owner,7.0,24.52,1248.0,88.5,Maruti,10,2
2015,650000.0,110000.0,Diesel,Individual,Manual,Second Owner,9.0,15.4,2523.0,75.0,Mahindra,11,2
2013,500000.0,115717.0,Diesel,Individual,Manual,First Owner,9.0,12.05,2179.0,120.0,Mahindra,13,1
2008,90000.0,110000.0,Diesel,Individual,Manual,Second Owner,5.0,17.7,1399.0,68.0,Ford,18,2
2014,480000.0,70000.0,Diesel,Individual,Manual,Second Owner,7.0,15.05,2179.0,147.9,Tata,12,2
2019,630000.0,4000.0,Petrol,Individual,Manual,First Owner,5.0,21.21,1197.0,81.8,Maruti,7,1
2011,250000.0,50000.0,Petrol,Individual,Manual,First Owner,5.0,20.36,1197.0,78.9,Hyundai,15,1
2016,330000.0,70000.0,Petrol,Individual,Manual,Fourth & Above Owner,5.0,18.9,1197.0,82.0,Hyundai,10,4
2009,180000.0,70000.0,Petrol,Individual,Manual,Second Owner,5.0,20.36,1197.0,78.9,Hyundai,17,2
2010,210000.0,50000.0,Petrol,Individual,Manual,Second Owner,5.0,18.5,1197.0,80.0,Hyundai,16,2
2016,550000.0,55000.0,Diesel,Individual,Manual,First Owner,5.0,26.59,1248.0,74.0,Maruti,10,1
2020,950000.0,5000.0,Petrol,Individual,Automatic,First Owner,5.0,17.0,1198.0,108.5,Tata,6,1
2013,430000.0,100000.0,Diesel,Individual,Manual,Second Owner,7.0,15.96,2523.0,62.1,Mahindra,13,2
2014,348000.0,23000.0,Petrol,Individual,Manual,Second Owner,5.0,20.36,1197.0,78.9,Hyundai,12,2
2014,196000.0,60000.0,Petrol,Individual,Manual,Second Owner,5.0,22.74,796.0,47.3,Maruti,12,2
2010,150000.0,70000.0,Petrol,Individual,Manual,Second Owner,5.0,18.9,1061.0,67.0,Maruti,16,2
2005,90000.0,82000.0,Petrol,Individual,Manual,Fourth & Above Owner,5.0,19.3,1248.0,82.0,Hyundai,21,4
2009,150000.0,60000.0,Petrol,Individual,Manual,Second Owner,5.0,18.9,1061.0,67.0,Maruti,17,2
2019,1250000.0,100000.0,Diesel,Individual,Manual,First Owner,7.0,14.1,2179.0,153.86,Tata,7,1
2015,600000.0,90000.0,Diesel,Individual,Manual,Third Owner,7.0,20.77,1248.0,88.76,Maruti,11,3
2010,65000.0,26432.0,Petrol,Dealer,Manual,First Owner,4.0,25.4,624.0,37.48,Tata,16,1
2016,220000.0,46702.0,Petrol,Dealer,Manual,First Owner,8.0,16.8,796.0,34.2,Maruti,10,1
2016,220000.0,46706.0,Petrol,Dealer,Manual,First Owner,8.0,16.8,796.0,34.2,Maruti,10,1
2006,110000.0,53523.0,Petrol,Dealer,Manual,First Owner,5.0,16.84,1193.0,64.4,Tata,20,1
2012,175000.0,56365.0,Diesel,Dealer,Manual,First Owner,5.0,25.44,936.0,56.3,Chevrolet,14,1
2011,160000.0,49563.0,Petrol,Dealer,Manual,First Owner,5.0,16.2,995.0,62.1,Chevrolet,15,1
2004,65000.0,56432.0,Petrol,Dealer,Manual,First Owner,4.0,16.1,796.0,37.0,Maruti,22,1
2002,60000.0,52365.0,Petrol,Dealer,Manual,Second Owner,4.0,16.1,796.0,37.0,Maruti,24,2
2007,120000.0,53512.0,Petrol,Dealer,Manual,Second Owner,5.0,19.7,796.0,46.3,Maruti,19,2
2005,110000.0,53563.0,Petrol,Dealer,Manual,Second Owner,5.0,19.3,1248.0,82.0,Hyundai,21,2
2013,1000000.0,40000.0,Diesel,Individual,Automatic,First Owner,7.0,11.18,2696.0,184.0,Mahindra,13,1
2010,220000.0,46533.0,Petrol,Dealer,Manual,First Owner,5.0,18.9,998.0,67.1,Maruti,16,1
2005,105000.0,59635.0,Petrol,Dealer,Manual,Second Owner,5.0,19.3,1248.0,82.0,Maruti,21,2
2008,114999.0,58632.0,Petrol,Dealer,Manual,Second Owner,5.0,14.0,796.0,35.0,Maruti,18,2
2008,110000.0,58632.0,LPG,Dealer,Manual,Second Owner,5.0,19.3,1248.0,82.0,Maruti,18,2
2016,850000.0,80000.0,Diesel,Individual,Automatic,Second Owner,7.0,16.0,2179.0,140.0,Mahindra,10,2
2016,750000.0,70000.0,Diesel,Individual,Manual,First Owner,7.0,24.52,1248.0,88.5,Maruti,10,1
2017,265000.0,90000.0,Petrol,Individual,Manual,First Owner,5.0,23.01,999.0,67.0,Renault,9,1
2014,450000.0,110000.0,Petrol,Individual,Manual,Second Owner,5.0,14.09,1596.0,99.6,Ford,12,2
2013,225000.0,90000.0,Diesel,Individual,Manual,First Owner,7.0,17.21,1493.0,100.0,Mahindra,13,1
2015,1125000.0,70000.0,Diesel,Individual,Manual,First Owner,7.0,15.4,2179.0,120.0,Mahindra,11,1
2009,270000.0,80000.0,Petrol,Individual,Manual,First Owner,5.0,16.6,1197.0,85.0,Maruti,17,1
2007,130000.0,78000.0,Petrol,Individual,Manual,First Owner,5.0,19.7,796.0,46.3,Maruti,19,1
2017,660000.0,45000.0,Diesel,Individual,Manual,First Owner,7.0,16.5,1493.0,70.0,Mahindra,9,1
2015,240000.0,50000.0,Petrol,Individual,Manual,Second Owner,5.0,23.95,998.0,67.05,Maruti,11,2
2017,275000.0,58000.0,Petrol,Individual,Manual,First Owner,5.0,24.7,796.0,47.3,Maruti,9,1
2012,750000.0,120000.0,Diesel,Individual,Manual,First Owner,8.0,12.8,2494.0,102.0,Toyota,14,1
2007,65000.0,30000.0,Petrol,Individual,Manual,Second Owner,5.0,14.7,1150.0,76.0,Chevrolet,19,2
2017,850000.0,162000.0,Diesel,Individual,Manual,First Owner,7.0,14.1,2179.0,147.94,Tata,9,1
2016,300000.0,50000.0,CNG,Individual,Manual,Second Owner,5.0,26.6,998.0,58.16,Maruti,10,2
2018,555000.0,25000.0,Petrol,Individual,Manual,Second Owner,5.0,18.6,1197.0,81.83,Hyundai,8,2
2015,825000.0,60000.0,Diesel,Individual,Manual,First Owner,7.0,15.4,1997.0,120.0,Mahindra,11,1
2010,150000.0,70000.0,LPG,Individual,Manual,Third Owner,5.0,13.45,1086.0,62.1,Hyundai,16,3
2009,185000.0,138000.0,Diesel,Individual,Manual,Second Owner,5.0,19.3,1248.0,73.9,Maruti,17,2
2010,180000.0,70000.0,Petrol,Individual,Manual,Second Owner,5.0,20.36,1197.0,78.9,Hyundai,16,2
2010,160000.0,48000.0,Petrol,Individual,Manual,Second Owner,5.0,19.7,796.0,46.3,Maruti,16,2
2012,500000.0,110000.0,Diesel,Individual,Automatic,First Owner,7.0,11.4,2953.0,153.86,Ford,14,1
2014,375000.0,88000.0,Diesel,Individual,Manual,Second Owner,5.0,25.2,1248.0,74.0,Maruti,12,2
2015,900000.0,68000.0,Diesel,Individual,Manual,First Owner,7.0,12.99,2494.0,100.6,Toyota,11,1
2017,459999.0,70000.0,Petrol,Individual,Manual,First Owner,5.0,18.9,1197.0,82.0,Hyundai,9,1
2014,480000.0,80000.0,Diesel,Individual,Manual,First Owner,5.0,20.45,1461.0,83.8,Renault,12,1
2013,320000.0,100000.0,Diesel,Individual,Manual,Third Owner,5.0,22.9,1248.0,74.0,Maruti,13,3
2013,370000.0,96000.0,Diesel,Individual,Manual,Second Owner,5.0,22.9,1248.0,74.0,Maruti,13,2
2005,80000.0,123219.0,Petrol,Individual,Manual,Third Owner,5.0,19.3,1248.0,82.0,Hyundai,21,3
2002,75000.0,30000.0,Petrol,Individual,Manual,Third Owner,5.0,17.3,993.0,60.0,Maruti,24,3
2016,400000.0,60000.0,Diesel,Individual,Manual,Third Owner,5.0,23.2,1248.0,73.94,Maruti,10,3
2005,250000.0,90000.0,Petrol,Individual,Automatic,Second Owner,5.0,19.3,1248.0,82.0,Honda,21,2
2014,425000.0,65000.0,Diesel,Individual,Manual,First Owner,5.0,25.2,1248.0,74.0,Maruti,12,1
2014,325000.0,48000.0,Petrol,Individual,Manual,First Owner,5.0,23.1,998.0,67.04,Maruti,12,1
2016,350000.0,65300.0,Petrol,Individual,Manual,Second Owner,5.0,18.9,1197.0,82.0,Hyundai,10,2
2018,600000.0,40000.0,Petrol,Individual,Manual,First Owner,5.0,18.6,1197.0,81.83,Hyundai,8,1
2012,120000.0,60000.0,Diesel,Individual,Manual,Second Owner,5.0,25.44,936.0,57.6,Chevrolet,14,2
2012,200000.0,70000.0,Petrol,Individual,Manual,Second Owner,5.0,20.92,998.0,67.1,Maruti,14,2
2008,100000.0,70000.0,Petrol,Individual,Manual,Third Owner,5.0,19.7,796.0,46.3,Maruti,18,3
2014,350000.0,70000.0,Diesel,Individual,Manual,Second Owner,5.0,24.0,1120.0,70.0,Hyundai,12,2
2006,85000.0,150000.0,Petrol,Individual,Manual,Second Owner,5.0,19.7,796.0,46.3,Maruti,20,2
2019,399000.0,10000.0,Petrol,Individual,Manual,First Owner,5.0,23.95,998.0,67.05,Maruti,7,1
2014,580000.0,56000.0,Diesel,Individual,Manual,First Owner,5.0,22.32,1582.0,126.3,Hyundai,12,1
2017,290000.0,30000.0,Petrol,Individual,Manual,First Owner,5.0,22.7,799.0,53.64,Datsun,9,1
2014,380000.0,50000.0,Petrol,Individual,Manual,Second Owner,5.0,18.9,1197.0,82.0,Hyundai,12,2
2010,200000.0,120000.0,Diesel,Individual,Manual,First Owner,5.0,20.0,1399.0,68.0,Ford,16,1
2018,390000.0,40000.0,CNG,Individual,Manual,First Owner,5.0,26.6,998.0,58.16,Maruti,8,1
2017,500000.0,27500.0,Petrol,Individual,Manual,First Owner,5.0,18.9,1197.0,81.86,Hyundai,9,1
2012,520000.0,73000.0,Diesel,Individual,Manual,First Owner,7.0,20.77,1248.0,88.76,Maruti,14,1
2017,650000.0,75000.0,Diesel,Individual,Manual,First Owner,5.0,26.59,1248.0,74.0,Maruti,9,1
2018,380000.0,5000.0,Petrol,Individual,Manual,First Owner,5.0,23.01,999.0,67.0,Renault,8,1
2010,275000.0,50000.0,LPG,Individual,Manual,First Owner,5.0,26.2,998.0,58.2,Maruti,16,1
2015,520000.0,70000.0,Diesel,Individual,Manual,First Owner,5.0,26.59,1248.0,74.0,Maruti,11,1
2015,610000.0,60000.0,Diesel,Individual,Manual,First Owner,5.0,26.59,1248.0,74.0,Maruti,11,1
2004,85000.0,110000.0,Petrol,Individual,Manual,First Owner,5.0,18.9,998.0,67.1,Maruti,22,1
2013,490000.0,95000.0,Diesel,Individual,Manual,First Owner,5.0,20.46,1461.0,83.8,Renault,13,1
2015,229999.0,34000.0,Petrol,Individual,Manual,Second Owner,5.0,21.1,814.0,55.2,Hyundai,11,2
2015,411000.0,25000.0,Petrol,Individual,Manual,First Owner,5.0,18.9,1197.0,82.0,Hyundai,11,1
2019,362000.0,120000.0,CNG,Individual,Manual,Second Owner,5.0,21.94,1196.0,61.7,Maruti,7,2
2014,550000.0,31000.0,Diesel,Individual,Manual,First Owner,5.0,23.59,1364.0,67.06,Toyota,12,1
2018,459999.0,70000.0,CNG,Individual,Manual,First Owner,5.0,26.6,998.0,58.16,Maruti,8,1
2011,190000.0,47000.0,Petrol,Individual,Manual,First Owner,5.0,18.5,1197.0,85.8,Maruti,15,1
2019,499000.0,5000.0,Petrol,Individual,Automatic,First Owner,5.0,20.3,1086.0,68.0,Hyundai,7,1
2018,358000.0,44000.0,Petrol,Individual,Manual,First Owner,7.0,15.37,1196.0,73.0,Maruti,8,1
2012,278000.0,120000.0,Diesel,Individual,Manual,Second Owner,5.0,23.59,1364.0,67.1,Toyota,14,2
2014,320000.0,39395.0,Diesel,Individual,Manual,First Owner,5.0,21.2,1248.0,75.0,Fiat,12,1
2013,580000.0,67000.0,Diesel,Individual,Manual,Second Owner,5.0,20.4,1461.0,108.5,Renault,13,2
2019,1300000.0,20000.0,Petrol,Individual,Automatic,First Owner,5.0,17.4,1497.0,117.6,Honda,7,1
2018,825000.0,40000.0,Diesel,Individual,Manual,First Owner,5.0,25.8,1498.0,98.6,Honda,8,1
2004,170000.0,120000.0,Petrol,Individual,Manual,Second Owner,5.0,13.4,1794.0,125.0,Toyota,22,2
2014,1700000.0,80000.0,Diesel,Individual,Manual,Second Owner,7.0,12.55,2982.0,168.5,Toyota,12,2
2018,490000.0,7000.0,Petrol,Individual,Manual,First Owner,5.0,20.3,1086.0,68.0,Hyundai,8,1
2018,1050000.0,15000.0,Diesel,Individual,Manual,First Owner,7.0,16.0,2179.0,140.0,Mahindra,8,1
2016,210000.0,50000.0,Petrol,Individual,Manual,First Owner,5.0,18.6,1199.0,76.8,Chevrolet,10,1
2016,1250000.0,30000.0,Diesel,Individual,Manual,First Owner,7.0,15.4,2179.0,120.0,Mahindra,10,1
2012,320000.0,120000.0,Diesel,Individual,Manual,Second Owner,5.0,22.9,1248.0,74.0,Maruti,14,2
2012,400000.0,64000.0,Diesel,Individual,Manual,First Owner,5.0,16.52,1991.0,123.7,Chevrolet,14,1
2013,320000.0,120000.0,Diesel,Individual,Manual,First Owner,5.0,23.2,1248.0,73.94,Maruti,13,1
2012,600000.0,85000.0,Diesel,Individual,Manual,First Owner,5.0,21.43,1364.0,87.2,Toyota,14,1
2012,275000.0,50000.0,Petrol,Individual,Manual,First Owner,5.0,20.92,998.0,67.1,Maruti,14,1
2009,170000.0,59000.0,Petrol,Individual,Manual,Second Owner,5.0,19.7,796.0,46.3,Maruti,17,2
2012,155000.0,98000.0,Diesel,Individual,Manual,First Owner,5.0,25.44,936.0,57.6,Chevrolet,14,1
2012,240000.0,70000.0,Diesel,Individual,Manual,First Owner,5.0,19.3,1248.0,0.0,Tata,14,1
2012,240000.0,70000.0,Diesel,Individual,Manual,First Owner,5.0,19.3,1248.0,0.0,Tata,14,1
2011,320000.0,120000.0,Diesel,Individual,Manual,Second Owner,5.0,19.3,1248.0,82.0,Maruti,15,2
2015,620000.0,140000.0,Diesel,Individual,Manual,Second Owner,5.0,20.45,1461.0,83.8,Renault,11,2
2017,530000.0,50000.0,Petrol,Individual,Manual,First Owner,5.0,18.9,1197.0,81.86,Hyundai,9,1
2015,550000.0,40000.0,Diesel,Individual,Manual,First Owner,5.0,23.59,1364.0,67.04,Toyota,11,1
2014,600000.0,90000.0,Diesel,Individual,Manual,First Owner,5.0,26.0,1498.0,98.6,Honda,12,1
2014,649000.0,117000.0,Diesel,Individual,Manual,Third Owner,7.0,15.1,2179.0,140.0,Mahindra,12,3
2014,625000.0,90000.0,Diesel,Individual,Manual,First Owner,5.0,26.0,1498.0,98.6,Honda,12,1
2010,125000.0,70000.0,Petrol,Individual,Manual,First Owner,5.0,16.0,995.0,63.0,Chevrolet,16,1
2009,305000.0,225000.0,Diesel,Individual,Manual,Second Owner,9.0,13.58,2499.0,72.4,Chevrolet,17,2
2010,285000.0,155000.0,Petrol,Individual,Manual,Second Owner,5.0,15.5,1586.0,103.3,Maruti,16,2
2015,600000.0,60000.0,Diesel,Individual,Manual,Second Owner,5.0,13.49,2179.0,138.03,Tata,11,2
2016,426000.0,110000.0,Petrol,Individual,Manual,First Owner,6.0,18.15,1198.0,82.0,Mahindra,10,1
2010,180000.0,120000.0,Diesel,Individual,Manual,First Owner,5.0,17.0,1405.0,71.0,Tata,16,1
2011,400000.0,100000.0,Diesel,Individual,Manual,Second Owner,5.0,22.32,1582.0,126.32,Hyundai,15,2
2010,120000.0,40000.0,Petrol,Individual,Manual,Second Owner,5.0,18.6,1199.0,79.4,Chevrolet,16,2
2012,300000.0,110000.0,Diesel,Individual,Manual,Second Owner,5.0,21.12,1248.0,88.8,Tata,14,2
2011,190000.0,92500.0,Petrol,Individual,Manual,Second Owner,5.0,20.92,998.0,67.1,Maruti,15,2
2017,310000.0,20000.0,Petrol,Individual,Manual,First Owner,5.0,24.7,796.0,47.3,Maruti,9,1
2019,380000.0,15000.0,Petrol,Individual,Manual,First Owner,5.0,25.17,799.0,53.3,Renault,7,1
2019,740000.0,14000.0,Diesel,Individual,Manual,First Owner,7.0,16.5,1493.0,70.0,Mahindra,7,1
2016,260000.0,35000.0,Petrol,Individual,Manual,First Owner,5.0,22.7,799.0,53.64,Datsun,10,1
2017,320000.0,32000.0,Petrol,Individual,Manual,Second Owner,5.0,23.95,998.0,67.05,Maruti,9,2
2013,211000.0,90000.0,CNG,Individual,Manual,First Owner,5.0,26.6,998.0,58.16,Maruti,13,1
2018,650000.0,35000.0,Petrol,Individual,Manual,First Owner,5.0,22.0,1197.0,81.8,Maruti,8,1
2017,651000.0,32500.0,Diesel,Individual,Manual,Second Owner,5.0,28.4,1248.0,74.02,Maruti,9,2
2019,380000.0,14000.0,Petrol,Individual,Automatic,First Owner,5.0,23.95,998.0,67.05,Maruti,7,1
2014,160000.0,70000.0,Diesel,Individual,Manual,Third Owner,5.0,25.44,936.0,56.3,Chevrolet,12,3
2019,1270000.0,20000.0,Petrol,Individual,Automatic,First Owner,5.0,17.0,1591.0,121.3,Hyundai,7,1
2011,300000.0,225000.0,LPG,Individual,Manual,First Owner,5.0,26.2,998.0,58.2,Maruti,15,1
2015,405000.0,100000.0,Diesel,Individual,Manual,First Owner,5.0,25.2,1248.0,74.0,Maruti,11,1
2015,850000.0,64800.0,Diesel,Individual,Manual,First Owner,7.0,15.1,2179.0,140.0,Mahindra,11,1
2017,680000.0,90000.0,Diesel,Individual,Manual,First Owner,7.0,16.5,1493.0,70.0,Mahindra,9,1
2014,426999.0,80000.0,Petrol,Individual,Manual,First Owner,5.0,19.1,1197.0,82.0,Hyundai,12,1
2015,525000.0,225000.0,Diesel,Individual,Manual,First Owner,5.0,24.8,1396.0,88.7,Hyundai,11,1
2014,1019999.0,60000.0,Diesel,Individual,Manual,Second Owner,7.0,12.99,2494.0,100.6,Toyota,12,2
2005,245000.0,120000.0,Diesel,Individual,Manual,First Owner,8.0,12.8,2494.0,102.0,Toyota,21,1
2015,869999.0,120000.0,Diesel,Individual,Manual,First Owner,5.0,22.7,1582.0,126.2,Hyundai,11,1
2010,160000.0,66444.0,LPG,Individual,Manual,First Owner,5.0,26.2,998.0,58.2,Maruti,16,1
2016,700000.0,86000.0,Diesel,Individual,Manual,First Owner,5.0,24.3,1248.0,88.5,Maruti,10,1
2012,300000.0,90000.0,Diesel,Individual,Manual,First Owner,5.0,21.64,1461.0,84.8,Nissan,14,1
2007,175000.0,218463.0,Petrol,Individual,Automatic,First Owner,5.0,12.9,1799.0,130.0,Honda,19,1
2012,960000.0,153000.0,Diesel,Individual,Manual,First Owner,8.0,12.8,2494.0,102.0,Toyota,14,1
2014,525000.0,70000.0,Diesel,Individual,Manual,Second Owner,6.0,16.55,2498.0,105.0,Mahindra,12,2
2015,345000.0,60000.0,Diesel,Individual,Manual,First Owner,5.0,24.0,1120.0,70.0,Hyundai,11,1
2015,390000.0,50000.0,Petrol,Individual,Manual,First Owner,5.0,18.0,1198.0,86.7,Honda,11,1
2015,275000.0,20000.0,Petrol,Individual,Manual,First Owner,5.0,20.63,1198.0,67.0,Datsun,11,1
2014,310000.0,35000.0,Petrol,Individual,Manual,First Owner,5.0,18.2,1199.0,82.4,Chevrolet,12,1
2017,500000.0,20000.0,Petrol,Individual,Manual,First Owner,5.0,18.9,1197.0,81.86,Hyundai,9,1
2013,200000.0,70000.0,Diesel,Individual,Manual,First Owner,5.0,22.1,1248.0,76.9,Chevrolet,13,1
2018,650000.0,53000.0,Diesel,Individual,Manual,First Owner,5.0,20.14,1498.0,88.0,Volkswagen,8,1
2018,1031000.0,60000.0,Diesel,Individual,Manual,First Owner,5.0,25.6,1498.0,97.9,Honda,8,1
2018,330000.0,70000.0,Petrol,Individual,Manual,First Owner,5.0,20.3,998.0,68.05,Hyundai,8,1
2019,399000.0,4000.0,Petrol,Individual,Manual,First Owner,5.0,20.3,1086.0,68.0,Hyundai,7,1
2012,250000.0,103000.0,Petrol,Individual,Manual,First Owner,5.0,20.36,1197.0,78.9,Hyundai,14,1
2017,600000.0,20000.0,Diesel,Individual,Manual,First Owner,5.0,24.0,1186.0,73.97,Hyundai,9,1
2013,375000.0,77000.0,Diesel,Individual,Manual,First Owner,5.0,22.9,1248.0,74.0,Maruti,13,1
2012,375000.0,90000.0,Diesel,Individual,Manual,First Owner,5.0,20.54,1598.0,103.6,Volkswagen,14,1
2013,445000.0,87185.0,Diesel,Individual,Manual,Second Owner,5.0,22.32,1582.0,126.3,Hyundai,13,2
2003,55000.0,167000.0,Petrol,Individual,Manual,Second Owner,5.0,18.9,998.0,67.1,Maruti,23,2
2016,611000.0,77000.0,Diesel,Individual,Manual,First Owner,5.0,22.54,1396.0,88.73,Hyundai,10,1
2014,459999.0,110000.0,Diesel,Individual,Manual,Second Owner,5.0,24.8,1396.0,88.7,Hyundai,12,2
2011,275000.0,120000.0,Diesel,Individual,Manual,Second Owner,5.0,17.8,1399.0,68.0,Ford,15,2
2011,185000.0,170000.0,CNG,Individual,Manual,First Owner,5.0,11.88,1086.0,62.1,Hyundai,15,1
2012,390000.0,100000.0,Diesel,Individual,Manual,Second Owner,5.0,22.32,1582.0,126.32,Hyundai,14,2
2007,72000.0,40000.0,Petrol,Individual,Manual,Second Owner,5.0,18.0,995.0,62.0,Chevrolet,19,2
2007,90000.0,50000.0,Diesel,Individual,Manual,First Owner,5.0,17.88,1396.0,52.8,Tata,19,1
2015,500000.0,125000.0,Diesel,Individual,Manual,First Owner,5.0,23.59,1364.0,67.05,Toyota,11,1
2011,200000.0,137000.0,CNG,Individual,Manual,First Owner,5.0,26.2,998.0,58.2,Maruti,15,1
2019,1575000.0,18000.0,Diesel,Individual,Manual,First Owner,7.0,15.1,2179.0,152.87,Mahindra,7,1
2015,511000.0,30000.0,Petrol,Individual,Manual,First Owner,5.0,18.9,1197.0,82.0,Hyundai,11,1
2009,150000.0,55000.0,Petrol,Individual,Manual,First Owner,5.0,14.6,1368.0,88.7,Fiat,17,1
2020,1500000.0,40000.0,Petrol,Individual,Automatic,First Owner,8.0,10.75,2694.0,163.7,Toyota,6,1
2013,185000.0,80000.0,Petrol,Individual,Manual,Second Owner,5.0,22.74,796.0,47.3,Maruti,13,2
2018,550000.0,30000.0,Petrol,Individual,Manual,First Owner,5.0,21.4,1197.0,83.1,Maruti,8,1
2017,325000.0,3564.0,Petrol,Individual,Manual,First Owner,5.0,23.95,998.0,67.05,Maruti,9,1
2015,525000.0,80000.0,Diesel,Individual,Manual,First Owner,5.0,26.59,1248.0,74.0,Maruti,11,1
2018,1050000.0,13000.0,Diesel,Individual,Manual,First Owner,7.0,17.0,2200.0,139.01,Force,8,1
2012,300000.0,120000.0,Diesel,Individual,Manual,First Owner,5.0,25.0,1396.0,69.0,Tata,14,1
2011,120000.0,90000.0,Petrol,Individual,Manual,First Owner,5.0,18.6,1199.0,79.4,Chevrolet,15,1
2017,2625000.0,9000.0,Diesel,Dealer,Automatic,First Owner,5.0,13.6,1999.0,177.0,Jaguar,9,1
2019,5150000.0,20000.0,Petrol,Dealer,Automatic,First Owner,5.0,22.37,2487.0,214.56,Lexus,7,1
2017,3200000.0,45000.0,Diesel,Dealer,Automatic,First Owner,5.0,19.33,1999.0,177.0,Jaguar,9,1
2015,503000.0,110000.0,Diesel,Individual,Manual,First Owner,7.0,14.1,2179.0,147.94,Tata,11,1
2019,3800000.0,20000.0,Diesel,Individual,Automatic,First Owner,5.0,18.0,1969.0,190.0,Volvo,7,1
2016,2000000.0,68089.0,Petrol,Trustmark Dealer,Automatic,First Owner,5.0,19.16,2494.0,157.7,Toyota,10,1
2013,225000.0,58343.0,Petrol,Trustmark Dealer,Manual,First Owner,5.0,21.79,998.0,67.05,Maruti,13,1
2018,740000.0,38817.0,Diesel,Dealer,Manual,First Owner,5.0,27.39,1248.0,74.0,Maruti,8,1
2016,550000.0,56494.0,Petrol,Trustmark Dealer,Manual,First Owner,5.0,18.2,1199.0,88.7,Honda,10,1
2013,750000.0,79328.0,Diesel,Trustmark Dealer,Manual,Second Owner,7.0,12.99,2494.0,100.6,Toyota,13,2
2019,650000.0,5621.0,Petrol,Trustmark Dealer,Automatic,First Owner,5.0,22.0,1197.0,81.8,Maruti,7,1
2017,625000.0,25538.0,Petrol,Trustmark Dealer,Manual,First Owner,5.0,16.78,1496.0,88.73,Toyota,9,1
2018,600000.0,69779.0,Petrol,Dealer,Automatic,First Owner,5.0,22.0,1197.0,81.8,Maruti,8,1
2017,450000.0,56290.0,Diesel,Dealer,Manual,First Owner,5.0,24.0,1186.0,73.97,Hyundai,9,1
2019,5200000.0,7500.0,Diesel,Dealer,Automatic,First Owner,5.0,16.78,1995.0,190.0,Bmw,7,1
2019,5200000.0,8500.0,Diesel,Dealer,Automatic,First Owner,5.0,16.78,1995.0,190.0,Bmw,7,1
2019,779000.0,7032.0,Petrol,Trustmark Dealer,Automatic,First Owner,5.0,19.0,1199.0,88.76,Honda,7,1
2016,645000.0,11000.0,Petrol,Dealer,Automatic,First Owner,5.0,14.3,1598.0,103.5,Skoda,10,1
2018,2475000.0,2000.0,Diesel,Dealer,Automatic,First Owner,5.0,16.8,1984.0,150.0,Volvo,8,1
2011,170000.0,50000.0,Petrol,Individual,Manual,Third Owner,5.0,17.92,1086.0,62.1,Hyundai,15,3
2010,320000.0,42000.0,Diesel,Individual,Manual,First Owner,5.0,23.03,1396.0,69.0,Tata,16,1
2016,350000.0,17000.0,Petrol,Individual,Automatic,First Owner,5.0,23.1,998.0,67.04,Maruti,10,1
2018,500000.0,40000.0,Petrol,Individual,Automatic,First Owner,5.0,22.0,1197.0,81.8,Maruti,8,1
2009,135000.0,137000.0,Diesel,Individual,Manual,Second Owner,5.0,17.0,1405.0,70.0,Tata,17,2
2018,340000.0,20000.0,Petrol,Individual,Manual,First Owner,5.0,25.17,799.0,53.3,Renault,8,1
2020,330000.0,70000.0,Petrol,Individual,Manual,Second Owner,5.0,18.9,1197.0,81.86,Hyundai,6,2
2011,350000.0,48756.0,Petrol,Individual,Manual,Second Owner,5.0,15.5,1586.0,103.3,Maruti,15,2
2015,1850000.0,30000.0,Diesel,Individual,Automatic,Second Owner,7.0,12.55,2982.0,168.5,Toyota,11,2
2016,400000.0,110000.0,Diesel,Individual,Manual,First Owner,5.0,24.4,1120.0,71.0,Hyundai,10,1
2014,325000.0,80322.0,Diesel,Dealer,Manual,First Owner,5.0,17.8,1399.0,67.0,Ford,12,1
2015,1000000.0,35000.0,Diesel,Individual,Manual,First Owner,7.0,15.4,1997.0,120.0,Mahindra,11,1
2017,850000.0,110000.0,Diesel,Individual,Manual,First Owner,7.0,15.4,2523.0,75.0,Mahindra,9,1
2012,350000.0,70000.0,Diesel,Individual,Manual,Second Owner,5.0,21.5,1248.0,88.8,Maruti,14,2
2017,2625000.0,9000.0,Diesel,Dealer,Automatic,First Owner,5.0,13.6,1999.0,177.0,Jaguar,9,1
2019,5150000.0,20000.0,Petrol,Dealer,Automatic,First Owner,5.0,22.37,2487.0,214.56,Lexus,7,1
2017,3200000.0,45000.0,Diesel,Dealer,Automatic,First Owner,5.0,19.33,1999.0,177.0,Jaguar,9,1
2015,503000.0,110000.0,Diesel,Individual,Manual,First Owner,7.0,14.1,2179.0,147.94,Tata,11,1
2019,3800000.0,20000.0,Diesel,Individual,Automatic,First Owner,5.0,18.0,1969.0,190.0,Volvo,7,1
2016,2000000.0,68089.0,Petrol,Trustmark Dealer,Automatic,First Owner,5.0,19.16,2494.0,157.7,Toyota,10,1
2013,225000.0,58343.0,Petrol,Trustmark Dealer,Manual,First Owner,5.0,21.79,998.0,67.05,Maruti,13,1
2018,740000.0,38817.0,Diesel,Dealer,Manual,First Owner,5.0,27.39,1248.0,74.0,Maruti,8,1
2016,550000.0,56494.0,Petrol,Trustmark Dealer,Manual,First Owner,5.0,18.2,1199.0,88.7,Honda,10,1
2013,750000.0,79328.0,Diesel,Trustmark Dealer,Manual,Second Owner,7.0,12.99,2494.0,100.6,Toyota,13,2
2019,650000.0,5621.0,Petrol,Trustmark Dealer,Automatic,First Owner,5.0,22.0,1197.0,81.8,Maruti,7,1
2017,625000.0,25538.0,Petrol,Trustmark Dealer,Manual,First Owner,5.0,16.78,1496.0,88.73,Toyota,9,1
2018,600000.0,69779.0,Petrol,Dealer,Automatic,First Owner,5.0,22.0,1197.0,81.8,Maruti,8,1
2017,450000.0,56290.0,Diesel,Dealer,Manual,First Owner,5.0,24.0,1186.0,73.97,Hyundai,9,1
2019,5200000.0,7500.0,Diesel,Dealer,Automatic,First Owner,5.0,16.78,1995.0,190.0,Bmw,7,1
2019,5200000.0,8500.0,Diesel,Dealer,Automatic,First Owner,5.0,16.78,1995.0,190.0,Bmw,7,1
2019,779000.0,7032.0,Petrol,Trustmark Dealer,Automatic,First Owner,5.0,19.0,1199.0,88.76,Honda,7,1
2016,645000.0,11000.0,Petrol,Dealer,Automatic,First Owner,5.0,14.3,1598.0,103.5,Skoda,10,1
2018,2475000.0,2000.0,Diesel,Dealer,Automatic,First Owner,5.0,16.8,1984.0,150.0,Volvo,8,1
2012,500000.0,90000.0,Diesel,Individual,Manual,First Owner,5.0,19.3,1248.0,82.0,Toyota,14,1
2015,550000.0,120000.0,Diesel,Individual,Manual,Second Owner,7.0,24.5,1498.0,98.6,Honda,11,2
2015,925000.0,60000.0,Diesel,Individual,Manual,First Owner,7.0,14.0,2179.0,138.1,Tata,11,1
2010,509999.0,97000.0,Diesel,Individual,Automatic,Second Owner,8.0,11.79,2179.0,120.0,Mahindra,16,2
2011,250000.0,100000.0,Diesel,Individual,Manual,Second Owner,8.0,13.0,2489.0,95.0,Mahindra,15,2
2015,500000.0,36000.0,Petrol,Individual,Manual,First Owner,5.0,17.19,1197.0,81.86,Hyundai,11,1
2019,1050000.0,27000.0,Diesel,Individual,Manual,First Owner,5.0,21.38,1396.0,88.7,Hyundai,7,1
2014,490000.0,50000.0,Diesel,Individual,Manual,First Owner,5.0,23.4,1248.0,74.0,Maruti,12,1
2020,415000.0,15000.0,Petrol,Individual,Manual,First Owner,5.0,15.37,1196.0,73.0,Maruti,6,1
2013,190000.0,60000.0,Petrol,Individual,Manual,Second Owner,5.0,22.74,796.0,47.3,Maruti,13,2
2018,680000.0,120000.0,Diesel,Individual,Manual,First Owner,5.0,28.4,1248.0,74.02,Maruti,8,1
2013,190000.0,60000.0,Petrol,Individual,Manual,Second Owner,5.0,22.74,796.0,47.3,Maruti,13,2
2013,479000.0,173000.0,Diesel,Individual,Manual,First Owner,7.0,12.05,2179.0,120.0,Mahindra,13,1
2016,270000.0,60000.0,Petrol,Individual,Manual,Second Owner,5.0,22.74,796.0,47.3,Maruti,10,2
2008,170000.0,70000.0,Petrol,Individual,Manual,Third Owner,5.0,19.81,1086.0,68.05,Hyundai,18,3
2018,764000.0,25000.0,Petrol,Individual,Manual,First Owner,5.0,20.73,1373.0,91.1,Maruti,8,1
2019,710000.0,30000.0,Diesel,Individual,Manual,First Owner,7.0,15.96,2523.0,62.1,Mahindra,7,1
2017,310000.0,35000.0,Petrol,Individual,Manual,First Owner,5.0,24.7,796.0,47.3,Maruti,9,1
2017,620000.0,100000.0,Diesel,Individual,Manual,Second Owner,7.0,16.5,1493.0,70.0,Mahindra,9,2
2017,280000.0,31000.0,Petrol,Individual,Manual,Second Owner,5.0,21.1,814.0,55.2,Hyundai,9,2
2015,1500000.0,80000.0,Diesel,Individual,Automatic,Second Owner,7.0,12.55,2982.0,168.5,Toyota,11,2
2016,450000.0,40000.0,Petrol,Individual,Manual,First Owner,5.0,18.9,1197.0,82.0,Hyundai,10,1
2017,2199000.0,10000.0,Diesel,Individual,Automatic,Second Owner,5.0,17.9,2143.0,136.0,Mercedes-Benz,9,2
2013,3600000.0,50000.0,Diesel,Individual,Automatic,First Owner,5.0,11.74,2987.0,254.8,Mercedes-Benz,13,1
2008,285000.0,60000.0,Petrol,Individual,Manual,Second Owner,5.0,15.3,1596.0,99.6,Ford,18,2
2007,465000.0,210000.0,Diesel,Individual,Manual,Second Owner,8.0,12.8,2494.0,102.0,Toyota,19,2
2009,1100000.0,60000.0,Diesel,Individual,Automatic,Second Owner,5.0,16.07,1995.0,181.0,Bmw,17,2
2011,350000.0,110000.0,Diesel,Individual,Manual,Second Owner,5.0,20.54,1598.0,103.6,Volkswagen,15,2
2017,600000.0,35000.0,Petrol,Individual,Manual,First Owner,7.0,17.5,1373.0,91.1,Maruti,9,1
2017,570000.0,35000.0,Petrol,Individual,Manual,First Owner,5.0,21.4,1197.0,83.1,Maruti,9,1
2016,325000.0,20000.0,Petrol,Individual,Manual,First Owner,5.0,23.95,998.0,67.05,Maruti,10,1
2016,975000.0,54000.0,Diesel,Individual,Automatic,First Owner,7.0,16.0,1997.0,140.0,Mahindra,10,1
2015,480000.0,60000.0,Petrol,Individual,Manual,First Owner,5.0,18.6,1197.0,81.83,Hyundai,11,1
2014,185000.0,10300.0,Petrol,Individual,Manual,First Owner,5.0,22.74,796.0,47.3,Maruti,12,1
2015,1050000.0,50000.0,Diesel,Individual,Automatic,First Owner,5.0,17.01,1582.0,126.2,Hyundai,11,1
2019,760000.0,3000.0,Petrol,Individual,Manual,First Owner,5.0,21.01,1197.0,81.8,Maruti,7,1
2019,570000.0,5000.0,Petrol,Individual,Manual,First Owner,5.0,18.78,999.0,75.0,Volkswagen,7,1
2006,130000.0,145000.0,Petrol,Individual,Manual,First Owner,5.0,19.3,1248.0,82.0,Ford,20,1
2018,700000.0,13000.0,Petrol,Individual,Manual,First Owner,5.0,21.4,1197.0,83.1,Maruti,8,1
2015,775000.0,30000.0,Petrol,Individual,Automatic,First Owner,5.0,15.63,1499.0,110.4,Ford,11,1
2007,750000.0,60000.0,Diesel,Individual,Automatic,Second Owner,5.0,14.49,2993.0,258.0,Bmw,19,2
2010,140000.0,100000.0,Petrol,Individual,Manual,Second Owner,5.0,18.0,995.0,62.0,Chevrolet,16,2
2016,220000.0,40000.0,Petrol,Individual,Manual,First Owner,5.0,22.74,796.0,47.3,Maruti,10,1
2013,184000.0,15000.0,Petrol,Individual,Manual,First Owner,5.0,0.0,1086.0,62.1,Hyundai,13,1
2002,210000.0,225000.0,Diesel,Individual,Manual,Fourth & Above Owner,5.0,19.3,1248.0,82.0,Toyota,24,4
2017,440000.0,50000.0,Petrol,Individual,Manual,Second Owner,5.0,18.6,1197.0,81.83,Hyundai,9,2
2017,650000.0,80000.0,Diesel,Individual,Manual,First Owner,5.0,21.19,1396.0,88.73,Hyundai,9,1
2017,660000.0,50000.0,Diesel,Individual,Automatic,First Owner,7.0,18.49,1493.0,100.0,Mahindra,9,1
2017,380000.0,30000.0,CNG,Individual,Manual,First Owner,5.0,21.94,1196.0,61.7,Maruti,9,1
2012,415000.0,125000.0,Diesel,Individual,Manual,Second Owner,5.0,21.43,1364.0,87.2,Toyota,14,2
2012,225000.0,110000.0,Petrol,Individual,Manual,First Owner,5.0,19.81,1086.0,68.05,Hyundai,14,1
2013,600000.0,30000.0,Diesel,Individual,Manual,Second Owner,7.0,20.77,1248.0,88.76,Maruti,13,2
2014,620000.0,148000.0,Diesel,Individual,Manual,Second Owner,7.0,20.77,1248.0,88.8,Maruti,12,2
2016,750000.0,35000.0,Diesel,Individual,Manual,First Owner,7.0,18.49,1493.0,100.0,Mahindra,10,1
2016,400000.0,80000.0,Petrol,Individual,Manual,Second Owner,5.0,18.9,1197.0,82.0,Hyundai,10,2
2005,110000.0,110000.0,Petrol,Individual,Manual,First Owner,5.0,18.9,998.0,67.1,Maruti,21,1
2012,119000.0,95000.0,Diesel,Individual,Manual,Second Owner,5.0,19.4,1405.0,70.0,Tata,14,2
2015,600000.0,25000.0,Diesel,Individual,Manual,First Owner,5.0,25.8,1498.0,98.6,Honda,11,1
2011,200000.0,80000.0,CNG,Individual,Manual,First Owner,5.0,26.3,998.0,67.1,Maruti,15,1
2014,280000.0,60000.0,Diesel,Individual,Manual,Second Owner,5.0,23.0,1248.0,88.7,Tata,12,2
2013,375000.0,100000.0,Petrol,Individual,Manual,First Owner,5.0,15.0,1598.0,105.0,Skoda,13,1
2016,350000.0,50000.0,Petrol,Individual,Manual,First Owner,7.0,19.44,1198.0,67.0,Datsun,10,1
2017,620000.0,31000.0,Diesel,Individual,Manual,First Owner,5.0,25.4,1186.0,73.97,Hyundai,9,1
2017,570000.0,120000.0,Diesel,Individual,Manual,First Owner,5.0,26.59,1248.0,74.0,Maruti,9,1
2012,290000.0,105000.0,Diesel,Individual,Manual,Second Owner,5.0,19.3,1248.0,73.9,Maruti,14,2
2016,711000.0,120000.0,Diesel,Individual,Manual,First Owner,7.0,24.52,1248.0,88.5,Maruti,10,1
2012,370000.0,60000.0,Diesel,Individual,Manual,First Owner,5.0,22.9,1248.0,74.0,Maruti,14,1
2020,550000.0,15000.0,Petrol,Individual,Manual,First Owner,5.0,23.26,1197.0,88.5,Maruti,6,1
2013,325000.0,150000.0,Petrol,Individual,Manual,Second Owner,5.0,18.6,1197.0,85.8,Maruti,13,2
2018,670000.0,93000.0,Diesel,Individual,Manual,First Owner,5.0,27.4,1498.0,98.63,Honda,8,1
2017,385000.0,42000.0,Petrol,Individual,Manual,Second Owner,5.0,19.81,1086.0,68.05,Hyundai,9,2
2008,114999.0,80000.0,Petrol,Individual,Manual,Second Owner,5.0,17.92,1086.0,62.1,Hyundai,18,2
2010,200000.0,90000.0,Petrol,Individual,Manual,First Owner,5.0,17.92,1086.0,62.1,Hyundai,16,1
2019,860000.0,6500.0,Diesel,Individual,Automatic,First Owner,5.0,24.3,1248.0,88.5,Maruti,7,1
2018,600000.0,60000.0,Diesel,Individual,Manual,First Owner,5.0,27.39,1248.0,74.0,Maruti,8,1
2016,265000.0,110000.0,Petrol,Individual,Manual,First Owner,5.0,23.95,998.0,67.05,Maruti,10,1
2015,155000.0,60000.0,CNG,Individual,Manual,Second Owner,5.0,23.7,1193.0,55.23,Tata,11,2
2019,900000.0,60000.0,Diesel,Individual,Manual,First Owner,5.0,25.1,1248.0,88.5,Maruti,7,1
2013,650000.0,170000.0,Diesel,Individual,Manual,Third Owner,7.0,20.77,1248.0,88.76,Maruti,13,3
2004,70000.0,220000.0,Petrol,Individual,Manual,Second Owner,4.0,16.1,796.0,37.0,Maruti,22,2
2012,180000.0,80000.0,Petrol,Individual,Manual,First Owner,5.0,22.74,796.0,47.3,Maruti,14,1
2013,200000.0,57000.0,Petrol,Individual,Manual,First Owner,5.0,21.1,814.0,55.2,Hyundai,13,1
2014,300000.0,100000.0,Petrol,Individual,Manual,First Owner,5.0,19.81,1086.0,68.05,Hyundai,12,1
2015,650000.0,40000.0,Petrol,Individual,Manual,First Owner,5.0,17.01,1591.0,121.3,Hyundai,11,1
2014,267000.0,40000.0,Petrol,Individual,Manual,First Owner,5.0,22.74,796.0,47.3,Maruti,12,1
2018,450000.0,50000.0,CNG,Individual,Manual,First Owner,5.0,26.6,998.0,58.16,Maruti,8,1
2014,400000.0,90000.0,Petrol,Individual,Manual,Second Owner,5.0,18.9,1197.0,82.0,Hyundai,12,2
2012,310000.0,86000.0,Diesel,Individual,Manual,First Owner,8.0,14.0,2498.0,112.0,Mahindra,14,1
2009,70000.0,15000.0,Petrol,Individual,Manual,First Owner,4.0,26.0,624.0,35.0,Tata,17,1
2017,675000.0,70000.0,Diesel,Individual,Manual,Second Owner,7.0,15.96,2523.0,62.1,Mahindra,9,2
2013,350000.0,120000.0,Petrol,Individual,Manual,First Owner,5.0,14.09,1596.0,99.6,Ford,13,1
2014,240000.0,80000.0,Petrol,Individual,Manual,Second Owner,5.0,23.95,998.0,67.05,Maruti,12,2
2014,185000.0,80000.0,Diesel,Individual,Manual,Second Owner,5.0,19.09,1405.0,69.01,Tata,12,2
2017,250000.0,50000.0,Petrol,Individual,Manual,First Owner,5.0,21.1,814.0,55.2,Hyundai,9,1
2009,135000.0,100000.0,Petrol,Individual,Manual,First Owner,5.0,19.7,796.0,46.3,Maruti,17,1
2011,500000.0,80000.0,Diesel,Individual,Manual,First Owner,5.0,22.32,1582.0,126.32,Hyundai,15,1
2010,300000.0,108957.0,Diesel,Individual,Manual,First Owner,7.0,13.93,2179.0,138.0,Tata,16,1
2017,328000.0,68000.0,Petrol,Individual,Manual,Second Owner,5.0,23.84,1199.0,84.0,Tata,9,2
2015,509999.0,65000.0,Diesel,Individual,Manual,First Owner,7.0,15.96,2523.0,62.1,Mahindra,11,1
2015,575000.0,110000.0,Diesel,Individual,Manual,Second Owner,8.0,14.02,2179.0,118.3,Mahindra,11,2
2012,700000.0,50000.0,Diesel,Individual,Manual,First Owner,8.0,12.2,2498.0,112.0,Mahindra,14,1
2008,105000.0,100000.0,Petrol,Individual,Manual,Third Owner,5.0,18.9,1061.0,67.0,Maruti,18,3
2008,60000.0,80000.0,Petrol,Individual,Manual,Second Owner,4.0,16.1,796.0,37.0,Maruti,18,2
2008,112999.0,80000.0,Petrol,Individual,Manual,Third Owner,5.0,19.7,796.0,46.3,Maruti,18,3
2015,229999.0,120000.0,Diesel,Individual,Manual,Second Owner,5.0,19.1,1405.0,70.0,Tata,11,2
2012,325000.0,150000.0,Diesel,Individual,Manual,First Owner,5.0,20.0,1399.0,68.0,Ford,14,1
2017,650000.0,20000.0,Petrol,Individual,Manual,First Owner,5.0,18.6,1197.0,81.83,Hyundai,9,1
2009,85000.0,80000.0,Diesel,Individual,Manual,Second Owner,5.0,17.0,1405.0,70.0,Tata,17,2
2015,570000.0,93000.0,Diesel,Individual,Manual,Second Owner,7.0,24.5,1498.0,98.6,Honda,11,2
2015,525000.0,134000.0,Diesel,Individual,Manual,First Owner,5.0,25.2,1248.0,74.0,Maruti,11,1
2013,350000.0,90000.0,Petrol,Individual,Manual,Second Owner,5.0,18.5,1197.0,82.85,Hyundai,13,2
2007,250000.0,60000.0,Petrol,Individual,Manual,First Owner,5.0,16.6,1197.0,85.0,Maruti,19,1
2010,300000.0,120000.0,Diesel,Individual,Manual,Second Owner,8.0,14.0,2489.0,95.0,Mahindra,16,2
2017,1325000.0,30000.0,Diesel,Individual,Manual,First Owner,5.0,17.1,1956.0,170.0,Jeep,9,1
2017,650000.0,22200.0,Diesel,Individual,Manual,First Owner,5.0,22.54,1396.0,88.73,Hyundai,9,1
2018,520000.0,6000.0,Petrol,Individual,Manual,First Owner,5.0,18.9,1197.0,81.86,Hyundai,8,1
2016,500000.0,32000.0,Petrol,Individual,Manual,First Owner,5.0,20.4,1197.0,81.8,Maruti,10,1
2016,220000.0,90000.0,Petrol,Individual,Manual,First Owner,5.0,25.17,799.0,53.3,Renault,10,1
2017,650000.0,78000.0,Diesel,Individual,Manual,Third Owner,5.0,28.09,1248.0,88.5,Maruti,9,3
2017,819999.0,12000.0,Petrol,Individual,Manual,First Owner,5.0,17.5,1199.0,88.7,Honda,9,1
2016,645000.0,120000.0,Diesel,Individual,Manual,First Owner,5.0,19.87,1461.0,83.8,Renault,10,1
2015,780000.0,40000.0,Diesel,Individual,Manual,First Owner,7.0,24.52,1248.0,88.5,Maruti,11,1
2008,215000.0,110000.0,Petrol,Individual,Manual,Second Owner,5.0,17.7,1497.0,78.0,Honda,18,2
2007,600000.0,225000.0,Diesel,Individual,Manual,Third Owner,7.0,12.8,2494.0,102.0,Toyota,19,3
2011,114999.0,10000.0,Petrol,Individual,Manual,First Owner,5.0,19.7,796.0,46.3,Maruti,15,1
2012,75000.0,12000.0,Petrol,Individual,Manual,First Owner,5.0,16.84,1193.0,64.4,Tata,14,1
2011,120000.0,60000.0,Petrol,Individual,Manual,First Owner,5.0,18.6,1199.0,79.4,Chevrolet,15,1
2016,250000.0,41000.0,Petrol,Individual,Manual,First Owner,5.0,25.17,799.0,53.3,Renault,10,1
2018,200000.0,25000.0,Petrol,Individual,Manual,First Owner,8.0,16.8,796.0,34.2,Maruti,8,1
2015,380000.0,30000.0,Petrol,Individual,Manual,First Owner,5.0,19.1,1197.0,82.0,Hyundai,11,1
2018,560000.0,50000.0,Diesel,Individual,Manual,First Owner,5.0,25.8,1498.0,98.6,Honda,8,1
2018,575000.0,10000.0,Petrol,Individual,Manual,First Owner,5.0,20.89,1197.0,81.8,Maruti,8,1
2017,620000.0,40000.0,Diesel,Individual,Manual,First Owner,7.0,16.5,1493.0,70.0,Mahindra,9,1
2012,525000.0,120000.0,Diesel,Individual,Manual,First Owner,8.0,12.05,2179.0,120.0,Mahindra,14,1
2017,635000.0,40000.0,Diesel,Individual,Manual,First Owner,5.0,26.59,1248.0,74.0,Maruti,9,1
2016,650000.0,80000.0,Diesel,Individual,Manual,First Owner,5.0,19.72,1461.0,108.45,Renault,10,1
2001,39000.0,42108.0,Petrol,Individual,Manual,First Owner,4.0,16.1,796.0,37.0,Maruti,25,1
2017,550000.0,70000.0,Diesel,Individual,Manual,Second Owner,5.0,25.83,1498.0,99.0,Ford,9,2
2009,145000.0,150000.0,Diesel,Individual,Manual,Third Owner,5.0,21.1,1248.0,73.9,Maruti,17,3
2007,130000.0,100000.0,Diesel,Individual,Manual,Third Owner,5.0,16.1,1405.0,70.0,Tata,19,3
2017,825000.0,79000.0,Diesel,Dealer,Manual,First Owner,7.0,25.47,1248.0,88.5,Maruti,9,1
2015,1650000.0,91000.0,Diesel,Dealer,Automatic,Second Owner,7.0,12.55,2982.0,168.5,Toyota,11,2
2018,875000.0,50000.0,Diesel,Dealer,Manual,First Owner,5.0,24.3,1248.0,88.5,Maruti,8,1
2016,650000.0,81000.0,Diesel,Dealer,Manual,Second Owner,5.0,28.09,1248.0,88.5,Maruti,10,2
2014,2000000.0,51000.0,Diesel,Individual,Automatic,First Owner,5.0,14.74,2993.0,270.9,Jaguar,12,1
2018,2850000.0,27000.0,Diesel,Dealer,Automatic,First Owner,5.0,17.05,1995.0,184.0,Bmw,8,1
2018,2800000.0,26000.0,Diesel,Dealer,Automatic,First Owner,5.0,15.73,1968.0,174.33,Audi,8,1
2018,3900000.0,17100.0,Diesel,Dealer,Automatic,First Owner,5.0,22.48,1995.0,187.74,Bmw,8,1
2013,246000.0,56000.0,Diesel,Dealer,Manual,First Owner,5.0,22.1,1248.0,74.0,Chevrolet,13,1
2013,325000.0,60000.0,Diesel,Dealer,Manual,Second Owner,5.0,24.7,1498.0,98.63,Honda,13,2
2019,1450000.0,22000.0,Petrol,Dealer,Automatic,First Owner,5.0,16.0,1368.0,160.0,Jeep,7,1
2017,850000.0,30000.0,Petrol,Dealer,Automatic,First Owner,7.0,15.4,1497.0,117.3,Honda,9,1
2015,560000.0,43001.0,Diesel,Dealer,Manual,First Owner,5.0,22.27,1498.0,108.6,Volkswagen,11,1
2015,575000.0,60000.0,Diesel,Dealer,Manual,First Owner,7.0,25.47,1248.0,88.5,Maruti,11,1
2019,470000.0,9000.0,Petrol,Dealer,Automatic,First Owner,5.0,21.63,998.0,67.04,Maruti,7,1
2014,221000.0,65000.0,Diesel,Dealer,Manual,First Owner,5.0,19.09,1405.0,69.01,Tata,12,1
2014,680000.0,95000.0,Diesel,Dealer,Manual,First Owner,8.0,12.99,2494.0,100.6,Toyota,12,1
2013,700000.0,62000.0,Diesel,Dealer,Manual,First Owner,7.0,13.1,2499.0,141.0,Ford,13,1
2016,1950000.0,48000.0,Diesel,Dealer,Automatic,First Owner,5.0,9.0,1984.0,181.0,Volvo,10,1
2015,875000.0,72000.0,Diesel,Dealer,Automatic,First Owner,5.0,17.01,1582.0,126.2,Hyundai,11,1
2017,850000.0,35000.0,Diesel,Individual,Manual,Third Owner,5.0,22.0,1582.0,126.2,Hyundai,9,3
2013,550000.0,100600.0,Diesel,Individual,Manual,Third Owner,5.0,20.46,1461.0,83.8,Renault,13,3
2013,480000.0,105000.0,Diesel,Individual,Manual,Third Owner,5.0,23.4,1248.0,74.0,Maruti,13,3
2017,1050000.0,90000.0,Diesel,Individual,Manual,First Owner,7.0,15.4,2179.0,120.0,Mahindra,9,1
2016,631000.0,92385.0,Diesel,Individual,Manual,First Owner,7.0,15.96,2523.0,62.1,Mahindra,10,1
2015,165000.0,25000.0,Petrol,Individual,Manual,First Owner,4.0,25.4,624.0,37.5,Tata,11,1
2010,320000.0,60000.0,Petrol,Individual,Manual,Second Owner,5.0,21.1,1197.0,85.8,Maruti,16,2
2012,360000.0,100000.0,Petrol,Individual,Manual,Second Owner,5.0,18.5,1197.0,85.8,Maruti,14,2
2004,130000.0,100000.0,Petrol,Individual,Automatic,Second Owner,5.0,19.3,1248.0,82.0,Hyundai,22,2
2006,175000.0,25000.0,Petrol,Individual,Manual,Third Owner,5.0,13.0,1795.0,127.0,Hyundai,20,3
2016,725000.0,120000.0,Diesel,Individual,Manual,First Owner,5.0,22.54,1396.0,88.73,Hyundai,10,1
2014,280000.0,185000.0,Diesel,Individual,Manual,Third Owner,5.0,19.5,1248.0,75.0,Fiat,12,3
2011,325000.0,134000.0,Diesel,Individual,Manual,Second Owner,5.0,22.07,1199.0,73.9,Volkswagen,15,2
2014,320000.0,120000.0,Diesel,Individual,Manual,Third Owner,5.0,20.0,1399.0,68.05,Ford,12,3
2018,500000.0,120000.0,Petrol,Individual,Manual,First Owner,5.0,18.9,1197.0,81.86,Hyundai,8,1
2014,825000.0,165000.0,Diesel,Individual,Manual,Second Owner,7.0,15.1,2179.0,140.0,Mahindra,12,2
2016,350000.0,120000.0,Diesel,Individual,Manual,Third Owner,5.0,23.2,1248.0,73.94,Maruti,10,3
2011,470000.0,89000.0,Diesel,Individual,Manual,First Owner,5.0,23.0,1396.0,90.0,Hyundai,15,1
2009,125000.0,120000.0,Diesel,Individual,Manual,Third Owner,5.0,19.2,1461.0,65.0,Mahindra,17,3
2006,140000.0,120000.0,Petrol,Individual,Automatic,First Owner,5.0,13.1,1795.0,127.0,Hyundai,20,1
2013,484999.0,50000.0,Diesel,Individual,Manual,First Owner,5.0,25.8,1498.0,98.6,Honda,13,1
2018,308000.0,15000.0,Petrol,Individual,Manual,First Owner,5.0,24.7,796.0,47.3,Maruti,8,1
2019,570000.0,13000.0,Petrol,Individual,Manual,First Owner,5.0,18.9,1197.0,81.86,Hyundai,7,1
2010,900000.0,225000.0,Diesel,Individual,Manual,First Owner,7.0,11.5,2982.0,171.0,Toyota,16,1
2017,1800000.0,45000.0,Diesel,Individual,Manual,First Owner,5.0,16.3,1956.0,170.0,Jeep,9,1
2005,400000.0,30000.0,Diesel,Individual,Manual,Second Owner,5.0,19.3,1248.0,82.0,Mahindra,21,2
2018,680000.0,28000.0,Petrol,Individual,Automatic,First Owner,5.0,21.21,1197.0,81.8,Maruti,8,1
2017,700000.0,70000.0,Diesel,Individual,Manual,First Owner,5.0,28.4,1248.0,74.02,Maruti,9,1
2011,240000.0,116000.0,Diesel,Individual,Manual,First Owner,7.0,14.0,2498.0,112.0,Mahindra,15,1
2014,280000.0,90000.0,Petrol,Individual,Manual,First Owner,5.0,21.1,814.0,55.2,Hyundai,12,1
2010,125000.0,120000.0,Diesel,Individual,Manual,Second Owner,5.0,17.0,1405.0,71.0,Tata,16,2
2009,130000.0,100000.0,Diesel,Individual,Manual,Third Owner,5.0,19.3,1248.0,82.0,Ford,17,3
2015,434999.0,50000.0,Petrol,Individual,Manual,Second Owner,5.0,20.4,1197.0,83.11,Maruti,11,2
2015,1050000.0,120000.0,Diesel,Individual,Manual,First Owner,7.0,12.99,2494.0,100.6,Toyota,11,1
2013,1200000.0,72500.0,Diesel,Individual,Automatic,Second Owner,5.0,23.3,1984.0,150.0,Volvo,13,2
2013,400000.0,120000.0,Diesel,Individual,Manual,Second Owner,5.0,20.54,1598.0,103.6,Volkswagen,13,2
2014,850000.0,120000.0,Diesel,Individual,Manual,First Owner,7.0,15.1,2179.0,140.0,Mahindra,12,1
2014,475000.0,83000.0,Diesel,Individual,Manual,Second Owner,5.0,22.54,1396.0,88.73,Hyundai,12,2
2003,150000.0,40000.0,Petrol,Individual,Manual,Third Owner,5.0,14.2,1597.0,92.0,Ford,23,3
2018,2900000.0,46000.0,Diesel,Individual,Manual,First Owner,7.0,14.24,2755.0,174.5,Toyota,8,1
2015,1100000.0,137000.0,Diesel,Individual,Manual,First Owner,7.0,12.99,2494.0,100.6,Toyota,11,1
2017,285000.0,25000.0,Petrol,Individual,Manual,Second Owner,5.0,24.7,796.0,47.3,Maruti,9,2
2018,650000.0,50000.0,Diesel,Individual,Manual,First Owner,5.0,24.0,1186.0,73.97,Hyundai,8,1
2012,275000.0,60000.0,Petrol,Individual,Manual,First Owner,5.0,19.0,998.0,66.1,Maruti,14,1
2000,60000.0,100000.0,Petrol,Individual,Manual,Second Owner,4.0,16.1,796.0,37.0,Maruti,26,2
2011,229999.0,105000.0,Diesel,Individual,Manual,Second Owner,5.0,19.2,1461.0,65.0,Mahindra,15,2
2015,300000.0,20000.0,Petrol,Individual,Manual,First Owner,5.0,23.95,998.0,67.05,Maruti,11,1
2016,940000.0,50000.0,Diesel,Individual,Manual,First Owner,7.0,24.52,1248.0,88.5,Maruti,10,1
2015,600000.0,120000.0,Diesel,Individual,Manual,Second Owner,5.0,26.21,1248.0,88.5,Maruti,11,2
2017,800000.0,70000.0,Diesel,Individual,Manual,First Owner,5.0,27.39,1248.0,74.0,Maruti,9,1
2017,580000.0,90000.0,Diesel,Individual,Manual,Second Owner,5.0,22.71,1461.0,84.8,Nissan,9,2
2018,450000.0,75000.0,Petrol,Individual,Manual,First Owner,5.0,20.3,1199.0,84.0,Tata,8,1
2011,290000.0,82500.0,Diesel,Individual,Manual,Second Owner,5.0,16.52,1991.0,123.7,Chevrolet,15,2
2014,530000.0,110000.0,Diesel,Individual,Manual,First Owner,5.0,25.8,1498.0,98.6,Honda,12,1
2019,960000.0,20000.0,Diesel,Individual,Manual,First Owner,5.0,24.0,1396.0,88.76,Hyundai,7,1
2009,290000.0,110000.0,Petrol,Individual,Manual,Third Owner,5.0,17.0,1497.0,118.0,Honda,17,3
2008,160000.0,100000.0,Diesel,Individual,Manual,First Owner,5.0,14.8,1998.0,68.0,Mitsubishi,18,1
2017,400000.0,52000.0,Petrol,Individual,Manual,First Owner,5.0,21.63,998.0,67.0,Maruti,9,1
2017,700000.0,90000.0,Diesel,Individual,Manual,First Owner,5.0,24.3,1248.0,88.5,Maruti,9,1
2012,361000.0,90000.0,Diesel,Individual,Manual,First Owner,5.0,20.54,1598.0,103.6,Volkswagen,14,1
2013,390000.0,53000.0,Diesel,Individual,Manual,Second Owner,5.0,21.9,1396.0,88.76,Hyundai,13,2
2012,200000.0,180000.0,Diesel,Individual,Manual,First Owner,5.0,18.4,1248.0,75.0,Tata,14,1
2013,390000.0,53000.0,Diesel,Individual,Manual,Second Owner,5.0,21.9,1396.0,88.76,Hyundai,13,2
2013,500000.0,53000.0,Diesel,Individual,Manual,First Owner,5.0,22.9,1248.0,74.0,Maruti,13,1
2011,200000.0,50600.0,Petrol,Individual,Manual,First Owner,5.0,19.7,796.0,46.3,Maruti,15,1
2015,503000.0,110000.0,Diesel,Individual,Manual,First Owner,7.0,14.1,2179.0,147.94,Tata,11,1
2017,775000.0,32000.0,Diesel,Dealer,Manual,First Owner,5.0,24.3,1248.0,88.5,Maruti,9,1
2018,750000.0,5000.0,Diesel,Individual,Manual,First Owner,5.0,24.3,1248.0,88.5,Maruti,8,1
2018,570000.0,25000.0,Petrol,Individual,Manual,First Owner,5.0,18.6,1197.0,81.83,Hyundai,8,1
2016,484999.0,30000.0,Petrol,Individual,Manual,First Owner,5.0,18.7,1199.0,88.7,Honda,10,1
2017,700000.0,43000.0,Petrol,Dealer,Manual,First Owner,7.0,15.4,1497.0,117.3,Honda,9,1
2012,415000.0,60000.0,Petrol,Dealer,Manual,First Owner,5.0,17.7,1497.0,113.42,Hyundai,14,1
2014,484999.0,54000.0,Diesel,Dealer,Manual,First Owner,5.0,23.0,1498.0,98.96,Ford,12,1
2016,675000.0,52000.0,Diesel,Individual,Manual,First Owner,5.0,23.65,1248.0,88.5,Maruti,10,1
2015,680000.0,50000.0,Petrol,Individual,Manual,First Owner,5.0,15.85,1499.0,110.4,Ford,11,1
2013,235000.0,52000.0,Petrol,Dealer,Manual,First Owner,5.0,24.7,796.0,47.3,Maruti,13,1
2018,1700000.0,15000.0,Diesel,Individual,Manual,First Owner,7.0,15.1,2179.0,152.87,Mahindra,8,1
2015,1200000.0,50000.0,Diesel,Individual,Automatic,Second Owner,7.0,16.0,2179.0,140.0,Mahindra,11,2
2014,630000.0,56000.0,Diesel,Individual,Manual,Second Owner,5.0,25.1,1498.0,98.6,Honda,12,2
2018,640000.0,82000.0,Diesel,Individual,Manual,First Owner,5.0,25.83,1498.0,99.0,Ford,8,1
2014,355000.0,121000.0,Petrol,Dealer,Manual,First Owner,5.0,19.1,1197.0,82.0,Hyundai,12,1
2012,560000.0,101903.0,Diesel,Individual,Manual,Second Owner,8.0,12.05,2179.0,120.0,Mahindra,14,2
2018,580000.0,120000.0,Diesel,Individual,Manual,First Owner,5.0,23.4,1248.0,74.0,Maruti,8,1
2010,185000.0,85568.0,Diesel,Dealer,Manual,First Owner,5.0,18.5,1399.0,68.0,Ford,16,1
2019,660000.0,10000.0,Petrol,Individual,Automatic,First Owner,5.0,21.4,1197.0,83.1,Maruti,7,1
2014,220000.0,10000.0,Petrol,Individual,Manual,First Owner,5.0,20.3,998.0,68.05,Hyundai,12,1
2007,150000.0,60000.0,Petrol,Individual,Manual,Fourth & Above Owner,5.0,17.92,1086.0,62.1,Hyundai,19,4
2011,484999.0,80000.0,Diesel,Individual,Manual,Second Owner,5.0,13.5,2179.0,115.0,Mahindra,15,2
2019,509999.0,10000.0,Petrol,Individual,Manual,First Owner,5.0,21.21,1197.0,81.8,Maruti,7,1
2014,515000.0,60000.0,Diesel,Individual,Manual,First Owner,7.0,15.96,2523.0,62.1,Mahindra,12,1
2014,1250000.0,42000.0,Petrol,Individual,Automatic,First Owner,5.0,11.9,1595.0,120.7,Mercedes-Benz,12,1
2014,350000.0,50000.0,Diesel,Individual,Manual,Fourth & Above Owner,8.0,18.2,1248.0,73.8,Chevrolet,12,4
2018,375000.0,11500.0,Petrol,Individual,Manual,First Owner,5.0,23.95,998.0,67.05,Maruti,8,1
2019,950000.0,15000.0,Diesel,Individual,Manual,First Owner,5.0,22.1,1396.0,88.7,Hyundai,7,1
2015,615000.0,32000.0,Diesel,Individual,Manual,First Owner,5.0,26.59,1248.0,74.0,Maruti,11,1
2011,275000.0,50000.0,Petrol,Individual,Manual,First Owner,5.0,18.6,1197.0,85.8,Maruti,15,1
2020,5200000.0,5000.0,Diesel,Individual,Automatic,First Owner,7.0,13.38,2993.0,265.0,Bmw,6,1
2017,400000.0,10000.0,Petrol,Individual,Manual,First Owner,5.0,15.37,1196.0,73.0,Maruti,9,1
2019,930000.0,15000.0,Diesel,Individual,Manual,First Owner,5.0,25.1,1248.0,88.5,Maruti,7,1
2012,310000.0,100000.0,Petrol,Individual,Manual,First Owner,5.0,19.1,1197.0,85.8,Maruti,14,1
2012,320000.0,120000.0,Diesel,Individual,Manual,First Owner,5.0,19.3,1248.0,82.0,Toyota,14,1
2016,1670000.0,25000.0,Diesel,Individual,Manual,Second Owner,7.0,13.68,2393.0,147.8,Toyota,10,2
2013,356000.0,70000.0,Diesel,Individual,Manual,Second Owner,5.0,23.4,1248.0,74.0,Maruti,13,2
2013,500000.0,32000.0,Petrol,Individual,Manual,First Owner,5.0,16.8,1497.0,116.3,Honda,13,1
2018,409999.0,35000.0,Petrol,Individual,Manual,Second Owner,5.0,23.84,1199.0,84.0,Tata,8,2
2019,980000.0,50000.0,Diesel,Individual,Manual,First Owner,5.0,24.3,1248.0,88.5,Maruti,7,1
2005,150000.0,100000.0,Diesel,Individual,Manual,Second Owner,7.0,13.6,2523.0,63.0,Mahindra,21,2
2019,750000.0,3100.0,Petrol,Individual,Automatic,First Owner,5.0,18.2,1199.0,88.7,Honda,7,1
2013,500000.0,60000.0,Petrol,Individual,Automatic,First Owner,5.0,13.7,1798.0,157.75,Skoda,13,1
2013,355000.0,170000.0,Diesel,Individual,Manual,First Owner,5.0,22.9,1248.0,74.0,Maruti,13,1
2011,200000.0,50000.0,Diesel,Individual,Manual,Second Owner,5.0,17.0,1405.0,71.0,Tata,15,2
2008,370000.0,120000.0,Diesel,Individual,Manual,Second Owner,8.0,12.8,2494.0,102.0,Toyota,18,2
2015,450000.0,20000.0,Petrol,Individual,Manual,First Owner,5.0,19.1,1197.0,82.0,Hyundai,11,1
2015,486000.0,10000.0,Petrol,Individual,Manual,First Owner,5.0,18.9,1197.0,82.0,Hyundai,11,1
2011,242000.0,120000.0,Diesel,Individual,Manual,First Owner,5.0,21.5,1248.0,88.8,Maruti,15,1
2018,580000.0,25000.0,Petrol,Individual,Manual,First Owner,5.0,18.9,1197.0,81.86,Hyundai,8,1
2014,500000.0,130000.0,Diesel,Individual,Manual,Second Owner,5.0,22.77,1498.0,98.59,Ford,12,2
2004,170000.0,120000.0,Petrol,Individual,Manual,Second Owner,5.0,19.3,1248.0,82.0,Toyota,22,2
2013,300000.0,40000.0,Diesel,Individual,Manual,First Owner,7.0,17.21,1493.0,100.0,Mahindra,13,1
2016,710000.0,60000.0,Diesel,Individual,Manual,First Owner,7.0,18.06,2523.0,63.0,Mahindra,10,1
2012,220000.0,70000.0,Diesel,Individual,Manual,Third Owner,5.0,20.86,1199.0,75.0,Skoda,14,3
2020,654000.0,1000.0,Petrol,Individual,Automatic,First Owner,5.0,21.21,1197.0,81.8,Maruti,6,1
2019,835000.0,10000.0,Petrol,Individual,Automatic,First Owner,5.0,14.84,1598.0,103.2,Skoda,7,1
2010,250000.0,47000.0,Petrol,Individual,Manual,First Owner,5.0,15.3,1596.0,101.0,Ford,16,1
2019,600000.0,18000.0,Petrol,Individual,Manual,First Owner,5.0,21.21,1197.0,81.8,Maruti,7,1
2016,459999.0,60000.0,Petrol,Individual,Manual,First Owner,5.0,20.85,1197.0,83.14,Maruti,10,1
2018,275000.0,20000.0,Petrol,Individual,Manual,First Owner,5.0,23.01,999.0,67.0,Renault,8,1
2017,408000.0,60000.0,Petrol,Individual,Manual,First Owner,5.0,18.16,1196.0,86.8,Ford,9,1
2018,1200000.0,25000.0,Diesel,Individual,Manual,First Owner,7.0,15.1,2179.0,152.87,Mahindra,8,1
2014,375000.0,52000.0,Petrol,Individual,Manual,First Owner,5.0,19.1,1197.0,81.86,Hyundai,12,1
2006,94500.0,44000.0,Petrol,Individual,Manual,First Owner,5.0,19.7,796.0,46.3,Maruti,20,1
2011,300000.0,17000.0,Petrol,Individual,Manual,First Owner,5.0,16.47,1198.0,73.9,Volkswagen,15,1
2009,350000.0,35000.0,Petrol,Individual,Manual,First Owner,5.0,17.0,1497.0,118.0,Honda,17,1
2011,975000.0,120000.0,Diesel,Individual,Manual,Third Owner,7.0,11.5,2982.0,171.0,Toyota,15,3
2015,600000.0,100000.0,Petrol,Individual,Manual,First Owner,5.0,18.6,1197.0,81.83,Hyundai,11,1
2014,700000.0,225000.0,Diesel,Individual,Manual,Second Owner,7.0,12.99,2494.0,100.6,Toyota,12,2
2017,640000.0,90000.0,Diesel,Individual,Manual,First Owner,7.0,16.5,1493.0,70.0,Mahindra,9,1
2017,1110000.0,186000.0,Diesel,Individual,Manual,First Owner,5.0,19.67,1582.0,126.2,Hyundai,9,1
2014,570000.0,79000.0,Diesel,Individual,Manual,Second Owner,7.0,20.77,1248.0,88.76,Maruti,12,2
2010,451999.0,120000.0,Diesel,Individual,Manual,First Owner,7.0,12.8,2494.0,102.0,Toyota,16,1
2016,240000.0,59300.0,Petrol,Individual,Manual,First Owner,5.0,25.17,799.0,53.3,Renault,10,1
2014,680000.0,120000.0,Diesel,Individual,Manual,First Owner,7.0,15.4,2523.0,75.0,Mahindra,12,1
2015,350000.0,60000.0,Diesel,Individual,Manual,First Owner,5.0,22.95,1248.0,74.0,Tata,11,1
2012,360000.0,60000.0,Petrol,Individual,Manual,Third Owner,5.0,15.04,1598.0,103.6,Volkswagen,14,3
2010,250000.0,80000.0,Petrol,Individual,Manual,Second Owner,5.0,15.6,1196.0,70.0,Ford,16,2
2019,550000.0,11500.0,Petrol,Individual,Manual,First Owner,5.0,21.21,1197.0,81.8,Maruti,7,1
2012,180000.0,56000.0,Petrol,Individual,Manual,First Owner,5.0,21.1,814.0,55.2,Hyundai,14,1
2016,425000.0,68000.0,Diesel,Individual,Manual,First Owner,5.0,27.3,1498.0,98.6,Honda,10,1
2019,409999.0,25000.0,Petrol,Individual,Manual,First Owner,5.0,23.84,1199.0,84.0,Tata,7,1
2018,438999.0,25000.0,Petrol,Individual,Manual,First Owner,5.0,23.84,1199.0,84.0,Tata,8,1
2014,225000.0,100000.0,Petrol,Individual,Manual,First Owner,5.0,19.49,1198.0,67.04,Nissan,12,1
2017,580000.0,95000.0,Diesel,Individual,Manual,First Owner,9.0,15.96,2523.0,63.0,Mahindra,9,1
2008,200000.0,100000.0,Petrol,Individual,Manual,First Owner,5.0,17.5,1298.0,85.8,Maruti,18,1
2006,75000.0,90000.0,Petrol,Individual,Manual,Second Owner,5.0,19.3,1248.0,82.0,Hyundai,20,2
2013,250000.0,47000.0,Diesel,Individual,Manual,First Owner,5.0,20.3,1248.0,75.0,Fiat,13,1
2011,170000.0,175000.0,Diesel,Individual,Manual,Second Owner,5.0,21.1,1248.0,73.9,Maruti,15,2
2010,300000.0,60000.0,Petrol,Individual,Manual,Second Owner,5.0,17.5,1197.0,85.8,Maruti,16,2
2005,160000.0,225000.0,Diesel,Individual,Manual,Third Owner,7.0,13.6,2523.0,63.0,Mahindra,21,3
2014,409999.0,150000.0,Diesel,Individual,Manual,Third Owner,5.0,23.4,1248.0,74.0,Maruti,12,3
2012,350000.0,110000.0,Diesel,Individual,Manual,Third Owner,5.0,23.0,1396.0,90.0,Hyundai,14,3
2019,310000.0,25000.0,Petrol,Individual,Manual,First Owner,5.0,25.17,799.0,53.3,Renault,7,1
2010,135000.0,95000.0,Petrol,Individual,Manual,Third Owner,5.0,19.7,796.0,46.3,Maruti,16,3
2010,220000.0,100000.0,Diesel,Individual,Manual,First Owner,5.0,21.1,1248.0,73.9,Maruti,16,1
2017,570000.0,20000.0,Petrol,Individual,Manual,First Owner,5.0,18.9,1197.0,81.86,Hyundai,9,1
2014,500000.0,84000.0,Diesel,Individual,Manual,First Owner,5.0,23.4,1248.0,74.0,Maruti,12,1
2016,875000.0,40000.0,Diesel,Individual,Manual,First Owner,5.0,22.54,1396.0,88.73,Hyundai,10,1
2011,210000.0,100000.0,Diesel,Individual,Manual,First Owner,5.0,19.1,1405.0,70.0,Tata,15,1
2011,210000.0,120000.0,Diesel,Individual,Manual,First Owner,5.0,19.4,1405.0,70.0,Tata,15,1
2010,200000.0,80000.0,LPG,Individual,Manual,Second Owner,5.0,13.45,1086.0,62.1,Hyundai,16,2
2011,175000.0,175000.0,Petrol,Individual,Manual,Second Owner,5.0,19.7,796.0,46.3,Maruti,15,2
2017,700000.0,30000.0,Petrol,Individual,Manual,First Owner,5.0,18.6,1197.0,81.83,Hyundai,9,1
2017,700000.0,30000.0,Petrol,Individual,Manual,First Owner,5.0,18.6,1197.0,81.83,Hyundai,9,1
2019,550000.0,28000.0,Petrol,Individual,Automatic,First Owner,5.0,18.9,1197.0,81.86,Hyundai,7,1
2019,420000.0,20000.0,Petrol,Individual,Manual,Second Owner,5.0,20.3,1086.0,68.0,Hyundai,7,2
2009,210000.0,89322.0,Petrol,Individual,Manual,Second Owner,5.0,17.0,1197.0,80.0,Hyundai,17,2
2013,175000.0,76000.0,Diesel,Individual,Manual,First Owner,5.0,25.44,936.0,57.6,Chevrolet,13,1
2012,180000.0,70000.0,Petrol,Individual,Manual,Second Owner,5.0,19.7,796.0,46.3,Maruti,14,2
2007,118000.0,110000.0,Petrol,Individual,Manual,Second Owner,5.0,19.7,796.0,46.3,Maruti,19,2
2007,170000.0,120000.0,Diesel,Individual,Manual,Second Owner,5.0,16.8,1493.0,110.0,Hyundai,19,2
2009,120000.0,110000.0,Petrol,Individual,Manual,Second Owner,5.0,18.2,1061.0,64.0,Maruti,17,2
2009,170000.0,90000.0,Petrol,Individual,Manual,Third Owner,5.0,19.7,796.0,46.3,Maruti,17,3
2018,700000.0,60000.0,Diesel,Individual,Manual,First Owner,5.0,28.4,1248.0,74.0,Maruti,8,1
2014,500000.0,48300.0,Diesel,Individual,Manual,Second Owner,7.0,15.96,2523.0,62.1,Mahindra,12,2
2007,80000.0,63000.0,Petrol,Individual,Automatic,Third Owner,5.0,18.9,1061.0,67.0,Maruti,19,3
2008,105000.0,110000.0,Petrol,Individual,Manual,Second Owner,5.0,17.7,1497.0,78.0,Honda,18,2
2016,425000.0,120000.0,Diesel,Individual,Manual,Third Owner,5.0,26.59,1248.0,74.0,Maruti,10,3
2017,625000.0,23511.0,Petrol,Individual,Manual,First Owner,5.0,18.6,1197.0,81.83,Hyundai,9,1
2017,640000.0,22512.0,Petrol,Individual,Manual,First Owner,5.0,18.6,1197.0,81.83,Hyundai,9,1
2010,180000.0,120000.0,Petrol,Individual,Manual,First Owner,5.0,20.36,1197.0,78.9,Hyundai,16,1
2009,155000.0,120000.0,Diesel,Individual,Manual,First Owner,5.0,21.1,1248.0,73.9,Maruti,17,1
2007,85000.0,100000.0,Petrol,Individual,Manual,Third Owner,5.0,18.9,1061.0,67.0,Maruti,19,3
2011,250000.0,70000.0,Petrol,Individual,Manual,First Owner,5.0,20.36,1197.0,78.9,Hyundai,15,1
2017,1000000.0,15000.0,Petrol,Individual,Automatic,First Owner,5.0,17.01,1591.0,121.3,Hyundai,9,1
2016,350000.0,16500.0,Petrol,Individual,Manual,First Owner,5.0,20.63,1198.0,67.0,Datsun,10,1
2018,740000.0,50000.0,Diesel,Individual,Manual,First Owner,5.0,28.4,1248.0,74.02,Maruti,8,1
2018,300000.0,19000.0,Petrol,Individual,Manual,First Owner,5.0,22.5,999.0,67.0,Datsun,8,1
2017,550000.0,50000.0,Diesel,Individual,Manual,First Owner,5.0,21.66,1498.0,108.62,Volkswagen,9,1
2017,710000.0,70000.0,Diesel,Individual,Manual,First Owner,7.0,15.96,2523.0,62.1,Mahindra,9,1
2017,700000.0,70000.0,Diesel,Individual,Manual,First Owner,7.0,15.96,2523.0,62.1,Mahindra,9,1
2016,550000.0,120000.0,Diesel,Individual,Manual,First Owner,7.0,15.96,2523.0,62.1,Mahindra,10,1
2015,375000.0,60000.0,LPG,Individual,Manual,First Owner,5.0,19.2,1086.0,68.05,Hyundai,11,1
2015,600000.0,60000.0,Diesel,Individual,Manual,First Owner,7.0,13.93,2179.0,138.03,Tata,11,1
2013,380000.0,76000.0,Diesel,Individual,Manual,Second Owner,5.0,22.9,1248.0,74.0,Maruti,13,2
2012,300000.0,70000.0,Diesel,Individual,Manual,First Owner,5.0,23.2,1248.0,73.94,Maruti,14,1
1998,45000.0,80000.0,Petrol,Individual,Manual,Fourth & Above Owner,4.0,16.1,796.0,37.0,Maruti,28,4
2010,450000.0,210000.0,Diesel,Individual,Manual,Second Owner,8.0,12.8,2494.0,102.0,Toyota,16,2
2015,475000.0,128000.0,Diesel,Individual,Manual,Third Owner,9.0,15.96,2523.0,63.0,Mahindra,11,3
2019,650000.0,5000.0,Petrol,Individual,Manual,First Owner,7.0,20.0,999.0,72.0,Renault,7,1
2011,200000.0,70000.0,LPG,Individual,Manual,First Owner,5.0,26.2,998.0,58.2,Maruti,15,1
2013,350000.0,85000.0,Diesel,Individual,Manual,First Owner,5.0,22.9,1248.0,74.0,Maruti,13,1
2018,911999.0,25000.0,Diesel,Individual,Automatic,First Owner,5.0,24.3,1248.0,88.5,Maruti,8,1
2018,650000.0,15000.0,Petrol,Individual,Manual,First Owner,5.0,21.21,1197.0,81.8,Maruti,8,1
2012,350000.0,30000.0,Petrol,Individual,Manual,First Owner,5.0,17.5,1298.0,85.8,Maruti,14,1
2016,190000.0,80000.0,Petrol,Individual,Manual,Second Owner,8.0,16.8,796.0,34.2,Maruti,10,2
2019,1200000.0,40000.0,Diesel,Individual,Manual,First Owner,5.0,22.0,1582.0,126.2,Hyundai,7,1
2013,305000.0,160000.0,Diesel,Individual,Manual,First Owner,7.0,15.96,2523.0,62.1,Mahindra,13,1
2015,850000.0,108000.0,Diesel,Individual,Manual,First Owner,5.0,19.67,1582.0,126.2,Hyundai,11,1
2011,350000.0,120000.0,Diesel,Individual,Manual,Second Owner,5.0,15.0,1896.0,105.0,Volkswagen,15,2
2010,180000.0,55000.0,Petrol,Individual,Manual,Fourth & Above Owner,5.0,17.92,1086.0,62.1,Hyundai,16,4
2008,200000.0,110000.0,Diesel,Individual,Manual,First Owner,7.0,13.93,2179.0,138.1,Tata,18,1
2011,375000.0,80000.0,Diesel,Individual,Manual,First Owner,5.0,19.3,1248.0,82.0,Toyota,15,1
2012,229999.0,110000.0,Petrol,Individual,Manual,First Owner,5.0,19.4,1198.0,86.8,Honda,14,1
2006,135000.0,62900.0,Petrol,Individual,Manual,First Owner,5.0,18.9,998.0,67.1,Maruti,20,1
2011,425000.0,120000.0,Diesel,Individual,Manual,Second Owner,5.0,19.33,1968.0,138.1,Volkswagen,15,2
2016,1350000.0,70000.0,Diesel,Individual,Manual,First Owner,7.0,16.0,2179.0,140.0,Mahindra,10,1
2009,480000.0,70000.0,Diesel,Individual,Manual,Third Owner,7.0,10.9,2499.0,143.0,Ford,17,3
2017,455000.0,60000.0,Diesel,Individual,Manual,First Owner,5.0,28.4,1248.0,74.02,Maruti,9,1
2015,320000.0,60000.0,Petrol,Individual,Manual,First Owner,5.0,20.51,998.0,67.04,Maruti,11,1
2019,693000.0,4000.0,Petrol,Individual,Manual,First Owner,5.0,18.6,1197.0,81.86,Hyundai,7,1
2017,830000.0,35000.0,Diesel,Individual,Manual,First Owner,5.0,24.3,1248.0,88.5,Maruti,9,1
2016,470000.0,13500.0,Petrol,Individual,Manual,First Owner,5.0,18.9,1197.0,82.0,Hyundai,10,1
2017,1100000.0,26000.0,Petrol,Individual,Automatic,First Owner,5.0,18.0,1497.0,117.3,Honda,9,1
2016,325000.0,50000.0,Diesel,Individual,Manual,First Owner,5.0,23.0,1248.0,88.7,Tata,10,1
2014,215000.0,50000.0,Petrol,Individual,Manual,First Owner,5.0,21.1,814.0,55.2,Hyundai,12,1
2018,560000.0,25000.0,Petrol,Individual,Manual,First Owner,5.0,22.0,1197.0,81.8,Maruti,8,1
2017,400000.0,30000.0,Petrol,Individual,Automatic,Second Owner,5.0,23.1,998.0,67.04,Maruti,9,2
2017,2625000.0,9000.0,Diesel,Dealer,Automatic,First Owner,5.0,13.6,1999.0,177.0,Jaguar,9,1
2019,5150000.0,20000.0,Petrol,Dealer,Automatic,First Owner,5.0,22.37,2487.0,214.56,Lexus,7,1
2017,3200000.0,45000.0,Diesel,Dealer,Automatic,First Owner,5.0,19.33,1999.0,177.0,Jaguar,9,1
2015,503000.0,110000.0,Diesel,Individual,Manual,First Owner,7.0,14.1,2179.0,147.94,Tata,11,1
2019,3800000.0,20000.0,Diesel,Individual,Automatic,First Owner,5.0,18.0,1969.0,190.0,Volvo,7,1
2016,2000000.0,68089.0,Petrol,Trustmark Dealer,Automatic,First Owner,5.0,19.16,2494.0,157.7,Toyota,10,1
2013,225000.0,58343.0,Petrol,Trustmark Dealer,Manual,First Owner,5.0,21.79,998.0,67.05,Maruti,13,1
2018,740000.0,38817.0,Diesel,Dealer,Manual,First Owner,5.0,27.39,1248.0,74.0,Maruti,8,1
2016,550000.0,56494.0,Petrol,Trustmark Dealer,Manual,First Owner,5.0,18.2,1199.0,88.7,Honda,10,1
2013,750000.0,79328.0,Diesel,Trustmark Dealer,Manual,Second Owner,7.0,12.99,2494.0,100.6,Toyota,13,2
2019,650000.0,5621.0,Petrol,Trustmark Dealer,Automatic,First Owner,5.0,22.0,1197.0,81.8,Maruti,7,1
2017,625000.0,25538.0,Petrol,Trustmark Dealer,Manual,First Owner,5.0,16.78,1496.0,88.73,Toyota,9,1
2018,600000.0,69779.0,Petrol,Dealer,Automatic,First Owner,5.0,22.0,1197.0,81.8,Maruti,8,1
2017,450000.0,56290.0,Diesel,Dealer,Manual,First Owner,5.0,24.0,1186.0,73.97,Hyundai,9,1
2019,5200000.0,7500.0,Diesel,Dealer,Automatic,First Owner,5.0,16.78,1995.0,190.0,Bmw,7,1
2019,5200000.0,8500.0,Diesel,Dealer,Automatic,First Owner,5.0,16.78,1995.0,190.0,Bmw,7,1
2019,779000.0,7032.0,Petrol,Trustmark Dealer,Automatic,First Owner,5.0,19.0,1199.0,88.76,Honda,7,1
2016,645000.0,11000.0,Petrol,Dealer,Automatic,First Owner,5.0,14.3,1598.0,103.5,Skoda,10,1
2018,2475000.0,2000.0,Diesel,Dealer,Automatic,First Owner,5.0,16.8,1984.0,150.0,Volvo,8,1
1999,60000.0,140000.0,Petrol,Individual,Manual,Third Owner,5.0,19.3,1248.0,82.0,Hyundai,27,3
2017,725000.0,45000.0,Diesel,Individual,Manual,First Owner,5.0,23.0,1498.0,98.96,Ford,9,1
2013,225000.0,58343.0,Petrol,Trustmark Dealer,Manual,First Owner,5.0,21.79,998.0,67.05,Maruti,13,1
2018,740000.0,38817.0,Diesel,Dealer,Manual,First Owner,5.0,27.39,1248.0,74.0,Maruti,8,1
2019,650000.0,5621.0,Petrol,Trustmark Dealer,Automatic,First Owner,5.0,22.0,1197.0,81.8,Maruti,7,1
2017,625000.0,25538.0,Petrol,Trustmark Dealer,Manual,First Owner,5.0,16.78,1496.0,88.73,Toyota,9,1
2018,600000.0,69779.0,Petrol,Dealer,Automatic,First Owner,5.0,22.0,1197.0,81.8,Maruti,8,1
2017,450000.0,56290.0,Diesel,Dealer,Manual,First Owner,5.0,24.0,1186.0,73.97,Hyundai,9,1
2014,325000.0,52442.0,Petrol,Trustmark Dealer,Manual,Second Owner,5.0,18.5,1198.0,86.8,Honda,12,2
2013,229999.0,39000.0,Petrol,Dealer,Manual,First Owner,5.0,20.36,1197.0,78.9,Hyundai,13,1
2007,400000.0,42000.0,Petrol,Dealer,Automatic,First Owner,5.0,11.74,1796.0,186.0,Mercedes-Benz,19,1
2015,449000.0,34156.0,Petrol,Dealer,Manual,First Owner,5.0,16.47,1198.0,74.0,Volkswagen,11,1
2017,455000.0,34152.0,Petrol,Dealer,Manual,First Owner,5.0,18.9,1197.0,81.86,Hyundai,9,1
2015,1750000.0,37000.0,Diesel,Dealer,Automatic,First Owner,5.0,18.25,1968.0,187.74,Audi,11,1
2017,1390000.0,98000.0,Diesel,Dealer,Automatic,First Owner,7.0,11.36,2755.0,171.5,Toyota,9,1
2019,1150000.0,31000.0,Petrol,Dealer,Manual,First Owner,5.0,15.8,1591.0,121.3,Hyundai,7,1
2018,650000.0,62841.0,Petrol,Trustmark Dealer,Manual,First Owner,5.0,18.6,1197.0,81.83,Hyundai,8,1
2016,950000.0,38600.0,Diesel,Dealer,Manual,First Owner,5.0,19.67,1582.0,126.2,Hyundai,10,1
2018,698000.0,27654.0,Diesel,Dealer,Automatic,First Owner,5.0,28.4,1248.0,74.02,Maruti,8,1
2017,975000.0,48698.0,Diesel,Dealer,Manual,First Owner,5.0,19.67,1582.0,126.2,Hyundai,9,1
2018,445000.0,32995.0,Petrol,Dealer,Automatic,First Owner,5.0,20.52,1197.0,81.8,Maruti,8,1
2018,539000.0,60000.0,Diesel,Individual,Manual,First Owner,5.0,22.95,1248.0,74.0,Tata,8,1
2010,350000.0,110000.0,Diesel,Individual,Manual,Fourth & Above Owner,5.0,17.8,1248.0,75.0,Maruti,16,4
2011,550000.0,225000.0,Diesel,Individual,Manual,Fourth & Above Owner,8.0,12.05,2179.0,120.0,Mahindra,15,4
2015,550000.0,130000.0,Diesel,Individual,Manual,Second Owner,5.0,20.45,1461.0,83.8,Renault,11,2
2011,330000.0,120000.0,Diesel,Individual,Manual,First Owner,5.0,22.07,1199.0,73.9,Volkswagen,15,1
2014,220000.0,80000.0,Petrol,Individual,Manual,Third Owner,5.0,21.1,814.0,55.2,Hyundai,12,3
2013,415000.0,60000.0,Petrol,Individual,Manual,Second Owner,5.0,18.5,1197.0,85.8,Maruti,13,2
2007,150000.0,75000.0,Petrol,Individual,Manual,First Owner,5.0,19.7,796.0,46.3,Maruti,19,1
2005,150000.0,89000.0,Petrol,Individual,Manual,Second Owner,5.0,15.3,1341.0,83.0,Hyundai,21,2
2007,240000.0,110000.0,Diesel,Individual,Manual,First Owner,5.0,18.1,1493.0,110.0,Hyundai,19,1
2009,170000.0,90000.0,Petrol,Individual,Manual,Second Owner,5.0,19.7,796.0,46.3,Maruti,17,2
2015,550000.0,40000.0,Diesel,Individual,Manual,Third Owner,5.0,28.09,1248.0,88.5,Maruti,11,3
2017,500000.0,26000.0,Petrol,Individual,Automatic,First Owner,5.0,19.34,1198.0,76.0,Nissan,9,1
2011,180000.0,120000.0,Diesel,Individual,Manual,Second Owner,8.0,13.0,2489.0,95.0,Mahindra,15,2
2017,360000.0,29000.0,Petrol,Individual,Manual,First Owner,6.0,18.15,1198.0,82.0,Mahindra,9,1
2014,400000.0,120000.0,Petrol,Individual,Manual,First Owner,5.0,19.1,1197.0,85.8,Maruti,12,1
2009,120000.0,70000.0,Petrol,Individual,Manual,Second Owner,5.0,13.2,1495.0,94.0,Hyundai,17,2
2016,765000.0,100000.0,Diesel,Individual,Manual,Second Owner,5.0,24.3,1248.0,88.5,Maruti,10,2
2016,919999.0,90150.0,Diesel,Individual,Manual,First Owner,5.0,24.3,1248.0,88.5,Maruti,10,1
2018,730000.0,90000.0,Diesel,Individual,Manual,First Owner,5.0,23.59,1364.0,67.05,Toyota,8,1
2016,320000.0,120000.0,Diesel,Individual,Manual,First Owner,5.0,22.95,1248.0,74.0,Tata,10,1
2015,455000.0,90000.0,Diesel,Individual,Manual,Second Owner,5.0,25.8,1498.0,98.6,Honda,11,2
2015,350000.0,50000.0,Petrol,Individual,Manual,First Owner,5.0,20.63,1198.0,67.0,Datsun,11,1
2016,509999.0,110000.0,Diesel,Individual,Manual,First Owner,7.0,18.49,1493.0,100.0,Mahindra,10,1
2011,175000.0,85700.0,Diesel,Individual,Manual,Second Owner,5.0,17.0,1405.0,70.0,Tata,15,2
2013,325000.0,178000.0,Diesel,Individual,Manual,First Owner,9.0,15.96,2523.0,63.0,Mahindra,13,1
2011,120000.0,70000.0,Petrol,Individual,Manual,Second Owner,5.0,15.2,1193.0,65.0,Tata,15,2
2014,300000.0,30000.0,Petrol,Individual,Manual,Second Owner,5.0,20.36,1197.0,78.9,Hyundai,12,2
2015,500000.0,100000.0,Diesel,Individual,Manual,First Owner,5.0,26.0,1498.0,98.6,Honda,11,1
2016,562000.0,25339.0,Petrol,Individual,Manual,First Owner,5.0,21.4,1197.0,83.1,Maruti,10,1
2014,250000.0,10000.0,Petrol,Individual,Manual,First Owner,5.0,21.1,814.0,55.2,Hyundai,12,1
2017,484999.0,35000.0,Diesel,Individual,Manual,First Owner,5.0,20.65,1248.0,88.7,Tata,9,1
2013,280000.0,35000.0,Petrol,Individual,Manual,Second Owner,5.0,20.36,1197.0,78.9,Hyundai,13,2
2015,571000.0,68000.0,Diesel,Individual,Manual,Second Owner,7.0,20.77,1248.0,88.76,Maruti,11,2
2013,400000.0,40000.0,Petrol,Individual,Manual,First Owner,5.0,18.6,1197.0,85.8,Maruti,13,1
2015,295000.0,120000.0,Diesel,Individual,Manual,Second Owner,5.0,19.09,1405.0,69.01,Tata,11,2
2006,210000.0,120000.0,Diesel,Individual,Manual,First Owner,5.0,19.3,1248.0,82.0,Mahindra,20,1
2011,250000.0,25000.0,Petrol,Individual,Manual,First Owner,5.0,15.6,1196.0,70.0,Ford,15,1
2015,610000.0,40000.0,Diesel,Individual,Manual,Second Owner,7.0,15.96,2523.0,62.1,Mahindra,11,2
2012,175000.0,60000.0,Diesel,Individual,Manual,First Owner,5.0,22.3,1248.0,74.0,Tata,14,1
2011,204999.0,70000.0,Diesel,Individual,Manual,Second Owner,5.0,20.0,1399.0,68.0,Ford,15,2
2013,750000.0,80000.0,Diesel,Individual,Manual,Second Owner,7.0,15.1,2179.0,140.0,Mahindra,13,2
2016,651000.0,42323.0,Diesel,Dealer,Manual,First Owner,5.0,21.19,1396.0,88.76,Hyundai,10,1
2011,1075000.0,42545.0,Diesel,Dealer,Automatic,First Owner,5.0,19.62,1998.0,190.0,Bmw,15,1
2016,690000.0,32000.0,Diesel,Dealer,Manual,First Owner,5.0,25.1,1248.0,88.5,Maruti,10,1
2017,589000.0,41232.0,Diesel,Dealer,Manual,First Owner,5.0,26.59,1248.0,74.0,Maruti,9,1
2015,445000.0,40200.0,Diesel,Dealer,Manual,First Owner,7.0,21.0,1498.0,74.96,Mahindra,11,1
2013,475000.0,48000.0,Diesel,Dealer,Manual,Second Owner,5.0,21.7,1498.0,98.96,Ford,13,2
2014,465000.0,27233.0,Diesel,Dealer,Manual,First Owner,5.0,27.4,1498.0,98.63,Honda,12,1
2011,225000.0,35000.0,Petrol,Individual,Manual,First Owner,5.0,15.0,1368.0,90.0,Tata,15,1
2005,310000.0,200000.0,Diesel,Individual,Manual,Second Owner,8.0,12.8,2494.0,102.0,Toyota,21,2
2016,445000.0,63000.0,Diesel,Dealer,Manual,First Owner,9.0,15.3,2956.0,83.8,Tata,10,1
2015,445000.0,62000.0,Diesel,Dealer,Manual,First Owner,7.0,21.0,1498.0,74.96,Mahindra,11,1
2012,450000.0,68240.0,Diesel,Dealer,Manual,First Owner,7.0,13.93,2956.0,138.1,Tata,14,1
2008,450000.0,78000.0,Diesel,Dealer,Manual,First Owner,7.0,15.4,1997.0,120.0,Mahindra,18,1
2017,525000.0,38000.0,Diesel,Dealer,Manual,Second Owner,5.0,19.3,1248.0,82.0,Maruti,9,2
2010,200000.0,35000.0,Petrol,Dealer,Manual,First Owner,5.0,18.9,998.0,67.1,Maruti,16,1
2018,611000.0,9000.0,Petrol,Dealer,Manual,First Owner,5.0,19.1,1197.0,85.8,Maruti,8,1
2016,819999.0,39000.0,Diesel,Dealer,Manual,First Owner,5.0,19.67,1582.0,126.2,Hyundai,10,1
2016,825000.0,39000.0,Diesel,Dealer,Manual,First Owner,5.0,21.38,1396.0,88.7,Hyundai,10,1
2015,599000.0,92651.0,Diesel,Dealer,Manual,First Owner,5.0,21.7,1498.0,98.96,Ford,11,1
2018,490000.0,28000.0,Petrol,Dealer,Manual,First Owner,5.0,16.1,1197.0,85.0,Maruti,8,1
2020,500000.0,40000.0,Petrol,Individual,Manual,First Owner,5.0,17.57,1193.0,88.7,Tata,6,1
2020,500000.0,40000.0,Petrol,Individual,Manual,First Owner,5.0,17.57,1193.0,88.7,Tata,6,1
2017,1100000.0,88754.0,Diesel,Dealer,Manual,First Owner,7.0,16.0,2179.0,140.0,Mahindra,9,1
2019,675000.0,7000.0,Petrol,Individual,Manual,First Owner,5.0,19.4,1194.0,94.93,Ford,7,1
2018,1350000.0,40000.0,Diesel,Individual,Manual,First Owner,7.0,16.0,2179.0,138.0,Mahindra,8,1
2018,570000.0,20000.0,Petrol,Individual,Manual,First Owner,5.0,18.9,1197.0,81.86,Hyundai,8,1
2017,455000.0,50000.0,Diesel,Individual,Manual,First Owner,5.0,24.0,1186.0,73.97,Hyundai,9,1
2013,165000.0,45000.0,Petrol,Individual,Manual,Second Owner,5.0,21.1,814.0,55.2,Hyundai,13,2
2016,925000.0,22000.0,Petrol,Individual,Manual,First Owner,5.0,17.8,1497.0,117.3,Honda,10,1
2014,215000.0,100000.0,Diesel,Individual,Manual,Second Owner,5.0,25.0,1396.0,69.01,Tata,12,2
2016,470000.0,23700.0,Petrol,Individual,Manual,First Owner,5.0,20.4,1197.0,81.8,Maruti,10,1
2016,470000.0,23700.0,Petrol,Individual,Manual,First Owner,5.0,20.4,1197.0,81.8,Maruti,10,1
2017,650000.0,60000.0,Diesel,Individual,Manual,First Owner,5.0,28.09,1248.0,88.5,Maruti,9,1
2017,900000.0,50000.0,Diesel,Individual,Manual,First Owner,5.0,20.37,1461.0,108.45,Renault,9,1
2011,325000.0,53287.0,Petrol,Dealer,Manual,First Owner,5.0,19.3,1248.0,82.0,Ford,15,1
2009,190000.0,100000.0,Diesel,Individual,Manual,Second Owner,5.0,17.8,1399.0,67.0,Ford,17,2
2017,715000.0,60000.0,Diesel,Individual,Manual,First Owner,5.0,21.19,1396.0,88.73,Hyundai,9,1
2013,227999.0,60000.0,Diesel,Individual,Manual,Second Owner,5.0,25.0,1396.0,69.01,Tata,13,2
2017,450000.0,50000.0,Diesel,Individual,Manual,First Owner,5.0,22.95,1248.0,74.0,Tata,9,1
2015,200000.0,40000.0,Diesel,Individual,Manual,First Owner,5.0,25.44,936.0,56.3,Chevrolet,11,1
2017,400000.0,110000.0,CNG,Individual,Manual,First Owner,5.0,26.6,998.0,58.16,Maruti,9,1
2016,725000.0,110000.0,Diesel,Individual,Manual,First Owner,7.0,24.52,1248.0,88.5,Maruti,10,1
2014,300000.0,80000.0,Diesel,Individual,Manual,First Owner,5.0,20.0,1399.0,68.05,Ford,12,1
2016,1151000.0,69500.0,Diesel,Individual,Manual,Second Owner,8.0,12.99,2494.0,100.6,Toyota,10,2
2014,225000.0,33000.0,Petrol,Individual,Manual,First Owner,5.0,20.63,1198.0,67.0,Datsun,12,1
2016,380000.0,80000.0,Petrol,Individual,Manual,First Owner,5.0,19.81,1086.0,68.05,Hyundai,10,1
2019,630000.0,5000.0,Petrol,Individual,Manual,First Owner,5.0,18.6,1197.0,81.86,Hyundai,7,1
2014,351000.0,25000.0,Petrol,Individual,Manual,First Owner,5.0,20.36,1197.0,78.9,Hyundai,12,1
2012,199000.0,50000.0,Diesel,Individual,Manual,Second Owner,5.0,20.86,1199.0,75.0,Skoda,14,2
2017,850000.0,50000.0,Diesel,Individual,Manual,First Owner,7.0,17.6,2179.0,147.94,Tata,9,1
2010,105000.0,120000.0,Diesel,Individual,Manual,Second Owner,5.0,18.0,1248.0,75.0,Tata,16,2
2010,300000.0,120000.0,Diesel,Individual,Manual,Third Owner,5.0,18.8,1248.0,90.0,Tata,16,3
2016,950000.0,80000.0,Diesel,Individual,Manual,First Owner,7.0,12.99,2494.0,100.6,Toyota,10,1
2015,430000.0,110000.0,Diesel,Individual,Manual,Second Owner,7.0,18.49,1493.0,100.0,Mahindra,11,2
2016,2100000.0,80000.0,Diesel,Individual,Automatic,First Owner,7.0,10.91,3198.0,197.0,Ford,10,1
2018,540000.0,30000.0,Diesel,Individual,Manual,First Owner,5.0,24.0,1186.0,73.97,Hyundai,8,1
2012,175000.0,60000.0,LPG,Individual,Manual,Second Owner,5.0,17.8,1086.0,63.0,Hyundai,14,2
2018,1150000.0,44000.0,Diesel,Individual,Automatic,First Owner,5.0,17.01,1582.0,126.2,Hyundai,8,1
2020,350000.0,5000.0,Petrol,Individual,Manual,First Owner,5.0,22.05,796.0,47.3,Maruti,6,1
2019,690000.0,18000.0,Petrol,Individual,Manual,First Owner,5.0,18.6,1197.0,81.86,Hyundai,7,1
2015,535000.0,80000.0,Diesel,Individual,Manual,First Owner,5.0,22.54,1396.0,88.73,Hyundai,11,1
2016,730000.0,100000.0,Diesel,Individual,Manual,First Owner,5.0,24.3,1248.0,88.5,Maruti,10,1
2016,280000.0,19000.0,Petrol,Individual,Manual,First Owner,5.0,21.1,814.0,55.2,Hyundai,10,1
2019,650000.0,33000.0,Petrol,Individual,Automatic,First Owner,5.0,21.21,1197.0,81.8,Maruti,7,1
2012,520000.0,162000.0,Diesel,Individual,Manual,Fourth & Above Owner,7.0,12.8,2494.0,102.0,Toyota,14,4
2020,360000.0,65000.0,Petrol,Individual,Manual,Second Owner,5.0,20.14,1197.0,81.86,Hyundai,6,2
2011,250000.0,170000.0,Diesel,Individual,Manual,First Owner,5.0,19.3,1248.0,73.9,Maruti,15,1
2017,575000.0,40000.0,Diesel,Individual,Manual,First Owner,5.0,21.66,1498.0,108.62,Volkswagen,9,1
2012,170000.0,120000.0,Diesel,Individual,Manual,Third Owner,5.0,19.09,1396.0,69.0,Tata,14,3
2017,711000.0,53000.0,Diesel,Individual,Manual,First Owner,5.0,24.3,1248.0,88.5,Maruti,9,1
2013,250000.0,90000.0,Petrol,Individual,Manual,First Owner,5.0,18.9,998.0,67.1,Maruti,13,1
2017,675000.0,35000.0,Diesel,Individual,Manual,First Owner,5.0,26.59,1248.0,74.0,Maruti,9,1
2016,325000.0,50000.0,Petrol,Individual,Manual,First Owner,5.0,20.51,998.0,67.04,Maruti,10,1
2016,250000.0,20000.0,Petrol,Individual,Manual,First Owner,5.0,22.74,796.0,47.3,Maruti,10,1
2019,740000.0,38000.0,Diesel,Individual,Automatic,First Owner,5.0,28.4,1248.0,74.0,Maruti,7,1
2019,690000.0,1303.0,Petrol,Dealer,Manual,First Owner,5.0,17.8,1198.0,86.7,Honda,7,1
2018,3975000.0,31800.0,Diesel,Dealer,Automatic,First Owner,5.0,17.01,1968.0,188.0,Audi,8,1
2019,5150000.0,20000.0,Petrol,Dealer,Automatic,First Owner,5.0,22.37,2487.0,214.56,Lexus,7,1
2017,3200000.0,45000.0,Diesel,Dealer,Automatic,First Owner,5.0,19.33,1999.0,177.0,Jaguar,9,1
2017,4100000.0,17000.0,Petrol,Individual,Automatic,First Owner,5.0,9.5,3604.0,280.0,Jeep,9,1
2019,4500000.0,21000.0,Diesel,Dealer,Automatic,First Owner,7.0,12.83,1999.0,148.31,Land,7,1
2018,3790000.0,29500.0,Diesel,Dealer,Automatic,First Owner,5.0,22.48,1995.0,187.74,Bmw,8,1
2017,1750000.0,73000.0,Petrol,Dealer,Automatic,First Owner,5.0,12.0,2354.0,187.4,Honda,9,1
2018,1864999.0,50000.0,Petrol,Dealer,Automatic,First Owner,5.0,14.67,1798.0,177.46,Skoda,8,1
2017,800000.0,28050.0,Diesel,Dealer,Manual,First Owner,5.0,28.09,1248.0,88.5,Maruti,9,1
2017,1825000.0,58000.0,Petrol,Dealer,Automatic,First Owner,5.0,12.0,2354.0,187.4,Honda,9,1
2017,1295000.0,58000.0,Diesel,Dealer,Automatic,First Owner,7.0,17.6,2179.0,153.86,Tata,9,1
2014,425000.0,69000.0,Diesel,Dealer,Manual,First Owner,5.0,19.87,1461.0,83.8,Renault,12,1
2016,4090000.0,70000.0,Diesel,Dealer,Automatic,First Owner,7.0,12.0,2987.0,224.0,Mercedes-Benz,10,1
2015,910000.0,40000.0,Diesel,Dealer,Automatic,First Owner,5.0,17.6,1582.0,126.2,Hyundai,11,1
2013,625000.0,39000.0,Petrol,Dealer,Automatic,First Owner,5.0,14.28,1798.0,138.03,Toyota,13,1
2018,3400000.0,22000.0,Diesel,Dealer,Automatic,First Owner,5.0,18.0,1969.0,190.0,Volvo,8,1
2015,535000.0,40000.0,Diesel,Dealer,Manual,First Owner,5.0,26.21,1248.0,88.5,Maruti,11,1
2011,325000.0,142000.0,Diesel,Individual,Manual,First Owner,7.0,15.96,2523.0,62.1,Mahindra,15,1
2016,500000.0,22947.0,Petrol,Individual,Manual,First Owner,5.0,20.4,1197.0,81.8,Maruti,10,1
2013,300000.0,30000.0,Petrol,Individual,Manual,Second Owner,5.0,20.36,1197.0,78.9,Hyundai,13,2
2016,270000.0,7672.0,Petrol,Individual,Manual,First Owner,5.0,21.1,814.0,55.2,Hyundai,10,1
2010,160000.0,36659.0,Petrol,Individual,Manual,First Owner,5.0,19.7,796.0,46.3,Maruti,16,1
2016,210000.0,60000.0,Petrol,Individual,Manual,First Owner,8.0,16.8,796.0,34.2,Maruti,10,1
2014,850000.0,120000.0,Diesel,Individual,Manual,First Owner,7.0,15.1,2179.0,140.0,Mahindra,12,1
2014,880000.0,120000.0,Diesel,Individual,Manual,First Owner,7.0,15.1,2179.0,140.0,Mahindra,12,1
2010,150000.0,39000.0,Petrol,Individual,Manual,First Owner,5.0,16.9,1061.0,64.9,Maruti,16,1
2015,775000.0,45000.0,Diesel,Individual,Automatic,First Owner,7.0,18.49,1493.0,100.0,Mahindra,11,1
2009,160000.0,70000.0,Petrol,Individual,Manual,Third Owner,5.0,19.7,796.0,46.3,Maruti,17,3
2012,220000.0,100000.0,Diesel,Individual,Manual,Second Owner,5.0,20.0,1399.0,68.0,Ford,14,2
2017,670000.0,48000.0,Diesel,Individual,Manual,First Owner,5.0,22.54,1396.0,88.73,Hyundai,9,1
2018,780000.0,35000.0,Diesel,Individual,Manual,First Owner,5.0,22.54,1396.0,88.73,Hyundai,8,1
2017,515000.0,23000.0,Petrol,Individual,Manual,First Owner,5.0,21.4,1197.0,83.1,Maruti,9,1
2017,800000.0,14000.0,Diesel,Individual,Manual,First Owner,5.0,22.54,1396.0,88.73,Hyundai,9,1
2017,800000.0,14000.0,Diesel,Individual,Manual,First Owner,5.0,22.54,1396.0,88.73,Hyundai,9,1
2014,850000.0,60000.0,Diesel,Individual,Manual,First Owner,7.0,15.1,2179.0,140.0,Mahindra,12,1
2013,200000.0,60000.0,Petrol,Individual,Manual,Second Owner,5.0,21.1,814.0,55.2,Hyundai,13,2
2008,140000.0,150000.0,Diesel,Individual,Manual,Third Owner,5.0,19.4,1422.0,70.0,Skoda,18,3
2016,800000.0,80000.0,Petrol,Individual,Automatic,Second Owner,5.0,17.01,1591.0,121.3,Hyundai,10,2
2013,250000.0,35000.0,Petrol,Individual,Manual,First Owner,5.0,20.92,998.0,67.1,Maruti,13,1
2017,800000.0,44500.0,Diesel,Individual,Manual,First Owner,5.0,25.1,1248.0,88.5,Maruti,9,1
2015,600000.0,60000.0,Diesel,Individual,Manual,Third Owner,5.0,26.21,1248.0,88.5,Maruti,11,3
2012,250000.0,120000.0,Diesel,Individual,Manual,Third Owner,5.0,21.8,1461.0,78.0,Renault,14,3
2016,500000.0,80000.0,Diesel,Individual,Manual,Second Owner,5.0,25.8,1498.0,98.6,Honda,10,2
2019,750000.0,9900.0,Petrol,Individual,Manual,First Owner,8.0,11.96,1298.0,80.0,Maruti,7,1
2014,650000.0,68000.0,Diesel,Individual,Manual,First Owner,5.0,22.9,1248.0,74.0,Maruti,12,1
2012,350000.0,40000.0,Petrol,Individual,Manual,Third Owner,5.0,19.3,1248.0,82.0,Toyota,14,3
2016,950000.0,60000.0,Diesel,Individual,Manual,First Owner,7.0,21.9,1498.0,98.6,Honda,10,1
2015,580000.0,110000.0,Diesel,Individual,Manual,Second Owner,10.0,13.58,2499.0,72.4,Chevrolet,11,2
2019,640000.0,10000.0,Petrol,Individual,Manual,First Owner,5.0,18.9,1197.0,81.86,Hyundai,7,1
2014,800000.0,80000.0,Diesel,Individual,Automatic,First Owner,8.0,11.79,2179.0,120.0,Mahindra,12,1
2011,347000.0,30000.0,Petrol,Individual,Manual,First Owner,5.0,19.0,998.0,66.1,Maruti,15,1
2014,1000000.0,120000.0,Diesel,Individual,Manual,Third Owner,7.0,15.1,2179.0,140.0,Mahindra,12,3
2016,300000.0,35000.0,Petrol,Individual,Manual,First Owner,5.0,21.1,814.0,55.2,Hyundai,10,1
2017,493000.0,40000.0,Petrol,Individual,Manual,First Owner,5.0,20.3,1199.0,84.0,Tata,9,1
2014,370000.0,60000.0,Petrol,Individual,Manual,First Owner,5.0,18.9,1197.0,82.0,Hyundai,12,1
2008,250000.0,90000.0,Diesel,Individual,Manual,Fourth & Above Owner,5.0,19.3,1248.0,73.9,Maruti,18,4
2017,300000.0,20000.0,Petrol,Individual,Manual,First Owner,5.0,22.5,999.0,67.0,Datsun,9,1
2017,450000.0,40000.0,Petrol,Individual,Automatic,First Owner,5.0,24.04,999.0,67.0,Renault,9,1
2010,185000.0,124316.0,Diesel,Dealer,Manual,Second Owner,5.0,20.0,1399.0,68.0,Ford,16,2
2019,1225000.0,6544.0,Diesel,Individual,Manual,First Owner,5.0,20.0,1497.0,115.0,Mahindra,7,1
2015,1000000.0,50000.0,Diesel,Individual,Manual,First Owner,8.0,12.99,2494.0,100.6,Toyota,11,1
2016,600000.0,10000.0,Petrol,Individual,Manual,First Owner,5.0,18.6,1197.0,81.83,Hyundai,10,1
2018,1100000.0,50000.0,Diesel,Individual,Manual,First Owner,7.0,15.1,2179.0,152.87,Mahindra,8,1
2015,360000.0,30000.0,Petrol,Individual,Manual,Second Owner,5.0,18.9,1197.0,81.86,Hyundai,11,2
2012,285000.0,69000.0,Petrol,Individual,Manual,First Owner,5.0,17.5,1298.0,85.8,Maruti,14,1
2016,350000.0,49600.0,Diesel,Individual,Manual,Second Owner,6.0,25.32,1198.0,77.0,Mahindra,10,2
2008,130000.0,30000.0,Petrol,Individual,Manual,Second Owner,5.0,19.81,1086.0,68.05,Hyundai,18,2
2016,500000.0,198000.0,Diesel,Individual,Manual,First Owner,8.0,18.2,1248.0,73.74,Chevrolet,10,1
2010,350000.0,80000.0,Petrol,Individual,Manual,First Owner,5.0,17.0,1197.0,80.0,Hyundai,16,1
2019,685000.0,19000.0,Petrol,Individual,Automatic,First Owner,5.0,21.4,1197.0,83.1,Maruti,7,1
2020,399000.0,5000.0,CNG,Individual,Manual,First Owner,5.0,21.94,1196.0,61.7,Maruti,6,1
2017,525000.0,10000.0,Petrol,Individual,Manual,First Owner,5.0,18.9,1197.0,81.86,Hyundai,9,1
2017,765000.0,40000.0,Petrol,Individual,Manual,First Owner,7.0,17.5,1373.0,91.1,Maruti,9,1
2012,450000.0,97000.0,Diesel,Individual,Manual,Third Owner,5.0,22.9,1248.0,74.0,Maruti,14,3
1999,78000.0,80000.0,Diesel,Individual,Manual,Third Owner,5.0,19.3,1248.0,82.0,Tata,27,3
2014,390000.0,30000.0,Petrol,Individual,Manual,First Owner,5.0,19.69,1198.0,67.04,Nissan,12,1
2017,940000.0,120000.0,Diesel,Individual,Manual,First Owner,7.0,24.52,1248.0,88.5,Maruti,9,1
2013,650000.0,120000.0,Diesel,Individual,Manual,Second Owner,5.0,19.01,1461.0,108.45,Renault,13,2
2012,320000.0,103994.0,Diesel,Individual,Manual,Fourth & Above Owner,5.0,20.0,1399.0,68.0,Ford,14,4
2003,145000.0,70000.0,Petrol,Individual,Manual,Second Owner,5.0,13.4,1794.0,125.0,Toyota,23,2
2017,670000.0,70000.0,Diesel,Individual,Manual,First Owner,5.0,25.83,1498.0,99.0,Ford,9,1
2011,350000.0,115000.0,Diesel,Individual,Manual,Fourth & Above Owner,5.0,21.5,1248.0,88.8,Maruti,15,4
2012,285000.0,178000.0,Diesel,Individual,Manual,Second Owner,5.0,22.3,1248.0,74.0,Tata,14,2
2011,300000.0,40000.0,Petrol,Individual,Manual,Third Owner,5.0,19.0,998.0,67.1,Maruti,15,3
2011,300000.0,80000.0,Diesel,Individual,Manual,First Owner,5.0,20.0,1399.0,68.0,Ford,15,1
2009,810000.0,98000.0,Diesel,Individual,Automatic,Fourth & Above Owner,7.0,12.07,2967.0,241.4,Audi,17,4
2009,90000.0,118000.0,Diesel,Individual,Manual,Second Owner,5.0,16.8,1405.0,62.0,Tata,17,2
2004,100000.0,100000.0,Petrol,Individual,Manual,Second Owner,5.0,19.7,796.0,46.3,Maruti,22,2
2009,90000.0,120000.0,Diesel,Individual,Manual,Second Owner,5.0,17.88,1396.0,52.8,Tata,17,2
2013,459999.0,120000.0,Diesel,Individual,Manual,Second Owner,5.0,13.5,2609.0,115.0,Mahindra,13,2
2009,525000.0,217000.0,Diesel,Individual,Manual,Fourth & Above Owner,8.0,12.8,2494.0,102.0,Toyota,17,4
2011,250000.0,65000.0,Petrol,Individual,Manual,Second Owner,5.0,18.9,998.0,67.1,Maruti,15,2
2012,300000.0,41000.0,Petrol,Individual,Manual,Second Owner,5.0,20.36,1197.0,78.9,Hyundai,14,2
2005,130000.0,120000.0,Petrol,Individual,Manual,Second Owner,5.0,16.1,1298.0,88.2,Maruti,21,2
2011,199000.0,70000.0,Petrol,Individual,Manual,Third Owner,5.0,20.92,998.0,67.1,Maruti,15,3
2012,545000.0,90000.0,Diesel,Individual,Manual,Second Owner,5.0,20.46,1461.0,83.8,Renault,14,2
2014,570000.0,80000.0,Diesel,Individual,Manual,Second Owner,7.0,20.77,1248.0,88.8,Maruti,12,2
2006,150000.0,120000.0,Petrol,Individual,Manual,Second Owner,5.0,16.9,1497.0,100.0,Honda,20,2
2009,114999.0,100000.0,Petrol,Individual,Manual,First Owner,5.0,19.7,796.0,46.3,Maruti,17,1
2018,450000.0,35000.0,Petrol,Individual,Manual,First Owner,5.0,20.3,1199.0,84.0,Tata,8,1
2019,600000.0,5000.0,Petrol,Individual,Manual,First Owner,7.0,20.0,999.0,72.0,Renault,7,1
2016,610000.0,110000.0,Diesel,Individual,Manual,First Owner,5.0,24.3,1248.0,88.5,Maruti,10,1
2017,690000.0,20000.0,Petrol,Individual,Manual,First Owner,5.0,18.6,1197.0,81.83,Hyundai,9,1
2018,790000.0,15000.0,Petrol,Individual,Manual,First Owner,5.0,17.0,1198.0,108.5,Tata,8,1
2014,254999.0,40000.0,Petrol,Individual,Manual,Second Owner,5.0,20.92,998.0,67.1,Maruti,12,2
2016,500000.0,41000.0,Petrol,Individual,Manual,First Owner,5.0,18.7,1199.0,88.7,Honda,10,1
2011,340000.0,100000.0,Diesel,Individual,Manual,Second Owner,7.0,13.6,2523.0,63.0,Mahindra,15,2
2007,245000.0,110000.0,Diesel,Individual,Manual,Third Owner,7.0,13.6,2523.0,63.0,Mahindra,19,3
2012,340000.0,120000.0,Diesel,Individual,Manual,Third Owner,5.0,17.8,1399.0,67.0,Ford,14,3
2008,221000.0,35008.0,Petrol,Dealer,Manual,First Owner,5.0,21.79,998.0,67.05,Maruti,18,1
2017,270000.0,31100.0,Petrol,Dealer,Manual,First Owner,5.0,22.7,799.0,53.64,Datsun,9,1
2014,455000.0,42312.0,Diesel,Dealer,Manual,First Owner,5.0,24.4,1120.0,71.0,Hyundai,12,1
2011,300000.0,72000.0,Petrol,Dealer,Manual,First Owner,5.0,17.6,1496.0,88.7,Toyota,15,1
2014,480000.0,54891.0,Diesel,Dealer,Manual,First Owner,5.0,23.59,1364.0,67.04,Toyota,12,1
2018,1000000.0,30000.0,Diesel,Individual,Automatic,First Owner,5.0,22.0,1582.0,126.2,Hyundai,8,1
2017,2600000.0,44000.0,Diesel,Dealer,Automatic,First Owner,5.0,22.69,1995.0,190.0,Bmw,9,1
2017,1850000.0,18890.0,Diesel,Dealer,Automatic,First Owner,7.0,11.36,2755.0,171.5,Toyota,9,1
2013,1000000.0,75010.0,Diesel,Dealer,Automatic,First Owner,5.0,13.73,1995.0,148.0,Renault,13,1
2012,245000.0,100000.0,Diesel,Dealer,Manual,First Owner,5.0,23.08,1461.0,63.1,Renault,14,1
2019,625000.0,4337.0,Petrol,Dealer,Automatic,First Owner,5.0,18.9,1197.0,82.0,Hyundai,7,1
2018,560000.0,14495.0,Petrol,Dealer,Manual,First Owner,5.0,18.78,999.0,75.0,Volkswagen,8,1
2018,1475000.0,24000.0,Diesel,Dealer,Manual,First Owner,7.0,15.1,2179.0,152.87,Mahindra,8,1
2010,425000.0,83585.0,Diesel,Dealer,Manual,First Owner,5.0,21.43,1364.0,87.2,Toyota,16,1
2014,550000.0,31000.0,Petrol,Dealer,Automatic,Second Owner,5.0,17.21,1197.0,103.6,Volkswagen,12,2
2016,1475000.0,100000.0,Diesel,Dealer,Manual,First Owner,7.0,13.68,2393.0,147.8,Toyota,10,1
2017,750000.0,48406.0,Diesel,Dealer,Manual,First Owner,5.0,19.87,1461.0,83.8,Renault,9,1
2016,570000.0,56239.0,Diesel,Dealer,Manual,First Owner,5.0,22.54,1396.0,88.73,Hyundai,10,1
2015,585000.0,33243.0,Petrol,Dealer,Manual,First Owner,5.0,21.4,1197.0,83.1,Maruti,11,1
2016,600000.0,26000.0,Petrol,Dealer,Automatic,First Owner,5.0,19.0,1199.0,88.7,Honda,10,1
2012,415000.0,90000.0,Diesel,Individual,Manual,First Owner,5.0,19.3,1248.0,82.0,Toyota,14,1
2016,530000.0,120000.0,Petrol,Individual,Manual,Second Owner,5.0,17.19,1197.0,81.86,Hyundai,10,2
2016,540000.0,38000.0,Petrol,Individual,Manual,First Owner,5.0,18.6,1197.0,81.83,Hyundai,10,1
2013,180000.0,60000.0,Petrol,Individual,Manual,First Owner,5.0,21.1,814.0,55.2,Hyundai,13,1
2014,450000.0,30000.0,Petrol,Individual,Manual,First Owner,5.0,19.1,1197.0,85.8,Maruti,12,1
2015,200000.0,50000.0,Petrol,Individual,Manual,First Owner,5.0,18.6,1199.0,76.8,Chevrolet,11,1
2017,425000.0,42000.0,Petrol,Individual,Manual,First Owner,5.0,23.84,1199.0,84.0,Tata,9,1
2016,400000.0,30000.0,Petrol,Individual,Manual,First Owner,5.0,18.2,1199.0,82.4,Chevrolet,10,1
2005,150000.0,15858.0,Petrol,Individual,Manual,First Owner,5.0,13.8,1299.0,70.0,Ford,21,1
2017,310000.0,15000.0,Petrol,Individual,Manual,First Owner,5.0,24.7,796.0,47.3,Maruti,9,1
2014,500000.0,50000.0,Diesel,Individual,Manual,First Owner,9.0,13.58,2499.0,72.4,Chevrolet,12,1
2013,200000.0,60000.0,Diesel,Individual,Manual,Second Owner,5.0,25.44,936.0,57.6,Chevrolet,13,2
2018,900000.0,35000.0,Diesel,Individual,Manual,First Owner,7.0,21.04,1461.0,83.8,Renault,8,1
2000,75000.0,90000.0,Diesel,Individual,Manual,Second Owner,5.0,12.8,1489.0,35.5,Ambassador,26,2
2015,400000.0,50000.0,Petrol,Individual,Manual,First Owner,5.0,20.4,1197.0,83.11,Maruti,11,1
2015,650000.0,110000.0,Diesel,Individual,Manual,First Owner,7.0,24.5,1498.0,98.6,Honda,11,1
2015,480000.0,87847.0,Diesel,Dealer,Manual,First Owner,5.0,28.4,1248.0,74.0,Maruti,11,1
2009,140000.0,35000.0,Petrol,Individual,Manual,First Owner,5.0,19.7,796.0,46.3,Maruti,17,1
2018,550000.0,5000.0,Petrol,Individual,Manual,First Owner,5.0,22.0,1197.0,81.8,Maruti,8,1
2017,380000.0,29000.0,Petrol,Individual,Automatic,First Owner,5.0,20.51,998.0,67.0,Maruti,9,1
2016,440000.0,20000.0,Diesel,Individual,Manual,First Owner,5.0,19.09,1405.0,69.01,Tata,10,1
2018,630000.0,15000.0,Petrol,Individual,Manual,First Owner,5.0,21.21,1197.0,81.8,Maruti,8,1
2017,250000.0,40000.0,Petrol,Individual,Manual,First Owner,5.0,25.17,799.0,53.3,Renault,9,1
2009,120000.0,17000.0,Petrol,Individual,Manual,First Owner,5.0,19.7,796.0,46.3,Maruti,17,1
2012,287000.0,120000.0,Diesel,Individual,Manual,First Owner,5.0,21.12,1248.0,88.8,Tata,14,1
2016,550000.0,45000.0,Petrol,Individual,Manual,First Owner,5.0,21.4,1197.0,83.1,Maruti,10,1
2016,950000.0,60000.0,Diesel,Individual,Manual,Third Owner,7.0,15.4,1997.0,120.0,Mahindra,10,3
2019,1630000.0,25000.0,Diesel,Individual,Manual,First Owner,5.0,17.0,1956.0,138.1,Tata,7,1
2015,501000.0,80000.0,Diesel,Individual,Manual,Second Owner,5.0,25.01,1498.0,89.75,Ford,11,2
2014,550000.0,70000.0,Diesel,Individual,Manual,First Owner,7.0,15.96,2523.0,62.1,Mahindra,12,1
2016,300000.0,25000.0,Petrol,Individual,Manual,First Owner,5.0,22.74,796.0,47.3,Maruti,10,1
2015,300000.0,50000.0,Petrol,Individual,Manual,Third Owner,5.0,20.51,998.0,67.04,Maruti,11,3
2012,280000.0,100000.0,Diesel,Individual,Manual,Second Owner,5.0,19.3,1248.0,82.0,Toyota,14,2
2015,416000.0,40000.0,Petrol,Individual,Automatic,First Owner,5.0,17.01,1499.0,110.4,Ford,11,1
2018,260000.0,30000.0,Petrol,Individual,Manual,First Owner,8.0,16.8,796.0,34.2,Maruti,8,1
2016,550000.0,15000.0,Petrol,Individual,Manual,First Owner,5.0,18.2,1199.0,82.4,Chevrolet,10,1
2012,700000.0,100000.0,Diesel,Individual,Manual,Second Owner,7.0,15.1,2179.0,140.0,Mahindra,14,2
2011,181000.0,70000.0,Petrol,Individual,Manual,First Owner,5.0,15.64,1193.0,64.1,Tata,15,1
2009,365000.0,110000.0,Diesel,Individual,Automatic,Second Owner,8.0,11.79,2179.0,120.0,Mahindra,17,2
2006,150000.0,9558.0,Petrol,Individual,Manual,First Owner,5.0,19.3,1248.0,82.0,Hyundai,20,1
2017,400000.0,10000.0,Petrol,Individual,Automatic,First Owner,5.0,23.95,998.0,67.1,Maruti,9,1
2010,210000.0,110000.0,Petrol,Individual,Manual,First Owner,5.0,20.36,1197.0,78.9,Hyundai,16,1
2013,500000.0,87000.0,Diesel,Individual,Manual,Second Owner,5.0,22.32,1582.0,126.32,Hyundai,13,2
2017,2711000.0,9000.0,Diesel,Dealer,Automatic,First Owner,5.0,13.6,1999.0,177.0,Jaguar,9,1
2019,5150000.0,20000.0,Petrol,Dealer,Automatic,First Owner,5.0,22.37,2487.0,214.56,Lexus,7,1
2017,3200000.0,45000.0,Diesel,Dealer,Automatic,First Owner,5.0,19.33,1999.0,177.0,Jaguar,9,1
2015,503000.0,110000.0,Diesel,Individual,Manual,First Owner,7.0,14.1,2179.0,147.94,Tata,11,1
2019,3800000.0,20000.0,Diesel,Individual,Automatic,First Owner,5.0,18.0,1969.0,190.0,Volvo,7,1
2016,2000000.0,68089.0,Petrol,Trustmark Dealer,Automatic,First Owner,5.0,19.16,2494.0,157.7,Toyota,10,1
2013,225000.0,58343.0,Petrol,Trustmark Dealer,Manual,First Owner,5.0,21.79,998.0,67.05,Maruti,13,1
2018,740000.0,38817.0,Diesel,Dealer,Manual,First Owner,5.0,27.39,1248.0,74.0,Maruti,8,1
2016,550000.0,56494.0,Petrol,Trustmark Dealer,Manual,First Owner,5.0,18.2,1199.0,88.7,Honda,10,1
2013,750000.0,79328.0,Diesel,Trustmark Dealer,Manual,Second Owner,7.0,12.99,2494.0,100.6,Toyota,13,2
2019,650000.0,5621.0,Petrol,Trustmark Dealer,Automatic,First Owner,5.0,22.0,1197.0,81.8,Maruti,7,1
2017,625000.0,25538.0,Petrol,Trustmark Dealer,Manual,First Owner,5.0,16.78,1496.0,88.73,Toyota,9,1
2018,600000.0,69779.0,Petrol,Dealer,Automatic,First Owner,5.0,22.0,1197.0,81.8,Maruti,8,1
2017,450000.0,56290.0,Diesel,Dealer,Manual,First Owner,5.0,24.0,1186.0,73.97,Hyundai,9,1
2019,5200000.0,7500.0,Diesel,Dealer,Automatic,First Owner,5.0,16.78,1995.0,190.0,Bmw,7,1
2019,5200000.0,8500.0,Diesel,Dealer,Automatic,First Owner,5.0,16.78,1995.0,190.0,Bmw,7,1
2019,779000.0,7032.0,Petrol,Trustmark Dealer,Automatic,First Owner,5.0,19.0,1199.0,88.76,Honda,7,1
2016,645000.0,11000.0,Petrol,Dealer,Automatic,First Owner,5.0,14.3,1598.0,103.5,Skoda,10,1
2018,2475000.0,2000.0,Diesel,Dealer,Automatic,First Owner,5.0,16.8,1984.0,150.0,Volvo,8,1
2017,735000.0,70000.0,Diesel,Individual,Manual,First Owner,5.0,27.39,1248.0,74.0,Maruti,9,1
2017,550000.0,120000.0,Petrol,Individual,Manual,First Owner,5.0,17.57,1193.0,88.7,Tata,9,1
2013,509999.0,148000.0,Diesel,Individual,Manual,First Owner,7.0,20.77,1248.0,88.8,Maruti,13,1
2013,459999.0,60000.0,Diesel,Individual,Manual,Second Owner,5.0,21.27,1396.0,88.76,Hyundai,13,2
2015,310000.0,18000.0,Petrol,Individual,Manual,First Owner,5.0,22.74,796.0,47.3,Maruti,11,1
2018,775000.0,80000.0,Diesel,Individual,Manual,First Owner,5.0,22.95,1248.0,74.0,Tata,8,1
2004,105000.0,96000.0,Petrol,Individual,Manual,Third Owner,5.0,19.7,796.0,46.3,Maruti,22,3
2015,430000.0,97000.0,Diesel,Individual,Manual,Second Owner,5.0,25.8,1498.0,98.6,Honda,11,2
2013,360000.0,210000.0,Diesel,Individual,Manual,Third Owner,5.0,21.9,1396.0,88.76,Hyundai,13,3
2012,400000.0,60000.0,Diesel,Individual,Manual,Third Owner,5.0,20.5,1598.0,105.0,Volkswagen,14,3
2014,600000.0,90000.0,Diesel,Individual,Manual,First Owner,5.0,23.4,1248.0,74.0,Maruti,12,1
2019,580000.0,35000.0,Petrol,Individual,Manual,First Owner,5.0,17.5,1199.0,88.7,Honda,7,1
2012,140000.0,120000.0,Diesel,Individual,Manual,Second Owner,5.0,21.03,1461.0,65.0,Mahindra,14,2
2008,210000.0,100000.0,Diesel,Individual,Manual,First Owner,5.0,19.61,1405.0,70.0,Tata,18,1
2017,550000.0,20000.0,Petrol,Individual,Manual,First Owner,5.0,18.9,1197.0,82.0,Hyundai,9,1
2013,120000.0,110000.0,Petrol,Individual,Manual,Second Owner,5.0,18.2,1199.0,84.8,Chevrolet,13,2
2013,400000.0,35000.0,Diesel,Individual,Manual,First Owner,7.0,12.99,2494.0,100.6,Toyota,13,1
2018,1035000.0,15000.0,Diesel,Individual,Manual,First Owner,5.0,25.5,1498.0,98.6,Honda,8,1
2015,625000.0,90000.0,Diesel,Individual,Manual,First Owner,5.0,26.21,1248.0,88.5,Maruti,11,1
2008,200000.0,40000.0,Petrol,Individual,Manual,First Owner,5.0,20.36,1197.0,78.9,Hyundai,18,1
2013,316000.0,140000.0,Diesel,Individual,Manual,First Owner,5.0,21.02,1248.0,88.76,Tata,13,1
2017,813000.0,110000.0,Diesel,Individual,Manual,First Owner,5.0,24.3,1248.0,88.5,Maruti,9,1
2016,1575000.0,55000.0,Diesel,Individual,Automatic,First Owner,7.0,11.36,2755.0,171.5,Toyota,10,1
2013,900000.0,73000.0,Diesel,Individual,Manual,First Owner,8.0,12.99,2494.0,100.0,Toyota,13,1
2015,650000.0,100000.0,Diesel,Individual,Manual,First Owner,7.0,20.77,1248.0,88.76,Maruti,11,1
2015,459999.0,32000.0,Diesel,Individual,Manual,Second Owner,5.0,25.83,1498.0,99.0,Ford,11,2
2012,290000.0,112072.0,Diesel,Individual,Manual,First Owner,5.0,21.64,1461.0,84.8,Nissan,14,1
2014,400000.0,30000.0,Diesel,Individual,Manual,First Owner,5.0,20.0,1399.0,68.05,Ford,12,1
2016,565000.0,70000.0,Diesel,Individual,Manual,Second Owner,5.0,25.2,1248.0,74.0,Maruti,10,2
2011,2150000.0,50000.0,Diesel,Individual,Manual,Second Owner,5.0,19.3,1248.0,82.0,Volkswagen,15,2
2009,150000.0,80000.0,Petrol,Individual,Manual,Second Owner,5.0,18.0,995.0,62.0,Chevrolet,17,2
2007,480000.0,110000.0,Diesel,Individual,Automatic,Fourth & Above Owner,5.0,16.07,1995.0,181.0,Bmw,19,4
2007,70000.0,80000.0,Petrol,Individual,Manual,Second Owner,5.0,18.2,1061.0,64.0,Maruti,19,2
2007,70000.0,80000.0,Petrol,Individual,Manual,Second Owner,5.0,18.2,1061.0,64.0,Maruti,19,2
2011,1190000.0,80000.0,Petrol,Individual,Automatic,Second Owner,5.0,10.93,2497.0,204.0,Mercedes-Benz,15,2
2006,140000.0,100000.0,Petrol,Individual,Manual,Second Owner,5.0,19.3,1248.0,82.0,Hyundai,20,2
2018,900000.0,19000.0,Diesel,Individual,Manual,First Owner,5.0,23.0,1498.0,98.96,Ford,8,1
2015,600000.0,40000.0,Diesel,Individual,Manual,First Owner,5.0,22.54,1396.0,88.73,Hyundai,11,1
2015,1100000.0,52269.0,Diesel,Individual,Manual,First Owner,7.0,15.4,2179.0,120.0,Mahindra,11,1
2010,120000.0,170000.0,LPG,Individual,Manual,Second Owner,5.0,10.9,796.0,32.8,Maruti,16,2
2009,120000.0,140000.0,Petrol,Individual,Manual,First Owner,5.0,19.3,1248.0,82.0,Maruti,17,1
2010,120000.0,170000.0,Petrol,Individual,Manual,Second Owner,5.0,19.3,1248.0,82.0,Maruti,16,2
2009,229999.0,60000.0,Petrol,Individual,Manual,Third Owner,5.0,18.5,1197.0,80.0,Hyundai,17,3
2017,570000.0,15780.0,Petrol,Individual,Manual,First Owner,5.0,17.8,1198.0,86.7,Honda,9,1
2014,575000.0,106000.0,Diesel,Individual,Manual,First Owner,5.0,22.32,1582.0,126.32,Hyundai,12,1
2012,280000.0,80000.0,Diesel,Individual,Manual,Third Owner,5.0,20.54,1598.0,103.6,Volkswagen,14,3
2015,580000.0,74000.0,Diesel,Individual,Manual,Second Owner,5.0,21.19,1396.0,88.73,Hyundai,11,2
2018,875000.0,35000.0,Diesel,Individual,Manual,Second Owner,7.0,25.47,1248.0,88.5,Maruti,8,2
2013,500000.0,70000.0,Diesel,Individual,Manual,Third Owner,5.0,22.32,1582.0,126.32,Hyundai,13,3
2015,700000.0,60000.0,Diesel,Individual,Manual,First Owner,5.0,26.21,1248.0,88.5,Maruti,11,1
2016,388000.0,50000.0,Petrol,Individual,Manual,Second Owner,5.0,18.16,1196.0,86.8,Ford,10,2
2011,225000.0,80000.0,Petrol,Individual,Manual,Second Owner,5.0,20.36,1197.0,78.9,Hyundai,15,2
2011,90000.0,90000.0,Petrol,Individual,Manual,Second Owner,5.0,15.64,1193.0,64.08,Tata,15,2
2014,600000.0,114000.0,Diesel,Individual,Manual,First Owner,5.0,19.01,1461.0,108.45,Renault,12,1
2009,235000.0,100000.0,Petrol,Individual,Manual,First Owner,5.0,18.5,1197.0,80.0,Hyundai,17,1
2011,350000.0,100000.0,Diesel,Individual,Manual,Second Owner,5.0,23.0,1396.0,90.0,Hyundai,15,2
2011,235000.0,80000.0,Petrol,Individual,Manual,Second Owner,5.0,20.36,1197.0,78.9,Hyundai,15,2
2010,190000.0,35000.0,Petrol,Individual,Manual,First Owner,5.0,19.7,796.0,46.3,Maruti,16,1
2011,325000.0,79000.0,Diesel,Individual,Manual,First Owner,5.0,21.12,1248.0,88.8,Tata,15,1
2007,550000.0,225000.0,Petrol,Individual,Manual,Second Owner,5.0,18.6,1197.0,81.83,Hyundai,19,2
2011,300000.0,120000.0,Diesel,Individual,Manual,Third Owner,5.0,20.54,1598.0,103.6,Volkswagen,15,3
2017,550000.0,10000.0,Petrol,Individual,Manual,First Owner,5.0,20.3,1199.0,84.0,Tata,9,1
2013,720000.0,150000.0,Diesel,Individual,Manual,Second Owner,7.0,15.1,2179.0,140.0,Mahindra,13,2
2011,110000.0,110000.0,Petrol,Individual,Manual,First Owner,5.0,18.06,1198.0,75.0,Nissan,15,1
2018,310000.0,10000.0,Petrol,Individual,Manual,First Owner,5.0,24.7,796.0,47.3,Maruti,8,1
2010,150000.0,70000.0,LPG,Individual,Manual,Second Owner,5.0,26.2,998.0,58.2,Maruti,16,2
2012,260000.0,46000.0,Diesel,Individual,Manual,First Owner,5.0,19.4,1405.0,70.0,Tata,14,1
2002,55000.0,120000.0,Petrol,Individual,Manual,Fourth & Above Owner,5.0,13.2,1495.0,94.0,Hyundai,24,4
2013,450000.0,108800.0,Diesel,Individual,Manual,Third Owner,5.0,22.9,1248.0,74.0,Maruti,13,3
2009,199000.0,70000.0,Petrol,Individual,Manual,Second Owner,5.0,20.36,1197.0,78.9,Hyundai,17,2
2018,1000000.0,35000.0,Diesel,Individual,Manual,First Owner,7.0,15.4,2523.0,75.0,Mahindra,8,1
2011,240000.0,72000.0,Diesel,Individual,Manual,First Owner,5.0,20.0,1399.0,68.0,Ford,15,1
2018,350000.0,40000.0,Petrol,Individual,Manual,First Owner,5.0,25.17,799.0,53.3,Renault,8,1
2014,530000.0,120000.0,Diesel,Individual,Manual,Third Owner,7.0,15.96,2523.0,62.1,Mahindra,12,3
2011,150000.0,35000.0,Petrol,Individual,Manual,First Owner,5.0,18.0,995.0,62.0,Chevrolet,15,1
2019,625000.0,12500.0,Petrol,Individual,Manual,First Owner,5.0,18.6,1197.0,81.86,Hyundai,7,1
2014,378000.0,80000.0,Petrol,Individual,Manual,First Owner,5.0,18.9,1197.0,82.0,Hyundai,12,1
2015,210000.0,210000.0,Petrol,Individual,Manual,Second Owner,5.0,25.17,799.0,53.3,Renault,11,2
2018,700000.0,100000.0,Diesel,Individual,Manual,Second Owner,5.0,28.4,1248.0,74.02,Maruti,8,2
2011,156000.0,110000.0,Petrol,Individual,Manual,Second Owner,5.0,17.92,1086.0,62.1,Hyundai,15,2
2016,700000.0,103000.0,Diesel,Individual,Manual,First Owner,7.0,16.5,1493.0,70.0,Mahindra,10,1
2010,194000.0,225000.0,Petrol,Individual,Manual,Second Owner,5.0,18.9,1061.0,67.0,Maruti,16,2
2006,120000.0,100000.0,Petrol,Individual,Manual,Second Owner,5.0,19.7,796.0,46.3,Maruti,20,2
2015,415000.0,45000.0,Petrol,Individual,Automatic,First Owner,5.0,15.5,1198.0,86.7,Honda,11,1
2015,450000.0,45000.0,Petrol,Individual,Automatic,First Owner,5.0,15.5,1198.0,86.7,Honda,11,1
2014,325000.0,40000.0,Petrol,Individual,Manual,Third Owner,5.0,19.4,1198.0,86.8,Honda,12,3
2014,525000.0,200000.0,Diesel,Individual,Manual,First Owner,9.0,15.96,2523.0,62.1,Mahindra,12,1
2017,265000.0,100000.0,Petrol,Individual,Manual,First Owner,5.0,21.1,814.0,55.2,Hyundai,9,1
2008,100000.0,120000.0,Petrol,Individual,Manual,Second Owner,8.0,19.7,796.0,35.0,Maruti,18,2
2017,2711000.0,9000.0,Diesel,Dealer,Automatic,First Owner,5.0,13.6,1999.0,177.0,Jaguar,9,1
2019,5150000.0,20000.0,Petrol,Dealer,Automatic,First Owner,5.0,22.37,2487.0,214.56,Lexus,7,1
2017,3200000.0,45000.0,Diesel,Dealer,Automatic,First Owner,5.0,19.33,1999.0,177.0,Jaguar,9,1
2015,503000.0,110000.0,Diesel,Individual,Manual,First Owner,7.0,14.1,2179.0,147.94,Tata,11,1
2019,3800000.0,20000.0,Diesel,Individual,Automatic,First Owner,5.0,18.0,1969.0,190.0,Volvo,7,1
2016,2000000.0,68089.0,Petrol,Trustmark Dealer,Automatic,First Owner,5.0,19.16,2494.0,157.7,Toyota,10,1
2013,225000.0,58343.0,Petrol,Trustmark Dealer,Manual,First Owner,5.0,21.79,998.0,67.05,Maruti,13,1
2018,740000.0,38817.0,Diesel,Dealer,Manual,First Owner,5.0,27.39,1248.0,74.0,Maruti,8,1
2016,550000.0,56494.0,Petrol,Trustmark Dealer,Manual,First Owner,5.0,18.2,1199.0,88.7,Honda,10,1
2013,750000.0,79328.0,Diesel,Trustmark Dealer,Manual,Second Owner,7.0,12.99,2494.0,100.6,Toyota,13,2
2019,650000.0,5621.0,Petrol,Trustmark Dealer,Automatic,First Owner,5.0,22.0,1197.0,81.8,Maruti,7,1
2017,625000.0,25538.0,Petrol,Trustmark Dealer,Manual,First Owner,5.0,16.78,1496.0,88.73,Toyota,9,1
2018,600000.0,69779.0,Petrol,Dealer,Automatic,First Owner,5.0,22.0,1197.0,81.8,Maruti,8,1
2017,450000.0,56290.0,Diesel,Dealer,Manual,First Owner,5.0,24.0,1186.0,73.97,Hyundai,9,1
2019,5200000.0,7500.0,Diesel,Dealer,Automatic,First Owner,5.0,16.78,1995.0,190.0,Bmw,7,1
2019,5200000.0,8500.0,Diesel,Dealer,Automatic,First Owner,5.0,16.78,1995.0,190.0,Bmw,7,1
2019,779000.0,7032.0,Petrol,Trustmark Dealer,Automatic,First Owner,5.0,19.0,1199.0,88.76,Honda,7,1
2016,645000.0,11000.0,Petrol,Dealer,Automatic,First Owner,5.0,14.3,1598.0,103.5,Skoda,10,1
2018,2475000.0,2000.0,Diesel,Dealer,Automatic,First Owner,5.0,16.8,1984.0,150.0,Volvo,8,1
2015,400000.0,100000.0,Diesel,Individual,Manual,First Owner,5.0,23.0,1248.0,88.7,Tata,11,1
2013,345000.0,40000.0,Diesel,Individual,Manual,First Owner,5.0,21.9,1396.0,88.8,Hyundai,13,1
2018,850000.0,15000.0,Diesel,Individual,Manual,Second Owner,6.0,16.55,2498.0,105.0,Mahindra,8,2
2018,620000.0,15000.0,Petrol,Individual,Automatic,First Owner,5.0,20.89,1197.0,81.8,Maruti,8,1
2018,700000.0,10000.0,Petrol,Individual,Manual,Second Owner,5.0,21.4,1197.0,83.1,Maruti,8,2
2012,200000.0,90000.0,Diesel,Individual,Manual,First Owner,5.0,22.3,1248.0,74.0,Tata,14,1
2017,660000.0,80000.0,Diesel,Individual,Manual,First Owner,7.0,16.5,1493.0,70.0,Mahindra,9,1
2015,1700000.0,39000.0,Diesel,Individual,Manual,First Owner,7.0,13.5,2477.0,175.56,Mitsubishi,11,1
2009,90000.0,60000.0,Diesel,Individual,Manual,Second Owner,5.0,17.88,1396.0,52.8,Tata,17,2
2015,1050000.0,28000.0,Diesel,Individual,Manual,Second Owner,7.0,15.1,2179.0,140.0,Mahindra,11,2
2010,160000.0,90000.0,Petrol,Individual,Manual,Second Owner,5.0,15.6,1196.0,70.0,Ford,16,2
2006,150000.0,80000.0,Petrol,Individual,Manual,Third Owner,5.0,13.5,1799.0,130.0,Honda,20,3
2010,200000.0,35000.0,Petrol,Individual,Manual,First Owner,5.0,19.0,998.0,67.1,Maruti,16,1
2011,365000.0,185000.0,Diesel,Individual,Manual,Second Owner,5.0,21.43,1364.0,87.2,Toyota,15,2
2009,140000.0,110000.0,Petrol,Individual,Manual,Second Owner,5.0,15.7,1172.0,67.0,Fiat,17,2
2016,360000.0,100000.0,Diesel,Individual,Manual,First Owner,5.0,20.5,1248.0,91.72,Fiat,10,1
2008,200000.0,110000.0,Petrol,Individual,Manual,Second Owner,5.0,17.7,1497.0,78.0,Honda,18,2
2010,250000.0,100000.0,Diesel,Individual,Manual,Second Owner,5.0,17.5,1896.0,106.0,Skoda,16,2
2008,229999.0,110000.0,Diesel,Individual,Manual,Second Owner,5.0,17.5,1896.0,106.0,Skoda,18,2
2011,320000.0,130000.0,Diesel,Individual,Manual,Second Owner,5.0,17.8,1399.0,68.0,Ford,15,2
2003,85000.0,68300.0,Petrol,Individual,Manual,Third Owner,5.0,19.3,1248.0,82.0,Hyundai,23,3
2018,1200000.0,27000.0,Petrol,Individual,Manual,First Owner,5.0,15.8,1591.0,121.3,Hyundai,8,1
2018,740000.0,9000.0,Petrol,Individual,Automatic,First Owner,5.0,21.4,1197.0,83.1,Maruti,8,1
2013,345000.0,40000.0,Diesel,Individual,Manual,First Owner,5.0,21.9,1396.0,88.8,Hyundai,13,1
2019,570000.0,19000.0,Petrol,Individual,Automatic,Second Owner,5.0,20.89,1197.0,81.8,Maruti,7,2
2019,490000.0,10000.0,Petrol,Individual,Manual,First Owner,5.0,20.52,1197.0,81.8,Maruti,7,1
2013,250000.0,100000.0,Diesel,Individual,Manual,First Owner,5.0,23.57,1396.0,70.0,Tata,13,1
2017,430000.0,20000.0,Petrol,Individual,Automatic,First Owner,5.0,20.51,998.0,67.0,Maruti,9,1
2014,225000.0,35000.0,Petrol,Individual,Manual,First Owner,5.0,21.1,814.0,55.2,Hyundai,12,1
2018,850000.0,15000.0,Diesel,Individual,Manual,Second Owner,6.0,16.55,2498.0,105.0,Mahindra,8,2
2018,620000.0,15000.0,Petrol,Individual,Automatic,First Owner,5.0,20.89,1197.0,81.8,Maruti,8,1
2014,440000.0,70000.0,Diesel,Individual,Manual,Second Owner,5.0,22.54,1396.0,88.73,Hyundai,12,2
2016,800000.0,70000.0,Diesel,Individual,Manual,First Owner,5.0,24.3,1248.0,88.5,Maruti,10,1
2018,700000.0,10000.0,Petrol,Individual,Manual,Second Owner,5.0,21.4,1197.0,83.1,Maruti,8,2
2016,600000.0,47000.0,Diesel,Individual,Manual,First Owner,5.0,25.2,1248.0,74.0,Maruti,10,1
2012,200000.0,90000.0,Diesel,Individual,Manual,First Owner,5.0,22.3,1248.0,74.0,Tata,14,1
2017,660000.0,80000.0,Diesel,Individual,Manual,First Owner,7.0,16.5,1493.0,70.0,Mahindra,9,1
2015,1700000.0,39000.0,Diesel,Individual,Manual,First Owner,7.0,13.5,2477.0,175.56,Mitsubishi,11,1
2015,450000.0,53000.0,Diesel,Individual,Manual,First Owner,5.0,24.0,1120.0,70.0,Hyundai,11,1
2013,420000.0,105000.0,Diesel,Individual,Manual,Second Owner,5.0,23.4,1248.0,74.0,Maruti,13,2
2011,500000.0,121941.0,Diesel,Dealer,Manual,First Owner,8.0,12.8,2494.0,102.0,Toyota,15,1
2016,350000.0,15000.0,Petrol,Individual,Manual,First Owner,5.0,23.84,1199.0,84.0,Tata,10,1
2014,280000.0,100000.0,Diesel,Individual,Manual,First Owner,8.0,14.0,2489.0,95.0,Mahindra,12,1
2013,425000.0,152186.0,Diesel,Dealer,Manual,Second Owner,5.0,20.45,1461.0,83.8,Renault,13,2
2013,295000.0,82246.0,Petrol,Dealer,Manual,First Owner,5.0,20.36,1197.0,78.9,Hyundai,13,1
2016,540000.0,20000.0,Petrol,Individual,Manual,First Owner,5.0,20.4,1197.0,81.8,Maruti,10,1
2017,754000.0,40000.0,Diesel,Individual,Manual,First Owner,5.0,28.4,1248.0,74.02,Maruti,9,1
2011,650000.0,89580.0,Diesel,Dealer,Manual,Second Owner,8.0,12.8,2494.0,102.0,Toyota,15,2
2011,550000.0,225000.0,Diesel,Individual,Manual,Second Owner,7.0,12.8,2494.0,102.0,Toyota,15,2
2011,550000.0,225000.0,Diesel,Individual,Manual,Second Owner,7.0,12.8,2494.0,102.0,Toyota,15,2
2019,675000.0,2789.0,Petrol,Dealer,Manual,First Owner,5.0,18.16,1196.0,86.8,Ford,7,1
2018,700000.0,35278.0,Diesel,Dealer,Manual,First Owner,5.0,23.8,1499.0,98.97,Ford,8,1
2018,795000.0,2860.0,Diesel,Dealer,Manual,First Owner,5.0,23.8,1499.0,98.97,Ford,8,1
2010,515000.0,200000.0,Diesel,Individual,Manual,First Owner,7.0,12.8,2494.0,102.0,Toyota,16,1
2018,450000.0,20000.0,Petrol,Individual,Manual,First Owner,6.0,18.15,1198.0,82.0,Mahindra,8,1
2008,155000.0,60000.0,Petrol,Individual,Manual,Third Owner,5.0,15.0,1086.0,66.6,Hyundai,18,3
2011,350000.0,100000.0,Diesel,Individual,Manual,Second Owner,5.0,23.59,1364.0,67.1,Toyota,15,2
2011,250000.0,78562.0,Diesel,Dealer,Manual,First Owner,5.0,20.0,1399.0,68.0,Ford,15,1
2011,450000.0,96000.0,Diesel,Individual,Manual,Fourth & Above Owner,5.0,22.32,1582.0,126.32,Hyundai,15,4
2011,450000.0,96000.0,Diesel,Individual,Manual,Fourth & Above Owner,5.0,22.32,1582.0,126.32,Hyundai,15,4
2003,55599.0,36088.0,Petrol,Individual,Manual,First Owner,4.0,16.1,796.0,37.0,Maruti,23,1
2014,420000.0,50000.0,Diesel,Individual,Manual,First Owner,5.0,22.54,1396.0,88.73,Hyundai,12,1
2012,315000.0,100000.0,Diesel,Individual,Manual,First Owner,5.0,19.3,1248.0,82.0,Toyota,14,1
2018,750000.0,40000.0,Diesel,Individual,Manual,First Owner,5.0,25.1,1248.0,88.5,Maruti,8,1
2020,450000.0,10000.0,Petrol,Individual,Manual,First Owner,5.0,19.02,1198.0,67.05,Datsun,6,1
2008,175000.0,60000.0,Diesel,Individual,Manual,Second Owner,5.0,17.8,1248.0,75.0,Maruti,18,2
2019,650000.0,10000.0,Petrol,Individual,Manual,First Owner,5.0,17.19,1197.0,81.86,Hyundai,7,1
2018,1050000.0,10000.0,Diesel,Individual,Manual,First Owner,7.0,25.47,1248.0,88.5,Maruti,8,1
2011,375000.0,35000.0,Diesel,Individual,Manual,Second Owner,5.0,22.32,1582.0,126.32,Hyundai,15,2
2014,1100000.0,80000.0,Diesel,Individual,Manual,First Owner,7.0,14.74,2199.0,194.3,Hyundai,12,1
2019,1550000.0,28000.0,Diesel,Individual,Manual,First Owner,7.0,15.1,2179.0,152.87,Mahindra,7,1
2017,620000.0,35000.0,Diesel,Individual,Manual,First Owner,5.0,24.29,1498.0,99.0,Ford,9,1
2017,1511000.0,32000.0,Diesel,Individual,Manual,First Owner,5.0,16.3,1956.0,170.0,Jeep,9,1
2003,135000.0,40000.0,Petrol,Individual,Manual,First Owner,5.0,18.9,998.0,67.1,Maruti,23,1
2011,375000.0,35000.0,Diesel,Individual,Manual,Second Owner,5.0,22.32,1582.0,126.32,Hyundai,15,2
2019,320000.0,10000.0,Petrol,Individual,Manual,First Owner,5.0,25.17,799.0,53.3,Renault,7,1
2019,1650000.0,25000.0,Diesel,Individual,Automatic,Second Owner,7.0,15.1,2179.0,152.87,Mahindra,7,2
2016,320000.0,50000.0,Petrol,Individual,Manual,First Owner,5.0,23.95,998.0,67.05,Maruti,10,1
2012,400000.0,129000.0,Diesel,Individual,Manual,First Owner,5.0,19.3,1248.0,73.9,Maruti,14,1
2015,900000.0,100000.0,Diesel,Individual,Automatic,Second Owner,7.0,16.0,2179.0,140.0,Mahindra,11,2
2018,310000.0,30000.0,Petrol,Individual,Manual,First Owner,5.0,24.7,796.0,47.3,Maruti,8,1
2018,595000.0,28000.0,Petrol,Individual,Manual,Second Owner,5.0,17.0,1198.0,108.5,Tata,8,2
2017,800000.0,60000.0,Diesel,Individual,Manual,First Owner,5.0,23.65,1248.0,88.5,Maruti,9,1
2013,350000.0,70000.0,Petrol,Individual,Manual,First Owner,5.0,13.87,1598.0,86.0,Mahindra,13,1
2013,275000.0,110000.0,Diesel,Individual,Manual,First Owner,5.0,19.1,1405.0,70.0,Tata,13,1
2019,420000.0,10000.0,Petrol,Individual,Manual,First Owner,5.0,15.37,1196.0,73.0,Maruti,7,1
2008,250000.0,110000.0,Diesel,Individual,Manual,Second Owner,5.0,18.1,1493.0,110.0,Hyundai,18,2
2007,250000.0,100000.0,Diesel,Individual,Manual,Second Owner,5.0,17.8,1248.0,75.0,Maruti,19,2
2008,290000.0,120000.0,Diesel,Individual,Manual,Second Owner,8.0,12.05,2179.0,120.0,Mahindra,18,2
2016,525000.0,60000.0,Petrol,Individual,Automatic,First Owner,5.0,16.9,1197.0,82.0,Hyundai,10,1
2008,250000.0,110000.0,Diesel,Individual,Manual,Third Owner,7.0,10.5,2609.0,120.0,Mahindra,18,3
2007,90000.0,64000.0,Petrol,Individual,Manual,First Owner,5.0,19.3,1248.0,82.0,Hyundai,19,1
2017,430000.0,10000.0,Petrol,Individual,Manual,First Owner,5.0,23.1,998.0,67.04,Maruti,9,1
2017,630000.0,35000.0,Petrol,Individual,Manual,First Owner,5.0,21.4,1197.0,83.1,Maruti,9,1
2018,550000.0,23000.0,Petrol,Individual,Manual,First Owner,5.0,20.3,1199.0,84.0,Tata,8,1
2019,630000.0,15000.0,Diesel,Individual,Manual,Second Owner,5.0,28.4,1248.0,74.0,Maruti,7,2
2018,850000.0,20000.0,Diesel,Individual,Manual,First Owner,9.0,18.49,2179.0,120.0,Mahindra,8,1
2011,455000.0,90000.0,Diesel,Individual,Manual,First Owner,7.0,13.6,2523.0,63.0,Mahindra,15,1
2011,445000.0,90000.0,Diesel,Individual,Manual,First Owner,7.0,13.6,2523.0,63.0,Mahindra,15,1
2013,370000.0,80000.0,Diesel,Individual,Manual,First Owner,5.0,21.9,1396.0,88.76,Hyundai,13,1
2016,500000.0,50000.0,Petrol,Individual,Manual,First Owner,5.0,18.9,1197.0,82.0,Hyundai,10,1
2005,95000.0,50000.0,Diesel,Individual,Manual,Second Owner,5.0,19.3,1248.0,82.0,Tata,21,2
2012,140000.0,185000.0,Diesel,Individual,Manual,Second Owner,5.0,19.4,1405.0,70.0,Tata,14,2
2019,550000.0,40000.0,Petrol,Individual,Manual,First Owner,5.0,21.21,1197.0,81.8,Maruti,7,1
2017,300000.0,30000.0,Petrol,Individual,Manual,First Owner,5.0,23.01,999.0,67.0,Renault,9,1
2011,150000.0,120000.0,Diesel,Individual,Manual,First Owner,5.0,23.03,1396.0,69.0,Tata,15,1
2011,229999.0,225000.0,Petrol,Individual,Manual,Second Owner,5.0,18.9,998.0,67.1,Maruti,15,2
2017,880000.0,46000.0,Diesel,Individual,Manual,First Owner,7.0,15.4,2179.0,120.0,Mahindra,9,1
2011,900000.0,120000.0,Diesel,Individual,Manual,First Owner,7.0,11.5,2982.0,171.0,Toyota,15,1
2015,720000.0,80000.0,Diesel,Individual,Manual,First Owner,9.0,15.4,2523.0,75.0,Mahindra,11,1
2016,550000.0,90000.0,Diesel,Individual,Manual,Second Owner,5.0,22.54,1396.0,88.73,Hyundai,10,2
2015,720000.0,90000.0,Diesel,Individual,Manual,First Owner,9.0,15.4,2523.0,75.0,Mahindra,11,1
2006,70000.0,80000.0,Petrol,Individual,Manual,Second Owner,5.0,19.3,1248.0,82.0,Hyundai,20,2
2016,535000.0,70000.0,Diesel,Individual,Manual,First Owner,5.0,25.2,1248.0,74.0,Maruti,10,1
2015,320000.0,91000.0,Diesel,Individual,Manual,Third Owner,5.0,24.4,1120.0,71.0,Hyundai,11,3
2015,500000.0,90000.0,Diesel,Individual,Manual,First Owner,5.0,22.54,1396.0,88.73,Hyundai,11,1
2014,525000.0,110000.0,Diesel,Individual,Manual,Second Owner,7.0,20.77,1248.0,88.76,Maruti,12,2
2019,220000.0,90000.0,Petrol,Individual,Manual,First Owner,5.0,23.01,999.0,67.0,Renault,7,1
2018,350000.0,50000.0,Petrol,Individual,Manual,First Owner,5.0,23.84,1199.0,84.0,Tata,8,1
2016,530000.0,60000.0,Diesel,Individual,Manual,First Owner,7.0,18.49,1493.0,100.0,Mahindra,10,1
2013,215000.0,35000.0,Petrol,Individual,Manual,First Owner,5.0,22.74,796.0,47.3,Maruti,13,1
2012,335000.0,100000.0,Diesel,Individual,Manual,First Owner,5.0,20.54,1598.0,103.6,Volkswagen,14,1
2015,320000.0,90000.0,Diesel,Individual,Manual,Second Owner,5.0,24.4,1120.0,71.0,Hyundai,11,2
2011,135000.0,120000.0,Diesel,Individual,Manual,Second Owner,5.0,20.0,1399.0,68.0,Ford,15,2
2009,175000.0,95000.0,Petrol,Individual,Manual,Second Owner,5.0,19.0,998.0,66.1,Maruti,17,2
2017,800000.0,35000.0,Diesel,Individual,Manual,First Owner,7.0,15.96,2523.0,62.1,Mahindra,9,1
2007,78000.0,38000.0,Petrol,Individual,Manual,Second Owner,5.0,15.3,1193.0,65.3,Tata,19,2
2014,565000.0,56000.0,Petrol,Individual,Manual,Second Owner,5.0,17.4,1497.0,117.3,Honda,12,2
2017,575000.0,50000.0,Diesel,Individual,Manual,First Owner,5.0,22.54,1396.0,88.73,Hyundai,9,1
2014,170000.0,70000.0,Petrol,Individual,Manual,Second Owner,5.0,21.1,814.0,55.2,Hyundai,12,2
2014,250999.0,30000.0,Petrol,Individual,Manual,First Owner,5.0,22.74,796.0,47.3,Maruti,12,1
2015,950000.0,188000.0,Diesel,Individual,Manual,First Owner,7.0,16.0,2179.0,140.0,Mahindra,11,1
2014,650000.0,60000.0,Petrol,Individual,Manual,First Owner,5.0,17.8,1497.0,117.3,Honda,12,1
2013,550000.0,133000.0,Diesel,Individual,Manual,First Owner,7.0,14.0,2179.0,138.1,Tata,13,1
2010,650000.0,160000.0,Diesel,Individual,Manual,First Owner,7.0,12.8,2494.0,102.0,Toyota,16,1
2013,800000.0,150000.0,Diesel,Individual,Manual,Second Owner,7.0,15.1,2179.0,140.0,Mahindra,13,2
2020,250999.0,30000.0,Petrol,Individual,Manual,First Owner,5.0,22.05,796.0,47.3,Maruti,6,1
2013,170000.0,60000.0,Petrol,Individual,Manual,Second Owner,5.0,22.74,796.0,47.3,Maruti,13,2
2013,250000.0,30000.0,Diesel,Individual,Manual,First Owner,5.0,19.09,1396.0,69.0,Tata,13,1
2014,312000.0,80000.0,Petrol,Individual,Manual,First Owner,7.0,13.7,1399.0,98.82,Chevrolet,12,1
2014,250000.0,20000.0,Petrol,Individual,Manual,First Owner,5.0,22.74,796.0,47.3,Maruti,12,1
2013,200000.0,80000.0,Petrol,Individual,Manual,First Owner,5.0,21.1,814.0,55.2,Hyundai,13,1
2016,670000.0,73000.0,Diesel,Individual,Manual,First Owner,7.0,15.4,2523.0,75.0,Mahindra,10,1
2017,270000.0,50000.0,Petrol,Individual,Manual,First Owner,5.0,21.1,814.0,55.2,Hyundai,9,1
2012,360000.0,200000.0,Diesel,Individual,Manual,First Owner,7.0,15.96,2523.0,62.1,Mahindra,14,1
2018,630000.0,46000.0,Diesel,Individual,Manual,First Owner,5.0,28.4,1248.0,74.0,Maruti,8,1
2003,55599.0,36088.0,Petrol,Individual,Manual,First Owner,4.0,16.1,796.0,37.0,Maruti,23,1
2018,400000.0,50000.0,Diesel,Individual,Manual,First Owner,8.0,23.5,909.0,45.0,Mahindra,8,1
2014,420000.0,50000.0,Diesel,Individual,Manual,First Owner,5.0,22.54,1396.0,88.73,Hyundai,12,1
2018,764000.0,25000.0,Petrol,Individual,Manual,First Owner,5.0,20.73,1373.0,91.1,Maruti,8,1
2019,710000.0,30000.0,Diesel,Individual,Manual,First Owner,7.0,15.96,2523.0,62.1,Mahindra,7,1
2018,1575000.0,30000.0,Diesel,Individual,Manual,First Owner,7.0,17.6,2179.0,153.86,Tata,8,1
2018,1050000.0,13000.0,Diesel,Individual,Manual,First Owner,7.0,17.0,2200.0,139.01,Force,8,1
2019,1000000.0,15000.0,Petrol,Individual,Manual,First Owner,6.0,19.01,1462.0,103.2,Maruti,7,1
2017,650000.0,44000.0,Diesel,Dealer,Manual,First Owner,5.0,23.65,1248.0,88.5,Maruti,9,1
2015,600000.0,63000.0,Diesel,Individual,Manual,First Owner,5.0,22.77,1498.0,98.59,Ford,11,1
2016,509999.0,110000.0,Diesel,Individual,Manual,First Owner,7.0,18.49,1493.0,100.0,Mahindra,10,1
2017,610000.0,14000.0,Petrol,Individual,Manual,First Owner,5.0,19.1,1197.0,82.0,Hyundai,9,1
2017,310000.0,35000.0,Petrol,Individual,Manual,First Owner,5.0,24.7,796.0,47.3,Maruti,9,1
2016,720000.0,35000.0,Diesel,Individual,Manual,First Owner,7.0,15.96,2523.0,62.1,Mahindra,10,1
2012,158000.0,110000.0,Diesel,Individual,Manual,Second Owner,5.0,19.09,1396.0,69.0,Tata,14,2
2011,175000.0,85700.0,Diesel,Individual,Manual,Second Owner,5.0,17.0,1405.0,70.0,Tata,15,2
2010,217000.0,120000.0,Diesel,Individual,Manual,First Owner,5.0,21.1,1248.0,73.9,Maruti,16,1
2013,484999.0,50000.0,Diesel,Individual,Manual,First Owner,5.0,25.8,1498.0,98.6,Honda,13,1
2012,315000.0,100000.0,Diesel,Individual,Manual,First Owner,5.0,19.3,1248.0,82.0,Toyota,14,1
2016,550000.0,35000.0,Diesel,Individual,Manual,First Owner,5.0,24.4,1120.0,71.0,Hyundai,10,1
2012,280000.0,70000.0,Petrol,Individual,Manual,Second Owner,5.0,18.6,1197.0,85.8,Maruti,14,2
2013,350000.0,90000.0,Petrol,Individual,Manual,First Owner,5.0,14.09,1596.0,99.6,Ford,13,1
2017,1150000.0,42000.0,Diesel,Individual,Manual,Second Owner,7.0,16.0,2179.0,140.0,Mahindra,9,2
2016,420000.0,30000.0,Petrol,Individual,Manual,Second Owner,5.0,18.9,1197.0,82.0,Hyundai,10,2
2017,810000.0,80000.0,Petrol,Individual,Manual,First Owner,5.0,20.73,1373.0,91.1,Maruti,9,1
2011,290000.0,90000.0,Petrol,Individual,Manual,Third Owner,5.0,17.0,1197.0,80.0,Hyundai,15,3
2012,180000.0,60000.0,Petrol,Individual,Manual,First Owner,5.0,18.6,1199.0,79.4,Chevrolet,14,1
2010,160000.0,162000.0,Petrol,Individual,Manual,First Owner,5.0,15.37,1196.0,73.0,Maruti,16,1
2017,66000.0,70000.0,Petrol,Individual,Manual,Third Owner,4.0,23.9,624.0,37.48,Tata,9,3
2015,369000.0,20000.0,Petrol,Individual,Manual,Second Owner,5.0,20.51,998.0,67.04,Maruti,11,2
2012,300000.0,80000.0,Diesel,Individual,Manual,Second Owner,7.0,13.93,2179.0,138.1,Tata,14,2
2008,350000.0,90000.0,Diesel,Individual,Manual,First Owner,7.0,13.6,2523.0,63.0,Mahindra,18,1
2008,220000.0,120000.0,Petrol,Individual,Automatic,Second Owner,5.0,19.2,1197.0,80.0,Hyundai,18,2
2005,160000.0,220000.0,Diesel,Individual,Manual,First Owner,10.0,14.8,2499.0,80.0,Chevrolet,21,1
2009,221000.0,100000.0,Diesel,Individual,Manual,Second Owner,5.0,17.8,1248.0,75.0,Maruti,17,2
2017,400000.0,35000.0,Petrol,Individual,Manual,First Owner,5.0,17.57,1193.0,88.7,Tata,9,1
2004,250000.0,120000.0,Petrol,Individual,Manual,Second Owner,5.0,13.4,2362.0,164.7,Toyota,22,2
2011,390000.0,120000.0,Diesel,Individual,Manual,Fourth & Above Owner,7.0,13.6,2523.0,63.0,Mahindra,15,4
2012,190000.0,110000.0,Petrol,Individual,Manual,First Owner,5.0,15.37,1196.0,73.0,Maruti,14,1
2017,300000.0,60000.0,Petrol,Individual,Manual,First Owner,5.0,25.17,799.0,53.3,Renault,9,1
2017,750000.0,27000.0,Diesel,Individual,Manual,First Owner,5.0,22.54,1396.0,88.73,Hyundai,9,1
2016,650000.0,50000.0,Diesel,Individual,Manual,First Owner,5.0,26.59,1248.0,74.0,Maruti,10,1
2018,635000.0,40000.0,Petrol,Individual,Manual,First Owner,5.0,17.8,1198.0,86.7,Honda,8,1
2013,520000.0,88000.0,Diesel,Individual,Manual,Second Owner,5.0,22.32,1582.0,126.32,Hyundai,13,2
2020,1500000.0,50000.0,Diesel,Individual,Manual,First Owner,7.0,16.36,2179.0,140.0,Mahindra,6,1
2012,415000.0,80000.0,Diesel,Individual,Manual,Second Owner,5.0,22.32,1582.0,126.32,Hyundai,14,2
2019,700000.0,60000.0,Diesel,Individual,Manual,First Owner,5.0,22.54,1396.0,88.76,Hyundai,7,1
2017,484999.0,26000.0,Petrol,Individual,Manual,Second Owner,5.0,21.21,1197.0,81.8,Maruti,9,2
2007,120000.0,80000.0,Petrol,Individual,Manual,Second Owner,5.0,16.6,1388.0,68.0,Ford,19,2
2014,220000.0,60000.0,Petrol,Individual,Manual,Second Owner,5.0,21.1,814.0,55.2,Hyundai,12,2
2014,320000.0,80000.0,Petrol,Individual,Manual,Second Owner,5.0,20.36,1197.0,78.9,Hyundai,12,2
2011,375000.0,90000.0,Diesel,Individual,Manual,Second Owner,5.0,22.9,1248.0,74.0,Maruti,15,2
2012,440000.0,80000.0,Diesel,Individual,Manual,Second Owner,5.0,22.32,1582.0,126.32,Hyundai,14,2
2019,550000.0,15000.0,Petrol,Individual,Automatic,First Owner,5.0,18.9,1197.0,81.86,Hyundai,7,1
2017,640000.0,35000.0,Diesel,Individual,Manual,Second Owner,5.0,25.2,1248.0,74.0,Maruti,9,2
2014,420000.0,120000.0,Diesel,Individual,Manual,First Owner,5.0,23.59,1364.0,67.04,Toyota,12,1
2016,330000.0,63000.0,Diesel,Individual,Manual,Third Owner,5.0,24.0,1120.0,70.0,Hyundai,10,3
2019,800000.0,25000.0,Diesel,Individual,Manual,First Owner,5.0,21.66,1498.0,108.62,Volkswagen,7,1
2011,240000.0,64500.0,Petrol,Individual,Manual,First Owner,5.0,18.9,998.0,67.1,Maruti,15,1
2016,360000.0,100000.0,Diesel,Individual,Manual,Second Owner,6.0,25.32,1198.0,77.0,Mahindra,10,2
2017,750000.0,40000.0,Diesel,Individual,Manual,First Owner,5.0,23.9,1582.0,126.2,Hyundai,9,1
2017,570000.0,15000.0,Petrol,Individual,Manual,Second Owner,5.0,18.6,1197.0,81.83,Hyundai,9,2
2015,450000.0,25000.0,Diesel,Individual,Manual,First Owner,5.0,23.59,1364.0,67.04,Toyota,11,1
2016,270000.0,82000.0,Petrol,Individual,Manual,Third Owner,5.0,18.5,1197.0,85.8,Maruti,10,3
2012,459999.0,87000.0,Diesel,Individual,Manual,First Owner,7.0,20.77,1248.0,88.76,Maruti,14,1
2015,240000.0,80000.0,Petrol,Individual,Manual,Second Owner,5.0,23.95,998.0,67.05,Maruti,11,2
2012,320000.0,110000.0,Diesel,Individual,Manual,Third Owner,5.0,19.01,1461.0,108.45,Renault,14,3
2011,149000.0,148000.0,Diesel,Individual,Manual,Second Owner,5.0,21.12,1248.0,88.8,Tata,15,2
2018,1500000.0,40000.0,Diesel,Individual,Manual,First Owner,7.0,16.36,2179.0,140.0,Mahindra,8,1
2011,180000.0,70000.0,Petrol,Individual,Manual,First Owner,5.0,16.36,1495.0,93.7,Hyundai,15,1
2012,185000.0,70000.0,LPG,Individual,Manual,Second Owner,5.0,13.45,1086.0,62.1,Hyundai,14,2
2008,65000.0,40000.0,Petrol,Individual,Manual,Second Owner,4.0,16.1,796.0,37.0,Maruti,18,2
2010,130000.0,120000.0,Diesel,Individual,Manual,First Owner,5.0,17.0,1405.0,70.0,Tata,16,1
2012,330000.0,60000.0,Diesel,Individual,Manual,First Owner,5.0,17.8,1399.0,67.0,Ford,14,1
2011,190000.0,90000.0,Diesel,Dealer,Manual,First Owner,5.0,18.8,1248.0,90.0,Tata,15,1
2014,501000.0,68000.0,Diesel,Dealer,Manual,First Owner,5.0,22.9,1248.0,74.0,Maruti,12,1
2017,600000.0,24500.0,Diesel,Dealer,Manual,First Owner,5.0,25.8,1498.0,98.6,Honda,9,1
2012,570000.0,77000.0,Diesel,Dealer,Manual,Second Owner,7.0,15.1,2179.0,140.0,Mahindra,14,2
2015,450000.0,85000.0,Diesel,Dealer,Manual,First Owner,5.0,25.8,1498.0,98.6,Honda,11,1
2011,285000.0,45500.0,Petrol,Dealer,Manual,First Owner,5.0,16.78,1496.0,88.73,Toyota,15,1
2014,490000.0,67000.0,Diesel,Dealer,Manual,First Owner,5.0,28.4,1248.0,74.0,Maruti,12,1
2014,500000.0,77000.0,Diesel,Dealer,Manual,First Owner,5.0,28.4,1248.0,74.0,Maruti,12,1
2016,275000.0,47000.0,Petrol,Dealer,Manual,First Owner,5.0,21.1,814.0,55.2,Hyundai,10,1
2017,440000.0,57000.0,Petrol,Dealer,Manual,First Owner,5.0,23.84,1199.0,84.48,Tata,9,1
2018,825000.0,71500.0,Diesel,Dealer,Manual,First Owner,5.0,22.54,1396.0,88.73,Hyundai,8,1
2012,411000.0,110000.0,Diesel,Dealer,Manual,First Owner,5.0,23.59,1364.0,67.04,Toyota,14,1
2013,470000.0,82000.0,Diesel,Dealer,Manual,Second Owner,5.0,26.59,1248.0,74.0,Maruti,13,2
2013,445000.0,70000.0,Diesel,Dealer,Manual,Second Owner,5.0,28.4,1248.0,74.0,Maruti,13,2
2017,752000.0,28000.0,Diesel,Dealer,Manual,First Owner,5.0,27.39,1248.0,74.0,Maruti,9,1
2016,650000.0,125000.0,Diesel,Dealer,Manual,Second Owner,5.0,21.14,1498.0,103.52,Skoda,10,2
2013,450000.0,67000.0,Diesel,Dealer,Manual,Second Owner,5.0,28.4,1248.0,74.0,Maruti,13,2
2011,350000.0,93500.0,Petrol,Dealer,Manual,Third Owner,5.0,17.0,1497.0,118.0,Honda,15,3
2012,511000.0,8500.0,Petrol,Dealer,Manual,First Owner,5.0,22.0,1197.0,81.8,Maruti,14,1
2016,700000.0,80000.0,Diesel,Dealer,Manual,First Owner,5.0,27.39,1248.0,74.0,Maruti,10,1
2016,1800000.0,30000.0,Diesel,Individual,Automatic,First Owner,7.0,11.36,2755.0,171.5,Toyota,10,1
2018,550000.0,14200.0,Petrol,Individual,Manual,First Owner,5.0,18.16,1196.0,86.8,Ford,8,1
2007,142000.0,97000.0,Petrol,Individual,Manual,First Owner,5.0,16.6,1388.0,68.0,Ford,19,1
2012,725000.0,90000.0,Diesel,Individual,Manual,First Owner,7.0,13.93,2179.0,138.0,Tata,14,1
2017,630000.0,30000.0,Petrol,Individual,Manual,First Owner,5.0,18.6,1197.0,81.83,Hyundai,9,1
2015,480000.0,50000.0,Petrol,Individual,Manual,First Owner,5.0,18.6,1197.0,81.83,Hyundai,11,1
2016,330000.0,30000.0,Petrol,Individual,Manual,First Owner,5.0,23.95,998.0,67.05,Maruti,10,1
2017,500000.0,20000.0,Petrol,Individual,Manual,First Owner,8.0,11.96,1298.0,80.0,Maruti,9,1
2012,300000.0,60300.0,Diesel,Individual,Manual,First Owner,5.0,22.07,1199.0,73.9,Volkswagen,14,1
2015,400000.0,35000.0,Diesel,Individual,Manual,First Owner,5.0,23.0,1248.0,88.7,Tata,11,1
2011,320000.0,80000.0,Diesel,Individual,Manual,First Owner,7.0,13.93,2179.0,138.03,Tata,15,1
2008,180000.0,44391.0,Petrol,Individual,Manual,Second Owner,5.0,19.81,1086.0,68.05,Hyundai,18,2
2016,530000.0,58000.0,Diesel,Individual,Manual,First Owner,5.0,27.39,1248.0,74.0,Maruti,10,1
2015,600000.0,40000.0,Diesel,Individual,Manual,First Owner,7.0,15.96,2523.0,62.1,Mahindra,11,1
2017,780000.0,66000.0,Diesel,Individual,Manual,Second Owner,7.0,24.52,1248.0,88.5,Maruti,9,2
2016,700000.0,110000.0,Diesel,Individual,Manual,First Owner,5.0,26.0,1498.0,98.6,Honda,10,1
2013,175000.0,56315.0,Diesel,Individual,Manual,First Owner,5.0,25.44,936.0,57.6,Chevrolet,13,1
2017,735000.0,70000.0,Diesel,Individual,Manual,First Owner,7.0,16.5,1493.0,70.0,Mahindra,9,1
2013,325000.0,120000.0,Diesel,Individual,Manual,First Owner,5.0,23.59,1364.0,67.06,Toyota,13,1
2006,225000.0,100000.0,Diesel,Individual,Manual,First Owner,10.0,14.8,2499.0,80.0,Chevrolet,20,1
2015,350000.0,90000.0,Diesel,Individual,Manual,Second Owner,5.0,23.0,1248.0,88.7,Tata,11,2
2006,110000.0,120000.0,LPG,Individual,Manual,Third Owner,5.0,17.3,1061.0,57.5,Maruti,20,3
2007,85000.0,160000.0,Petrol,Individual,Manual,Fourth & Above Owner,5.0,18.2,998.0,67.1,Maruti,19,4
2006,150000.0,100000.0,Petrol,Individual,Manual,Fourth & Above Owner,5.0,13.4,1794.0,125.0,Toyota,20,4
2009,225000.0,120000.0,Diesel,Individual,Manual,Third Owner,5.0,19.3,1248.0,73.9,Maruti,17,3
2010,111000.0,100000.0,Diesel,Individual,Manual,Second Owner,5.0,18.0,1248.0,75.0,Tata,16,2
2007,150000.0,70000.0,Petrol,Individual,Manual,Third Owner,5.0,18.9,1061.0,67.0,Maruti,19,3
2017,300000.0,15151.0,Petrol,Individual,Manual,Second Owner,5.0,21.1,814.0,55.2,Hyundai,9,2
2015,630000.0,60000.0,Diesel,Individual,Manual,First Owner,7.0,15.4,1997.0,120.0,Mahindra,11,1
2011,206000.0,100000.0,Petrol,Individual,Manual,First Owner,5.0,19.81,1086.0,68.05,Hyundai,15,1
2006,70000.0,110000.0,Petrol,Individual,Manual,Fourth & Above Owner,5.0,18.9,998.0,67.1,Maruti,20,4
2019,567000.0,7000.0,Petrol,Individual,Automatic,First Owner,5.0,18.9,1197.0,81.86,Hyundai,7,1
2005,65000.0,35000.0,Petrol,Individual,Manual,First Owner,5.0,18.9,998.0,67.1,Maruti,21,1
2016,550000.0,60000.0,Diesel,Individual,Manual,Second Owner,5.0,26.59,1248.0,74.0,Maruti,10,2
2010,140000.0,70000.0,Petrol,Individual,Manual,Fourth & Above Owner,5.0,20.36,1197.0,78.9,Hyundai,16,4
2016,300000.0,30000.0,Petrol,Individual,Manual,First Owner,5.0,25.17,799.0,53.3,Renault,10,1
2013,500000.0,70000.0,Petrol,Individual,Manual,Second Owner,5.0,15.85,1499.0,110.4,Ford,13,2
2015,400000.0,128000.0,Petrol,Individual,Manual,First Owner,5.0,18.9,1197.0,82.0,Hyundai,11,1
2011,340000.0,160000.0,Diesel,Individual,Manual,Second Owner,5.0,19.3,1248.0,82.0,Maruti,15,2
2012,850000.0,120000.0,Diesel,Individual,Manual,Second Owner,8.0,12.8,2494.0,102.0,Toyota,14,2
2014,570000.0,15000.0,Diesel,Individual,Manual,First Owner,5.0,25.2,1248.0,74.0,Maruti,12,1
2017,699000.0,60000.0,Diesel,Individual,Manual,First Owner,5.0,28.4,1248.0,74.02,Maruti,9,1
2013,355000.0,80000.0,Petrol,Individual,Manual,First Owner,5.0,19.4,1198.0,86.8,Honda,13,1
2016,690000.0,80000.0,Diesel,Individual,Manual,First Owner,5.0,26.59,1248.0,74.0,Maruti,10,1
2006,180000.0,114321.0,Diesel,Individual,Manual,Second Owner,5.0,17.8,1399.0,68.0,Ford,20,2
2013,200000.0,120000.0,Diesel,Individual,Manual,First Owner,5.0,19.4,1405.0,70.0,Tata,13,1
2012,575000.0,120000.0,Diesel,Individual,Manual,Second Owner,8.0,12.05,2179.0,120.0,Mahindra,14,2
2014,415000.0,146000.0,Diesel,Individual,Manual,First Owner,5.0,23.59,1364.0,67.06,Toyota,12,1
2012,350000.0,30000.0,LPG,Individual,Manual,First Owner,5.0,19.2,1086.0,68.05,Hyundai,14,1
2017,350000.0,20000.0,Petrol,Individual,Manual,First Owner,5.0,21.1,814.0,55.2,Hyundai,9,1
2017,632000.0,150000.0,Diesel,Individual,Manual,First Owner,5.0,23.59,1364.0,67.05,Toyota,9,1
2014,325000.0,70000.0,CNG,Individual,Manual,Second Owner,5.0,21.94,1196.0,61.7,Maruti,12,2
2013,511000.0,90000.0,Petrol,Individual,Manual,Second Owner,5.0,16.3,1797.0,147.5,Hyundai,13,2
2010,300000.0,100000.0,Petrol,Individual,Manual,Third Owner,5.0,17.0,1497.0,118.0,Honda,16,3
2005,70000.0,188000.0,Petrol,Individual,Manual,Fourth & Above Owner,5.0,18.9,998.0,67.1,Maruti,21,4
2008,180000.0,100000.0,Petrol,Individual,Manual,Third Owner,5.0,19.81,1086.0,68.05,Hyundai,18,3
2017,2711000.0,9000.0,Diesel,Dealer,Automatic,First Owner,5.0,13.6,1999.0,177.0,Jaguar,9,1
2019,5150000.0,20000.0,Petrol,Dealer,Automatic,First Owner,5.0,22.37,2487.0,214.56,Lexus,7,1
2017,3200000.0,45000.0,Diesel,Dealer,Automatic,First Owner,5.0,19.33,1999.0,177.0,Jaguar,9,1
2015,503000.0,110000.0,Diesel,Individual,Manual,First Owner,7.0,14.1,2179.0,147.94,Tata,11,1
2019,3800000.0,20000.0,Diesel,Individual,Automatic,First Owner,5.0,18.0,1969.0,190.0,Volvo,7,1
2016,2000000.0,68089.0,Petrol,Trustmark Dealer,Automatic,First Owner,5.0,19.16,2494.0,157.7,Toyota,10,1
2013,225000.0,58343.0,Petrol,Trustmark Dealer,Manual,First Owner,5.0,21.79,998.0,67.05,Maruti,13,1
2018,740000.0,38817.0,Diesel,Dealer,Manual,First Owner,5.0,27.39,1248.0,74.0,Maruti,8,1
2016,550000.0,56494.0,Petrol,Trustmark Dealer,Manual,First Owner,5.0,18.2,1199.0,88.7,Honda,10,1
2013,750000.0,79328.0,Diesel,Trustmark Dealer,Manual,Second Owner,7.0,12.99,2494.0,100.6,Toyota,13,2
2019,650000.0,5621.0,Petrol,Trustmark Dealer,Automatic,First Owner,5.0,22.0,1197.0,81.8,Maruti,7,1
2017,625000.0,25538.0,Petrol,Trustmark Dealer,Manual,First Owner,5.0,16.78,1496.0,88.73,Toyota,9,1
2018,600000.0,69779.0,Petrol,Dealer,Automatic,First Owner,5.0,22.0,1197.0,81.8,Maruti,8,1
2017,450000.0,56290.0,Diesel,Dealer,Manual,First Owner,5.0,24.0,1186.0,73.97,Hyundai,9,1
2019,5200000.0,7500.0,Diesel,Dealer,Automatic,First Owner,5.0,16.78,1995.0,190.0,Bmw,7,1
2019,5200000.0,8500.0,Diesel,Dealer,Automatic,First Owner,5.0,16.78,1995.0,190.0,Bmw,7,1
2019,779000.0,7032.0,Petrol,Trustmark Dealer,Automatic,First Owner,5.0,19.0,1199.0,88.76,Honda,7,1
2016,645000.0,11000.0,Petrol,Dealer,Automatic,First Owner,5.0,14.3,1598.0,103.5,Skoda,10,1
2018,2475000.0,2000.0,Diesel,Dealer,Automatic,First Owner,5.0,16.8,1984.0,150.0,Volvo,8,1
2017,730000.0,37333.0,Petrol,Individual,Manual,First Owner,5.0,18.6,1197.0,81.83,Hyundai,9,1
2014,450000.0,15000.0,Diesel,Individual,Manual,Second Owner,7.0,20.77,1248.0,88.76,Maruti,12,2
2012,550000.0,225000.0,Petrol,Individual,Manual,Second Owner,5.0,13.44,2359.0,198.25,Hyundai,14,2
2017,420000.0,60000.0,CNG,Individual,Manual,First Owner,5.0,26.6,998.0,58.16,Maruti,9,1
2016,509999.0,80000.0,Diesel,Individual,Manual,Second Owner,5.0,23.59,1364.0,67.05,Toyota,10,2
2015,905000.0,110000.0,Diesel,Individual,Manual,First Owner,7.0,12.99,2494.0,100.6,Toyota,11,1
2010,240000.0,134000.0,Diesel,Individual,Manual,Second Owner,5.0,19.3,1248.0,82.0,Maruti,16,2
2011,140000.0,72000.0,Petrol,Individual,Manual,Second Owner,5.0,19.7,796.0,46.3,Maruti,15,2
2006,300000.0,140000.0,Diesel,Individual,Manual,Second Owner,8.0,12.8,2494.0,102.0,Toyota,20,2
2015,300000.0,80000.0,Petrol,Individual,Manual,Second Owner,5.0,18.5,1197.0,85.8,Maruti,11,2
2010,225000.0,120000.0,Diesel,Individual,Manual,Second Owner,5.0,19.3,1248.0,73.9,Maruti,16,2
2015,860000.0,90000.0,Diesel,Individual,Manual,Second Owner,8.0,12.99,2494.0,100.6,Toyota,11,2
2012,400000.0,100000.0,Diesel,Individual,Manual,Second Owner,5.0,20.46,1461.0,83.8,Renault,14,2
2009,190000.0,90000.0,Petrol,Individual,Manual,Third Owner,5.0,17.5,1298.0,85.8,Maruti,17,3
2013,350000.0,140000.0,Diesel,Individual,Manual,Third Owner,5.0,25.8,1498.0,98.6,Honda,13,3
2010,75000.0,120000.0,Petrol,Individual,Manual,First Owner,5.0,18.0,995.0,62.0,Chevrolet,16,1
2019,860000.0,35000.0,Diesel,Individual,Automatic,First Owner,5.0,24.3,1248.0,88.5,Maruti,7,1
2014,250000.0,50000.0,Petrol,Individual,Manual,Second Owner,5.0,23.95,998.0,67.05,Maruti,12,2
2017,700000.0,82000.0,Diesel,Individual,Manual,First Owner,5.0,24.8,1396.0,88.7,Hyundai,9,1
2014,399000.0,70000.0,Diesel,Individual,Manual,Third Owner,5.0,25.2,1248.0,74.0,Maruti,12,3
2016,320000.0,90000.0,Petrol,Individual,Manual,First Owner,5.0,18.5,1197.0,85.8,Maruti,10,1
2015,2000000.0,60000.0,Diesel,Individual,Automatic,First Owner,7.0,12.55,2982.0,168.5,Toyota,11,1
2014,1100000.0,79000.0,Diesel,Individual,Manual,Second Owner,5.0,20.6,1968.0,141.0,Skoda,12,2
2011,750000.0,225000.0,Diesel,Individual,Manual,Second Owner,7.0,12.8,2494.0,102.0,Toyota,15,2
2010,750000.0,225000.0,Diesel,Individual,Manual,Second Owner,7.0,12.8,2494.0,102.0,Toyota,16,2
2018,530000.0,20000.0,Diesel,Individual,Manual,First Owner,9.0,15.96,2523.0,63.0,Mahindra,8,1
2017,750000.0,53000.0,Diesel,Individual,Manual,First Owner,5.0,28.09,1248.0,88.5,Maruti,9,1
2017,560000.0,21500.0,Petrol,Individual,Automatic,First Owner,5.0,19.34,1198.0,76.0,Nissan,9,1
2017,450000.0,89000.0,Diesel,Individual,Manual,First Owner,5.0,27.28,1047.0,69.0,Tata,9,1
2013,459999.0,35000.0,Petrol,Individual,Manual,Second Owner,5.0,19.1,1197.0,85.8,Maruti,13,2
2013,235000.0,43000.0,Petrol,Individual,Manual,Second Owner,5.0,19.0,998.0,67.1,Maruti,13,2
2009,180000.0,80000.0,Petrol,Individual,Manual,Second Owner,5.0,17.92,1086.0,62.1,Hyundai,17,2
2007,140000.0,80000.0,Petrol,Individual,Manual,Second Owner,5.0,17.8,1086.0,63.0,Hyundai,19,2
2014,620000.0,110000.0,Diesel,Individual,Manual,First Owner,5.0,22.54,1396.0,88.73,Hyundai,12,1
2012,190000.0,100000.0,Petrol,Individual,Manual,First Owner,5.0,21.1,814.0,55.2,Hyundai,14,1
2018,380000.0,25000.0,Petrol,Individual,Manual,First Owner,5.0,21.1,814.0,55.2,Hyundai,8,1
2019,1145000.0,20000.0,Diesel,Individual,Manual,First Owner,5.0,23.0,1498.0,98.96,Ford,7,1
2017,540000.0,70000.0,Diesel,Individual,Manual,First Owner,5.0,22.95,1248.0,74.0,Tata,9,1
2011,800000.0,197000.0,Diesel,Individual,Manual,First Owner,7.0,12.8,2494.0,102.0,Toyota,15,1
2006,150000.0,100000.0,Petrol,Individual,Manual,Second Owner,5.0,14.0,1061.0,64.0,Maruti,20,2
1995,55000.0,70000.0,Petrol,Individual,Manual,First Owner,4.0,16.1,796.0,37.0,Maruti,31,1
2015,919999.0,140000.0,Diesel,Individual,Manual,First Owner,7.0,16.0,2179.0,140.0,Mahindra,11,1
2008,75000.0,86000.0,Petrol,Individual,Manual,Second Owner,5.0,19.3,1248.0,82.0,Maruti,18,2
2009,135000.0,50000.0,Petrol,Individual,Manual,First Owner,5.0,19.7,796.0,46.3,Maruti,17,1
2017,340000.0,40300.0,Petrol,Individual,Manual,First Owner,5.0,23.84,1199.0,84.0,Tata,9,1
2010,525000.0,120000.0,Diesel,Individual,Manual,Second Owner,8.0,12.8,2494.0,102.0,Toyota,16,2
2016,411000.0,25000.0,Petrol,Individual,Manual,Second Owner,5.0,23.1,998.0,67.04,Maruti,10,2
2010,150000.0,155000.0,Petrol,Individual,Manual,Third Owner,5.0,18.9,998.0,67.1,Maruti,16,3
2015,575000.0,50000.0,Petrol,Individual,Automatic,First Owner,5.0,19.0,1199.0,88.7,Honda,11,1
2017,595000.0,30030.0,Petrol,Dealer,Manual,First Owner,5.0,18.6,1197.0,81.83,Hyundai,9,1
2017,525000.0,29029.0,Petrol,Dealer,Manual,First Owner,5.0,19.1,1197.0,82.0,Hyundai,9,1
2012,335000.0,72072.0,Diesel,Dealer,Manual,First Owner,5.0,21.1,1248.0,73.9,Maruti,14,1
2012,300000.0,54000.0,Diesel,Individual,Manual,First Owner,5.0,20.0,1399.0,68.0,Ford,14,1
2012,415000.0,82082.0,Diesel,Dealer,Manual,First Owner,5.0,22.54,1396.0,88.73,Hyundai,14,1
2016,925000.0,48000.0,Diesel,Individual,Manual,Second Owner,7.0,16.0,2179.0,140.0,Mahindra,10,2
2016,750000.0,20000.0,Petrol,Individual,Manual,First Owner,7.0,17.5,1373.0,91.1,Maruti,10,1
2018,1150000.0,49000.0,Diesel,Individual,Automatic,First Owner,5.0,22.0,1582.0,126.2,Hyundai,8,1
2015,260000.0,35000.0,Petrol,Individual,Manual,Third Owner,7.0,19.44,1198.0,67.0,Datsun,11,3
2017,260000.0,67000.0,CNG,Individual,Manual,First Owner,4.0,33.44,796.0,40.3,Maruti,9,1
2011,347000.0,80600.0,Diesel,Individual,Manual,First Owner,5.0,19.3,1248.0,73.9,Maruti,15,1
2013,195000.0,58609.0,Petrol,Individual,Manual,Second Owner,5.0,21.1,814.0,55.2,Hyundai,13,2
2016,265000.0,33003.0,Petrol,Individual,Manual,First Owner,5.0,15.7,1172.0,67.0,Fiat,10,1
2016,320000.0,43000.0,CNG,Individual,Manual,Second Owner,5.0,26.6,998.0,58.16,Maruti,10,2
2016,590000.0,16500.0,Petrol,Individual,Manual,First Owner,5.0,18.6,1197.0,81.83,Hyundai,10,1
2012,650000.0,138000.0,Diesel,Individual,Manual,Second Owner,8.0,12.8,2494.0,102.0,Toyota,14,2
2013,509999.0,165500.0,Diesel,Individual,Manual,Second Owner,9.0,14.0,2523.0,75.0,Mahindra,13,2
2011,350000.0,120000.0,Diesel,Individual,Manual,Second Owner,5.0,19.3,1248.0,73.9,Maruti,15,2
2018,749000.0,30000.0,Diesel,Individual,Manual,First Owner,5.0,21.5,1497.0,108.5,Tata,8,1
2010,150000.0,70000.0,Diesel,Individual,Manual,Second Owner,5.0,19.09,1396.0,69.0,Tata,16,2
2001,33983.0,80000.0,Petrol,Individual,Manual,Second Owner,5.0,19.3,1248.0,82.0,Hyundai,25,2
2003,58000.0,170000.0,Petrol,Individual,Manual,Third Owner,5.0,17.3,993.0,60.0,Maruti,23,3
2011,200000.0,120000.0,Diesel,Individual,Manual,Third Owner,5.0,21.0,1461.0,64.1,Mahindra,15,3
1998,210000.0,47990.0,Diesel,Individual,Manual,Second Owner,5.0,19.3,1248.0,82.0,Mahindra,28,2
2014,240000.0,168000.0,Diesel,Individual,Manual,Second Owner,5.0,22.3,1248.0,74.0,Tata,12,2
2017,515000.0,60000.0,Diesel,Individual,Manual,Second Owner,5.0,25.8,1498.0,98.6,Honda,9,2
2008,145000.0,120000.0,Petrol,Individual,Manual,Second Owner,5.0,19.7,796.0,46.3,Maruti,18,2
2016,450000.0,5800.0,Petrol,Individual,Manual,Second Owner,5.0,20.51,998.0,67.04,Maruti,10,2
2010,179000.0,68700.0,Petrol,Individual,Manual,Third Owner,5.0,19.0,998.0,66.1,Maruti,16,3
2007,220000.0,108000.0,Petrol,Individual,Manual,Third Owner,5.0,13.9,1599.0,103.2,Hyundai,19,3
2020,500000.0,40000.0,Petrol,Individual,Manual,First Owner,5.0,17.57,1193.0,88.7,Tata,6,1
2009,190000.0,100000.0,Diesel,Individual,Manual,Second Owner,5.0,17.8,1399.0,67.0,Ford,17,2
2015,200000.0,40000.0,Diesel,Individual,Manual,First Owner,5.0,25.44,936.0,56.3,Chevrolet,11,1
2018,850000.0,90000.0,Petrol,Individual,Manual,First Owner,5.0,17.0,1497.0,121.36,Ford,8,1
2011,270000.0,60000.0,Petrol,Individual,Manual,Second Owner,5.0,16.47,1198.0,73.9,Volkswagen,15,2
2016,335000.0,17000.0,Petrol,Individual,Manual,First Owner,5.0,21.1,814.0,55.2,Hyundai,10,1
2018,459999.0,5000.0,Petrol,Individual,Manual,First Owner,5.0,20.51,998.0,67.04,Maruti,8,1
2017,710000.0,60000.0,Diesel,Individual,Manual,First Owner,5.0,24.3,1248.0,88.5,Maruti,9,1
2015,330000.0,140000.0,Diesel,Individual,Manual,Second Owner,5.0,26.59,1248.0,74.0,Maruti,11,2
2017,1515000.0,15000.0,Diesel,Individual,Manual,First Owner,5.0,17.1,1956.0,170.0,Jeep,9,1
2018,750000.0,25000.0,Petrol,Individual,Manual,First Owner,5.0,17.0,1198.0,108.5,Tata,8,1
2016,160000.0,50000.0,Petrol,Individual,Manual,Second Owner,5.0,16.2,995.0,62.1,Chevrolet,10,2
2016,215000.0,60000.0,Diesel,Individual,Manual,Second Owner,5.0,25.44,936.0,56.3,Chevrolet,10,2
2012,60000.0,40000.0,Petrol,Individual,Manual,Second Owner,4.0,25.4,624.0,38.0,Tata,14,2
2014,480000.0,72000.0,Petrol,Individual,Manual,First Owner,5.0,19.1,1197.0,85.8,Maruti,12,1
2012,140000.0,195000.0,Diesel,Individual,Manual,Second Owner,5.0,21.12,1248.0,88.8,Tata,14,2
2012,200000.0,70000.0,Petrol,Individual,Manual,First Owner,5.0,21.1,814.0,55.2,Hyundai,14,1
2013,400000.0,83000.0,Diesel,Individual,Manual,First Owner,5.0,23.08,1461.0,63.1,Nissan,13,1
2012,180000.0,100000.0,Petrol,Individual,Manual,Second Owner,5.0,21.1,814.0,55.2,Hyundai,14,2
2015,550000.0,25000.0,Petrol,Individual,Manual,First Owner,5.0,20.4,1197.0,81.8,Maruti,11,1
2016,550000.0,50000.0,Diesel,Individual,Manual,First Owner,5.0,25.2,1248.0,74.0,Maruti,10,1
2012,550000.0,67000.0,Diesel,Individual,Manual,First Owner,7.0,20.77,1248.0,88.76,Maruti,14,1
2011,270000.0,30000.0,Petrol,Individual,Manual,First Owner,5.0,19.0,998.0,67.1,Maruti,15,1
2013,315000.0,85000.0,Diesel,Individual,Manual,First Owner,5.0,23.08,1461.0,63.12,Renault,13,1
2018,875000.0,25000.0,Diesel,Individual,Manual,First Owner,6.0,16.55,2498.0,105.0,Mahindra,8,1
2007,400000.0,170000.0,Diesel,Individual,Manual,First Owner,8.0,12.8,2494.0,102.0,Toyota,19,1
2014,540000.0,110000.0,Diesel,Individual,Manual,First Owner,8.0,14.0,2523.0,75.0,Mahindra,12,1
2017,350000.0,60000.0,CNG,Individual,Manual,First Owner,5.0,26.6,998.0,58.16,Maruti,9,1
2011,360000.0,80000.0,Diesel,Individual,Manual,Second Owner,5.0,22.32,1582.0,126.32,Hyundai,15,2
2014,300000.0,31000.0,Petrol,Individual,Manual,First Owner,5.0,20.51,998.0,67.04,Maruti,12,1
2014,350000.0,100000.0,Diesel,Individual,Manual,First Owner,5.0,24.0,1120.0,70.0,Hyundai,12,1
2016,650000.0,130000.0,Diesel,Individual,Manual,First Owner,7.0,17.45,1493.0,100.0,Mahindra,10,1
2016,350000.0,20000.0,Petrol,Individual,Manual,First Owner,5.0,20.51,998.0,67.04,Maruti,10,1
2017,700000.0,60000.0,Diesel,Individual,Manual,First Owner,5.0,22.77,1498.0,98.59,Ford,9,1
2013,415000.0,102996.0,Diesel,Individual,Manual,Second Owner,5.0,23.4,1248.0,74.0,Maruti,13,2
2019,1460000.0,5000.0,Diesel,Individual,Manual,First Owner,7.0,17.3,1497.0,121.0,Mahindra,7,1
2017,830000.0,35000.0,Diesel,Individual,Manual,First Owner,5.0,21.5,1497.0,108.5,Tata,9,1
2018,430000.0,5000.0,Petrol,Individual,Manual,Second Owner,5.0,20.63,1198.0,67.0,Datsun,8,2
2017,850000.0,60000.0,Diesel,Individual,Manual,First Owner,5.0,22.77,1498.0,98.59,Ford,9,1
2017,650000.0,70000.0,Petrol,Individual,Manual,First Owner,5.0,20.85,1197.0,83.14,Maruti,9,1
2008,120000.0,120000.0,Diesel,Individual,Manual,Second Owner,5.0,16.8,1493.0,110.0,Hyundai,18,2
2016,730000.0,65100.0,Diesel,Individual,Manual,Second Owner,7.0,18.49,1493.0,100.0,Mahindra,10,2
2019,525000.0,20000.0,Petrol,Individual,Automatic,First Owner,5.0,20.89,1197.0,81.8,Maruti,7,1
2015,600000.0,108000.0,Diesel,Individual,Manual,First Owner,5.0,21.19,1396.0,88.73,Hyundai,11,1
2019,500000.0,15000.0,Petrol,Individual,Manual,First Owner,5.0,21.21,1197.0,81.8,Maruti,7,1
2009,150000.0,77000.0,Petrol,Individual,Manual,First Owner,5.0,17.92,1086.0,62.1,Hyundai,17,1
2015,409999.0,18500.0,Petrol,Individual,Manual,First Owner,5.0,20.51,998.0,67.04,Maruti,11,1
2016,625000.0,120000.0,Diesel,Individual,Manual,First Owner,7.0,18.49,1493.0,100.0,Mahindra,10,1
2015,290000.0,15200.0,Petrol,Individual,Manual,First Owner,5.0,25.17,799.0,53.3,Renault,11,1
2015,500000.0,35000.0,Petrol,Individual,Manual,First Owner,7.0,17.3,1497.0,117.3,Honda,11,1
2011,475000.0,80000.0,Diesel,Individual,Manual,First Owner,5.0,22.32,1582.0,126.32,Hyundai,15,1
2013,190000.0,70000.0,Petrol,Individual,Manual,First Owner,5.0,21.1,814.0,55.2,Hyundai,13,1
2014,750000.0,80000.0,Diesel,Individual,Manual,Second Owner,7.0,15.1,2179.0,140.0,Mahindra,12,2
2014,525000.0,120000.0,Diesel,Individual,Manual,Second Owner,5.0,19.01,1461.0,108.5,Nissan,12,2
2012,495000.0,82000.0,Diesel,Individual,Manual,Third Owner,5.0,17.3,1998.0,163.7,Chevrolet,14,3
2015,550000.0,60000.0,Diesel,Individual,Manual,First Owner,5.0,22.54,1396.0,88.73,Hyundai,11,1
2012,595000.0,129000.0,Diesel,Individual,Manual,Third Owner,7.0,15.1,2179.0,140.0,Mahindra,14,3
2015,550000.0,67000.0,Diesel,Individual,Manual,First Owner,5.0,21.2,1248.0,75.0,Fiat,11,1
2015,2000000.0,120000.0,Diesel,Individual,Manual,First Owner,7.0,13.0,2494.0,142.0,Toyota,11,1
2010,400000.0,120000.0,Diesel,Individual,Manual,Fourth & Above Owner,7.0,13.93,2179.0,138.03,Tata,16,4
2015,500000.0,96500.0,Diesel,Individual,Manual,First Owner,5.0,20.5,1248.0,91.72,Fiat,11,1
2017,340000.0,52412.0,Petrol,Dealer,Manual,First Owner,5.0,18.9,998.0,67.1,Maruti,9,1
2012,480000.0,85472.0,Diesel,Dealer,Manual,First Owner,8.0,12.05,2179.0,120.0,Mahindra,14,1
2013,480000.0,87452.0,Diesel,Dealer,Manual,Second Owner,5.0,22.77,1498.0,98.59,Ford,13,2
2018,750000.0,17000.0,Diesel,Individual,Manual,First Owner,5.0,23.0,1498.0,98.96,Ford,8,1
2008,100000.0,66530.0,Petrol,Individual,Manual,Second Owner,5.0,18.9,1061.0,67.0,Maruti,18,2
2013,290000.0,40000.0,Petrol,Individual,Manual,First Owner,5.0,18.5,1197.0,82.85,Hyundai,13,1
2015,425000.0,96500.0,Diesel,Individual,Manual,First Owner,5.0,20.5,1248.0,91.72,Fiat,11,1
2010,285000.0,79000.0,Petrol,Individual,Manual,First Owner,5.0,16.8,1497.0,116.3,Honda,16,1
2016,625000.0,50000.0,Diesel,Individual,Manual,First Owner,7.0,18.49,1493.0,100.0,Mahindra,10,1
2012,170000.0,60000.0,Diesel,Individual,Manual,Second Owner,5.0,20.3,1248.0,75.0,Fiat,14,2
2018,459999.0,35000.0,Petrol,Individual,Manual,First Owner,5.0,17.57,1193.0,88.7,Tata,8,1
2015,450000.0,120000.0,Diesel,Individual,Manual,First Owner,5.0,20.5,1248.0,91.72,Fiat,11,1
2019,650000.0,10000.0,Petrol,Individual,Automatic,First Owner,5.0,21.21,1197.0,81.8,Maruti,7,1
2017,600000.0,15000.0,Petrol,Individual,Manual,First Owner,5.0,17.19,1197.0,81.86,Hyundai,9,1
2013,178000.0,70000.0,CNG,Individual,Manual,Second Owner,5.0,30.46,796.0,47.3,Maruti,13,2
2016,300000.0,5000.0,Petrol,Individual,Manual,First Owner,5.0,22.74,796.0,47.3,Maruti,10,1
2009,150000.0,40000.0,Petrol,Individual,Manual,First Owner,5.0,19.7,796.0,46.3,Maruti,17,1
2019,590000.0,10000.0,Petrol,Individual,Manual,First Owner,5.0,18.6,1197.0,81.86,Hyundai,7,1
2016,310000.0,25000.0,Petrol,Individual,Manual,First Owner,5.0,21.1,814.0,55.2,Hyundai,10,1
2017,400000.0,53000.0,Petrol,Individual,Manual,First Owner,5.0,17.57,1193.0,88.7,Tata,9,1
2014,520000.0,110000.0,Diesel,Individual,Manual,Second Owner,9.0,12.05,2179.0,120.0,Mahindra,12,2
2013,300000.0,200000.0,Diesel,Individual,Manual,Second Owner,8.0,20.07,1461.0,75.0,Ashok,13,2
2019,1000000.0,22000.0,Petrol,Individual,Manual,First Owner,5.0,17.0,1197.0,110.0,Mahindra,7,1
2003,65000.0,70000.0,Petrol,Individual,Manual,Fourth & Above Owner,5.0,18.9,998.0,67.1,Maruti,23,4
2015,509999.0,75000.0,Diesel,Individual,Manual,Second Owner,5.0,25.8,1498.0,98.6,Honda,11,2
2012,221000.0,70000.0,Petrol,Individual,Manual,First Owner,5.0,18.9,998.0,67.1,Maruti,14,1
2014,390000.0,64000.0,Petrol,Individual,Manual,Third Owner,5.0,15.04,1598.0,103.2,Volkswagen,12,3
2002,350000.0,60000.0,Petrol,Individual,Manual,First Owner,8.0,11.96,1298.0,80.0,Maruti,24,1
2009,195000.0,40000.0,Petrol,Individual,Manual,First Owner,5.0,19.7,796.0,46.3,Maruti,17,1
2010,1750000.0,110000.0,Diesel,Individual,Automatic,Second Owner,7.0,12.07,2967.0,241.4,Audi,16,2
2013,600000.0,60000.0,Diesel,Individual,Manual,First Owner,8.0,12.05,2179.0,120.0,Mahindra,13,1
2015,615000.0,72000.0,Diesel,Individual,Manual,First Owner,5.0,22.54,1396.0,88.73,Hyundai,11,1
2013,350000.0,70000.0,Diesel,Individual,Manual,Second Owner,5.0,21.9,1396.0,88.76,Hyundai,13,2
2012,140000.0,75000.0,Diesel,Individual,Manual,First Owner,5.0,25.44,936.0,57.6,Chevrolet,14,1
2017,650000.0,32331.0,Diesel,Individual,Manual,Second Owner,5.0,22.54,1396.0,88.73,Hyundai,9,2
2016,1100000.0,70000.0,Diesel,Individual,Manual,First Owner,5.0,19.67,1582.0,126.2,Hyundai,10,1
2010,285000.0,80000.0,Diesel,Individual,Manual,Second Owner,5.0,23.0,1396.0,90.0,Hyundai,16,2
2011,190000.0,20000.0,Petrol,Individual,Manual,Second Owner,5.0,18.0,995.0,62.0,Chevrolet,15,2
2012,350000.0,110000.0,Petrol,Individual,Manual,First Owner,5.0,16.95,1498.0,97.7,Nissan,14,1
2014,400000.0,40000.0,Petrol,Individual,Manual,Second Owner,5.0,18.9,1197.0,82.0,Hyundai,12,2
2016,2100000.0,40000.0,Petrol,Individual,Automatic,First Owner,7.0,10.75,2694.0,163.7,Toyota,10,1
2015,434999.0,90000.0,Petrol,Individual,Manual,Second Owner,5.0,18.6,1197.0,81.83,Hyundai,11,2
2014,450000.0,50000.0,Petrol,Individual,Manual,Second Owner,5.0,19.1,1197.0,85.8,Maruti,12,2
2001,45000.0,137000.0,Petrol,Individual,Manual,First Owner,5.0,18.5,796.0,53.0,Daewoo,25,1
2015,450000.0,60000.0,Petrol,Individual,Manual,First Owner,5.0,18.6,1197.0,81.83,Hyundai,11,1
2017,580000.0,30000.0,Diesel,Individual,Manual,First Owner,5.0,25.2,1248.0,74.0,Maruti,9,1
2016,900000.0,98000.0,Diesel,Individual,Manual,First Owner,5.0,19.67,1582.0,126.2,Hyundai,10,1
2016,750000.0,50000.0,Diesel,Individual,Manual,First Owner,7.0,24.52,1248.0,88.5,Maruti,10,1
2009,140000.0,120000.0,Diesel,Individual,Manual,Third Owner,5.0,19.09,1396.0,69.0,Tata,17,3
2017,525000.0,30000.0,Petrol,Individual,Manual,First Owner,5.0,18.9,1197.0,81.86,Hyundai,9,1
2009,114999.0,120000.0,Diesel,Individual,Manual,Third Owner,5.0,19.09,1396.0,69.0,Tata,17,3
2016,399000.0,40000.0,Petrol,Individual,Manual,First Owner,5.0,23.84,1199.0,84.0,Tata,10,1
2006,150000.0,100000.0,Petrol,Individual,Manual,Second Owner,5.0,19.3,1248.0,82.0,Hyundai,20,2
2012,275000.0,90000.0,Diesel,Individual,Manual,Second Owner,5.0,19.0,1405.0,71.0,Tata,14,2
2011,340000.0,80000.0,Diesel,Individual,Manual,Second Owner,5.0,21.9,1396.0,90.0,Hyundai,15,2
2012,222000.0,120000.0,LPG,Individual,Manual,First Owner,5.0,21.1,814.0,55.2,Hyundai,14,1
2013,850000.0,200000.0,Diesel,Individual,Automatic,First Owner,7.0,11.18,2696.0,184.0,Mahindra,13,1
2007,70000.0,110000.0,Diesel,Individual,Manual,Second Owner,5.0,17.2,1396.0,53.5,Tata,19,2
2017,430000.0,38000.0,Petrol,Individual,Manual,Second Owner,5.0,23.84,1199.0,84.0,Tata,9,2
2017,430000.0,35000.0,Petrol,Individual,Manual,Second Owner,5.0,23.84,1199.0,84.0,Tata,9,2
2014,320000.0,70000.0,Petrol,Individual,Manual,First Owner,5.0,20.51,998.0,67.04,Maruti,12,1
2005,95000.0,125000.0,Petrol,Individual,Manual,Fourth & Above Owner,5.0,19.3,1248.0,82.0,Hyundai,21,4
2012,500000.0,120000.0,Diesel,Individual,Manual,Second Owner,5.0,21.8,1461.0,78.0,Renault,14,2
2012,500000.0,110000.0,Diesel,Individual,Manual,Second Owner,5.0,19.01,1461.0,108.45,Renault,14,2
2010,229999.0,140000.0,Diesel,Individual,Manual,First Owner,5.0,18.4,1248.0,75.0,Tata,16,1
2009,600000.0,155000.0,Diesel,Individual,Automatic,Second Owner,8.0,11.79,2179.0,120.0,Mahindra,17,2
2007,200000.0,120000.0,Petrol,Individual,Manual,Second Owner,5.0,19.3,1248.0,82.0,Hyundai,19,2
2017,500000.0,80000.0,Diesel,Individual,Manual,Second Owner,5.0,23.08,1461.0,63.1,Renault,9,2
2010,315000.0,120000.0,Diesel,Individual,Manual,Second Owner,7.0,13.6,2523.0,63.0,Mahindra,16,2
2011,265000.0,80000.0,Petrol,Individual,Manual,First Owner,5.0,18.9,998.0,67.1,Maruti,15,1
2015,350000.0,110000.0,Diesel,Individual,Manual,Second Owner,5.0,25.83,1498.0,99.0,Ford,11,2
2012,200000.0,225000.0,Diesel,Individual,Manual,First Owner,5.0,23.57,1396.0,70.0,Tata,14,1
2011,114999.0,172000.0,Diesel,Individual,Manual,Second Owner,5.0,17.88,1396.0,52.8,Tata,15,2
2014,425000.0,25000.0,Petrol,Individual,Manual,First Owner,5.0,18.6,1197.0,81.83,Hyundai,12,1
2019,900000.0,35000.0,Diesel,Individual,Manual,First Owner,5.0,23.0,1498.0,98.96,Ford,7,1
2014,550000.0,126000.0,Diesel,Individual,Manual,First Owner,7.0,12.05,2179.0,120.0,Mahindra,12,1
2018,900000.0,30000.0,Diesel,Individual,Manual,First Owner,5.0,25.5,1498.0,98.6,Honda,8,1
2011,165000.0,97000.0,Petrol,Individual,Manual,Third Owner,5.0,19.81,1086.0,68.05,Hyundai,15,3
2016,850000.0,120000.0,Diesel,Individual,Automatic,First Owner,5.0,19.08,1582.0,126.2,Hyundai,10,1
2016,850000.0,120000.0,Diesel,Individual,Manual,First Owner,5.0,23.9,1582.0,126.32,Hyundai,10,1
2014,550000.0,80000.0,Diesel,Individual,Manual,Second Owner,6.0,16.55,2498.0,105.0,Mahindra,12,2
2011,500000.0,60000.0,Diesel,Individual,Manual,Second Owner,5.0,19.3,1248.0,73.9,Maruti,15,2
2018,630000.0,15000.0,Petrol,Individual,Manual,First Owner,5.0,21.21,1197.0,81.8,Maruti,8,1
2011,160000.0,60000.0,Petrol,Individual,Manual,First Owner,5.0,19.81,1086.0,68.05,Hyundai,15,1
2015,670000.0,60000.0,Diesel,Individual,Manual,First Owner,5.0,25.1,1498.0,98.6,Honda,11,1
2014,430000.0,90000.0,Diesel,Individual,Manual,First Owner,5.0,22.9,1248.0,74.0,Maruti,12,1
2015,375000.0,30000.0,Petrol,Individual,Manual,First Owner,5.0,19.1,1197.0,82.0,Hyundai,11,1
2016,650000.0,35000.0,Petrol,Individual,Manual,First Owner,5.0,18.6,1197.0,81.83,Hyundai,10,1
2016,500000.0,35000.0,Diesel,Individual,Manual,First Owner,5.0,26.59,1248.0,74.0,Maruti,10,1
2016,500000.0,35000.0,Diesel,Individual,Manual,First Owner,5.0,26.59,1248.0,74.0,Maruti,10,1
2017,1350000.0,25000.0,Diesel,Individual,Manual,First Owner,7.0,16.0,2179.0,140.0,Mahindra,9,1
2018,600000.0,40000.0,Diesel,Individual,Manual,First Owner,5.0,21.66,1498.0,108.62,Volkswagen,8,1
2017,1200000.0,25000.0,Diesel,Individual,Manual,First Owner,5.0,19.67,1582.0,126.2,Hyundai,9,1
2013,3750000.0,56000.0,Diesel,Dealer,Automatic,First Owner,4.0,11.2,2993.0,241.0,Bmw,13,1
2018,795000.0,41779.0,Petrol,Dealer,Manual,First Owner,5.0,21.21,1197.0,81.8,Maruti,8,1
2016,625000.0,54000.0,Petrol,Dealer,Manual,First Owner,5.0,18.7,1199.0,88.7,Honda,10,1
2016,2900000.0,31000.0,Diesel,Dealer,Automatic,First Owner,5.0,13.0,2143.0,204.0,Mercedes-Benz,10,1
2017,625000.0,37000.0,Diesel,Individual,Automatic,First Owner,5.0,26.8,1248.0,74.0,Maruti,9,1
2011,440000.0,90000.0,Diesel,Individual,Automatic,Second Owner,4.0,18.1,1991.0,147.9,Chevrolet,15,2
2018,1400000.0,13534.0,Petrol,Dealer,Manual,First Owner,5.0,14.28,1798.0,138.03,Toyota,8,1
2017,1450000.0,7000.0,Petrol,Dealer,Automatic,Second Owner,5.0,14.53,1794.0,138.1,Toyota,9,2
2017,2700000.0,23000.0,Diesel,Dealer,Automatic,First Owner,5.0,17.9,2143.0,136.0,Mercedes-Benz,9,1
2017,550000.0,23456.0,Petrol,Dealer,Manual,First Owner,5.0,18.9,1197.0,82.0,Hyundai,9,1
2019,1925000.0,43000.0,Diesel,Dealer,Automatic,First Owner,8.0,11.36,2755.0,171.5,Toyota,7,1
2015,1225000.0,39000.0,Diesel,Dealer,Manual,First Owner,7.0,16.0,2179.0,140.0,Mahindra,11,1
2017,700000.0,15000.0,Petrol,Individual,Manual,First Owner,5.0,17.5,1199.0,88.7,Honda,9,1
2013,530000.0,40000.0,Diesel,Individual,Manual,First Owner,5.0,23.4,1248.0,74.0,Maruti,13,1
2020,1900000.0,5000.0,Diesel,Dealer,Automatic,First Owner,5.0,17.8,1493.0,113.4,Kia,6,1
2017,844999.0,70000.0,Diesel,Dealer,Manual,First Owner,5.0,28.09,1248.0,88.5,Maruti,9,1
2016,650000.0,99000.0,Diesel,Dealer,Automatic,First Owner,5.0,21.66,1498.0,103.52,Skoda,10,1
2018,750000.0,15000.0,Petrol,Dealer,Manual,First Owner,5.0,22.0,1197.0,81.8,Maruti,8,1
2018,5200000.0,28156.0,Diesel,Dealer,Automatic,First Owner,4.0,17.09,2993.0,261.4,Bmw,8,1
2015,610000.0,30000.0,Petrol,Dealer,Manual,First Owner,5.0,18.7,1199.0,88.7,Honda,11,1
2010,150000.0,70000.0,Petrol,Individual,Manual,First Owner,5.0,18.6,1199.0,79.4,Chevrolet,16,1
2014,475000.0,40000.0,Petrol,Individual,Manual,First Owner,5.0,19.1,1197.0,85.8,Maruti,12,1
2008,375000.0,136500.0,Diesel,Individual,Manual,Fourth & Above Owner,8.0,12.7,2609.0,120.0,Mahindra,18,4
2016,425000.0,70000.0,Diesel,Individual,Manual,Second Owner,6.0,25.32,1198.0,77.0,Mahindra,10,2
2015,800000.0,90000.0,Diesel,Individual,Manual,Second Owner,5.0,25.1,1498.0,98.6,Honda,11,2
1996,40000.0,32000.0,Petrol,Individual,Manual,Second Owner,4.0,16.1,796.0,37.0,Maruti,30,2
2018,509999.0,8000.0,Petrol,Individual,Automatic,Second Owner,5.0,20.51,998.0,67.0,Maruti,8,2
2015,387000.0,170000.0,Diesel,Individual,Manual,First Owner,5.0,23.59,1364.0,67.04,Toyota,11,1
2014,235000.0,25000.0,Petrol,Individual,Manual,First Owner,5.0,22.74,796.0,47.3,Maruti,12,1
2000,95000.0,120000.0,Diesel,Individual,Manual,Fourth & Above Owner,10.0,12.2,1948.0,68.0,Tata,26,4
2010,340000.0,110000.0,Diesel,Individual,Manual,Third Owner,5.0,17.8,1248.0,75.0,Maruti,16,3
2016,1000000.0,100000.0,Diesel,Individual,Manual,First Owner,7.0,16.0,2179.0,140.0,Mahindra,10,1
2009,160000.0,115000.0,Diesel,Individual,Manual,Second Owner,5.0,13.8,1399.0,68.0,Ford,17,2
2008,365000.0,120000.0,Diesel,Individual,Manual,Fourth & Above Owner,8.0,12.7,2609.0,120.0,Mahindra,18,4
2011,300000.0,225000.0,Diesel,Individual,Manual,Second Owner,5.0,20.86,1199.0,75.0,Skoda,15,2
2008,260000.0,90000.0,Diesel,Individual,Manual,Second Owner,5.0,17.8,1248.0,75.0,Maruti,18,2
2018,860000.0,40000.0,Petrol,Individual,Automatic,First Owner,5.0,18.2,1199.0,88.7,Honda,8,1
2008,114999.0,55000.0,Petrol,Individual,Manual,Second Owner,5.0,13.9,1599.0,103.2,Hyundai,18,2
2007,100000.0,90000.0,Petrol,Individual,Manual,Second Owner,5.0,19.7,796.0,46.3,Maruti,19,2
2014,565000.0,111000.0,Diesel,Individual,Manual,First Owner,5.0,20.34,1498.0,103.2,Volkswagen,12,1
2013,450000.0,120000.0,Diesel,Individual,Manual,Second Owner,7.0,11.68,2498.0,112.0,Mahindra,13,2
2017,625000.0,15000.0,Petrol,Individual,Manual,First Owner,5.0,21.4,1197.0,83.1,Maruti,9,1
2016,280000.0,30000.0,Petrol,Individual,Manual,Second Owner,5.0,22.74,796.0,47.3,Maruti,10,2
2017,330000.0,50000.0,Petrol,Individual,Manual,First Owner,5.0,23.95,998.0,67.05,Maruti,9,1
2015,1300000.0,40000.0,Diesel,Individual,Manual,First Owner,5.0,19.67,1582.0,126.2,Hyundai,11,1
2008,65000.0,50000.0,Petrol,Individual,Manual,Second Owner,5.0,15.3,1396.0,70.0,Tata,18,2
2018,480000.0,45000.0,Petrol,Individual,Manual,Second Owner,5.0,23.84,1199.0,84.0,Tata,8,2
2016,400000.0,35000.0,Diesel,Individual,Manual,Second Owner,5.0,27.28,1047.0,69.0,Tata,10,2
2009,500000.0,80000.0,Diesel,Individual,Manual,First Owner,7.0,13.93,2179.0,138.0,Tata,17,1
2012,320000.0,120000.0,Diesel,Individual,Manual,First Owner,7.0,11.68,2498.0,112.0,Mahindra,14,1
2014,750000.0,90000.0,Diesel,Individual,Manual,Second Owner,7.0,15.1,2179.0,140.0,Mahindra,12,2
2017,620000.0,100000.0,Diesel,Individual,Manual,First Owner,7.0,16.5,1493.0,70.0,Mahindra,9,1
2011,300000.0,120000.0,Diesel,Individual,Manual,Third Owner,5.0,19.3,1248.0,73.9,Maruti,15,3
2018,1405000.0,15000.0,Petrol,Individual,Manual,First Owner,5.0,15.8,1591.0,121.3,Hyundai,8,1
2017,282000.0,15000.0,Petrol,Individual,Manual,First Owner,5.0,24.7,796.0,47.3,Maruti,9,1
2017,700000.0,15000.0,Petrol,Individual,Automatic,First Owner,5.0,21.21,1197.0,81.8,Maruti,9,1
2017,700000.0,70000.0,Diesel,Individual,Manual,First Owner,5.0,25.83,1498.0,99.0,Ford,9,1
2015,600000.0,135000.0,Diesel,Individual,Manual,First Owner,5.0,22.77,1498.0,98.59,Ford,11,1
2012,290000.0,80000.0,Diesel,Individual,Manual,Second Owner,5.0,20.5,1598.0,103.5,Skoda,14,2
2011,430000.0,80000.0,Diesel,Individual,Automatic,Second Owner,4.0,18.1,1991.0,147.9,Chevrolet,15,2
2017,575000.0,19000.0,Petrol,Individual,Manual,First Owner,5.0,18.6,1197.0,81.83,Hyundai,9,1
2017,875000.0,42000.0,Petrol,Individual,Manual,First Owner,5.0,15.29,1591.0,121.3,Hyundai,9,1
2010,180000.0,77000.0,Petrol,Individual,Manual,First Owner,5.0,18.9,998.0,67.1,Maruti,16,1
2012,229999.0,120000.0,Diesel,Individual,Manual,First Owner,5.0,23.2,1248.0,73.94,Maruti,14,1
2019,800000.0,10000.0,Petrol,Individual,Automatic,First Owner,5.0,19.56,1197.0,81.8,Toyota,7,1
2009,60000.0,110000.0,Petrol,Individual,Manual,Third Owner,5.0,16.5,995.0,63.0,Chevrolet,17,3
2009,150000.0,110000.0,Petrol,Individual,Manual,First Owner,5.0,15.0,1586.0,104.68,Maruti,17,1
2007,100000.0,90000.0,Diesel,Individual,Manual,Third Owner,5.0,23.57,1396.0,70.0,Tata,19,3
2015,900000.0,90000.0,Petrol,Individual,Manual,First Owner,5.0,15.29,1591.0,121.3,Hyundai,11,1
2018,850000.0,50000.0,Diesel,Individual,Manual,First Owner,5.0,22.54,1396.0,88.73,Hyundai,8,1
2014,220000.0,50000.0,Diesel,Individual,Manual,First Owner,5.0,25.44,936.0,56.3,Chevrolet,12,1
2014,250000.0,40000.0,Petrol,Individual,Manual,Second Owner,5.0,22.74,796.0,47.3,Maruti,12,2
2012,125000.0,120000.0,Diesel,Individual,Manual,First Owner,5.0,22.3,1248.0,74.0,Tata,14,1
2018,1200000.0,27000.0,Petrol,Individual,Manual,First Owner,5.0,15.8,1591.0,121.3,Hyundai,8,1
2013,250000.0,100000.0,Diesel,Individual,Manual,First Owner,5.0,23.57,1396.0,70.0,Tata,13,1
2014,440000.0,70000.0,Diesel,Individual,Manual,Second Owner,5.0,22.54,1396.0,88.73,Hyundai,12,2
2017,400000.0,40000.0,Petrol,Individual,Manual,First Owner,5.0,23.84,1199.0,84.0,Tata,9,1
2002,50000.0,62000.0,Petrol,Individual,Manual,First Owner,4.0,16.1,796.0,37.0,Maruti,24,1
2018,1000000.0,10000.0,Petrol,Individual,Manual,First Owner,5.0,17.0,1591.0,121.3,Hyundai,8,1
2014,600000.0,160000.0,Diesel,Individual,Manual,First Owner,5.0,25.1,1498.0,98.6,Honda,12,1
2010,250000.0,60000.0,Petrol,Individual,Manual,First Owner,5.0,17.0,1197.0,80.0,Hyundai,16,1
2009,310000.0,110000.0,Diesel,Individual,Manual,First Owner,7.0,13.6,2523.0,63.0,Mahindra,17,1
2005,120000.0,60000.0,Petrol,Individual,Manual,Fourth & Above Owner,5.0,18.9,998.0,67.1,Maruti,21,4
2014,390000.0,78000.0,Diesel,Individual,Manual,First Owner,7.0,11.68,2498.0,112.0,Mahindra,12,1
2019,458000.0,30000.0,Petrol,Individual,Manual,First Owner,5.0,20.3,1086.0,68.0,Hyundai,7,1
2018,950000.0,20000.0,Diesel,Individual,Manual,First Owner,5.0,23.0,1498.0,98.96,Ford,8,1
2017,650000.0,21000.0,Petrol,Individual,Manual,First Owner,5.0,22.0,1197.0,81.8,Maruti,9,1
2013,400000.0,70000.0,Diesel,Individual,Manual,First Owner,5.0,22.9,1248.0,74.0,Maruti,13,1
2015,400000.0,70000.0,Petrol,Individual,Automatic,Second Owner,5.0,18.9,1197.0,82.0,Hyundai,11,2
2006,100000.0,42500.0,Petrol,Individual,Manual,First Owner,5.0,19.7,796.0,46.3,Maruti,20,1
2012,350000.0,25000.0,Petrol,Individual,Manual,First Owner,5.0,20.36,1197.0,78.9,Hyundai,14,1
2013,450000.0,80000.0,Diesel,Individual,Manual,Second Owner,7.0,13.7,2197.0,138.1,Tata,13,2
2006,350000.0,90000.0,Diesel,Individual,Manual,First Owner,8.0,12.7,2609.0,116.6,Mahindra,20,1
2010,250000.0,80000.0,Diesel,Individual,Manual,Fourth & Above Owner,5.0,22.07,1199.0,73.9,Volkswagen,16,4
2013,450000.0,146000.0,Diesel,Individual,Manual,Second Owner,7.0,15.96,2523.0,62.1,Mahindra,13,2
2013,157000.0,47200.0,Petrol,Individual,Manual,Third Owner,4.0,16.1,796.0,37.0,Maruti,13,3
2018,1500000.0,60000.0,Diesel,Individual,Manual,First Owner,7.0,15.1,2179.0,152.87,Mahindra,8,1
2018,1500000.0,60000.0,Diesel,Individual,Manual,First Owner,7.0,15.1,2179.0,152.87,Mahindra,8,1
2007,75000.0,100000.0,Petrol,Individual,Manual,Second Owner,5.0,15.3,1193.0,65.3,Tata,19,2
2010,280000.0,100000.0,Diesel,Individual,Manual,Second Owner,10.0,14.8,2499.0,80.0,Chevrolet,16,2
2015,600000.0,35000.0,Petrol,Individual,Manual,First Owner,5.0,18.6,1197.0,81.83,Hyundai,11,1
2012,250999.0,120000.0,Diesel,Individual,Manual,Fourth & Above Owner,7.0,15.3,2956.0,83.8,Tata,14,4
2010,350000.0,80000.0,Petrol,Individual,Manual,Second Owner,5.0,12.5,1794.0,132.0,Toyota,16,2
2016,300000.0,34000.0,Petrol,Individual,Manual,First Owner,5.0,23.01,999.0,67.0,Renault,10,1
2017,819999.0,50000.0,Diesel,Individual,Manual,First Owner,5.0,19.87,1461.0,83.8,Renault,9,1
2010,409999.0,100000.0,Diesel,Individual,Manual,Second Owner,5.0,19.61,1405.0,70.0,Tata,16,2
2008,275000.0,52000.0,Petrol,Individual,Manual,Second Owner,5.0,13.9,1599.0,103.2,Hyundai,18,2
2013,497000.0,110000.0,Diesel,Individual,Manual,First Owner,7.0,20.77,1248.0,88.76,Maruti,13,1
2015,500000.0,70000.0,Petrol,Individual,Manual,First Owner,5.0,18.6,1197.0,81.83,Hyundai,11,1
2006,170000.0,120000.0,Diesel,Individual,Manual,Second Owner,7.0,14.0,2523.0,83.0,Mahindra,20,2
2016,515000.0,68609.0,Diesel,Dealer,Manual,First Owner,5.0,22.7,1498.0,89.84,Ford,10,1
2018,925000.0,33360.0,Diesel,Dealer,Manual,First Owner,5.0,22.77,1498.0,98.59,Ford,8,1
2019,1460000.0,5000.0,Diesel,Individual,Manual,First Owner,7.0,17.3,1497.0,121.0,Mahindra,7,1
2019,2700000.0,10000.0,Diesel,Individual,Automatic,First Owner,7.0,13.8,2999.0,174.57,Isuzu,7,1
2017,830000.0,35000.0,Diesel,Individual,Manual,First Owner,5.0,21.5,1497.0,108.5,Tata,9,1
2019,975000.0,30000.0,Diesel,Individual,Manual,First Owner,5.0,23.0,1498.0,98.96,Ford,7,1
2018,620000.0,15000.0,Petrol,Individual,Manual,First Owner,5.0,20.4,1194.0,94.93,Ford,8,1
2019,860000.0,14317.0,Petrol,Dealer,Manual,First Owner,5.0,14.23,1498.0,104.55,Nissan,7,1
2018,430000.0,5000.0,Petrol,Individual,Manual,Second Owner,5.0,20.63,1198.0,67.0,Datsun,8,2
2019,1227000.0,5000.0,Petrol,Individual,Automatic,First Owner,5.0,18.0,1497.0,117.6,Honda,7,1
2017,860000.0,28000.0,Petrol,Individual,Manual,First Owner,5.0,17.8,1497.0,117.3,Honda,9,1
2018,950000.0,40000.0,Diesel,Individual,Manual,First Owner,5.0,23.0,1498.0,98.96,Ford,8,1
2012,225000.0,87237.0,Diesel,Dealer,Manual,Second Owner,5.0,20.0,1399.0,68.05,Ford,14,2
2011,500000.0,99500.0,Diesel,Individual,Manual,Third Owner,7.0,11.5,1991.0,147.9,Chevrolet,15,3
2017,500000.0,62960.0,Diesel,Dealer,Manual,First Owner,5.0,25.83,1498.0,99.0,Ford,9,1
2019,1700000.0,16500.0,Petrol,Dealer,Automatic,First Owner,5.0,13.96,1451.0,141.0,Mg,7,1
2014,545000.0,110000.0,Diesel,Individual,Manual,First Owner,7.0,20.77,1248.0,88.76,Maruti,12,1
2011,400000.0,72000.0,Diesel,Individual,Manual,First Owner,5.0,22.9,1248.0,74.0,Maruti,15,1
2018,650000.0,50000.0,Diesel,Individual,Manual,First Owner,5.0,28.4,1248.0,74.02,Maruti,8,1
2008,114999.0,55000.0,Petrol,Individual,Manual,Second Owner,5.0,13.9,1599.0,103.2,Hyundai,18,2
2015,562000.0,60000.0,Diesel,Individual,Manual,First Owner,5.0,27.39,1248.0,74.0,Maruti,11,1
2002,96000.0,120000.0,Diesel,Individual,Manual,First Owner,7.0,14.07,2956.0,83.1,Tata,24,1
2017,2711000.0,9000.0,Diesel,Dealer,Automatic,First Owner,5.0,13.6,1999.0,177.0,Jaguar,9,1
2019,5150000.0,20000.0,Petrol,Dealer,Automatic,First Owner,5.0,22.37,2487.0,214.56,Lexus,7,1
2017,3200000.0,45000.0,Diesel,Dealer,Automatic,First Owner,5.0,19.33,1999.0,177.0,Jaguar,9,1
2015,503000.0,110000.0,Diesel,Individual,Manual,First Owner,7.0,14.1,2179.0,147.94,Tata,11,1
2019,3800000.0,20000.0,Diesel,Individual,Automatic,First Owner,5.0,18.0,1969.0,190.0,Volvo,7,1
2016,2000000.0,68089.0,Petrol,Trustmark Dealer,Automatic,First Owner,5.0,19.16,2494.0,157.7,Toyota,10,1
2013,225000.0,58343.0,Petrol,Trustmark Dealer,Manual,First Owner,5.0,21.79,998.0,67.05,Maruti,13,1
2018,740000.0,38817.0,Diesel,Dealer,Manual,First Owner,5.0,27.39,1248.0,74.0,Maruti,8,1
2016,550000.0,56494.0,Petrol,Trustmark Dealer,Manual,First Owner,5.0,18.2,1199.0,88.7,Honda,10,1
2013,750000.0,79328.0,Diesel,Trustmark Dealer,Manual,Second Owner,7.0,12.99,2494.0,100.6,Toyota,13,2
2019,650000.0,5621.0,Petrol,Trustmark Dealer,Automatic,First Owner,5.0,22.0,1197.0,81.8,Maruti,7,1
2017,625000.0,25538.0,Petrol,Trustmark Dealer,Manual,First Owner,5.0,16.78,1496.0,88.73,Toyota,9,1
2018,600000.0,69779.0,Petrol,Dealer,Automatic,First Owner,5.0,22.0,1197.0,81.8,Maruti,8,1
2017,450000.0,56290.0,Diesel,Dealer,Manual,First Owner,5.0,24.0,1186.0,73.97,Hyundai,9,1
2019,5200000.0,7500.0,Diesel,Dealer,Automatic,First Owner,5.0,16.78,1995.0,190.0,Bmw,7,1
2019,5200000.0,8500.0,Diesel,Dealer,Automatic,First Owner,5.0,16.78,1995.0,190.0,Bmw,7,1
2019,779000.0,7032.0,Petrol,Trustmark Dealer,Automatic,First Owner,5.0,19.0,1199.0,88.76,Honda,7,1
2016,645000.0,11000.0,Petrol,Dealer,Automatic,First Owner,5.0,14.3,1598.0,103.5,Skoda,10,1
2018,2475000.0,2000.0,Diesel,Dealer,Automatic,First Owner,5.0,16.8,1984.0,150.0,Volvo,8,1
2017,2711000.0,9000.0,Diesel,Dealer,Automatic,First Owner,5.0,13.6,1999.0,177.0,Jaguar,9,1
2019,5150000.0,20000.0,Petrol,Dealer,Automatic,First Owner,5.0,22.37,2487.0,214.56,Lexus,7,1
2017,3200000.0,45000.0,Diesel,Dealer,Automatic,First Owner,5.0,19.33,1999.0,177.0,Jaguar,9,1
2015,503000.0,110000.0,Diesel,Individual,Manual,First Owner,7.0,14.1,2179.0,147.94,Tata,11,1
2019,3800000.0,20000.0,Diesel,Individual,Automatic,First Owner,5.0,18.0,1969.0,190.0,Volvo,7,1
2016,2000000.0,68089.0,Petrol,Trustmark Dealer,Automatic,First Owner,5.0,19.16,2494.0,157.7,Toyota,10,1
2013,225000.0,58343.0,Petrol,Trustmark Dealer,Manual,First Owner,5.0,21.79,998.0,67.05,Maruti,13,1
2018,740000.0,38817.0,Diesel,Dealer,Manual,First Owner,5.0,27.39,1248.0,74.0,Maruti,8,1
2016,550000.0,56494.0,Petrol,Trustmark Dealer,Manual,First Owner,5.0,18.2,1199.0,88.7,Honda,10,1
2013,750000.0,79328.0,Diesel,Trustmark Dealer,Manual,Second Owner,7.0,12.99,2494.0,100.6,Toyota,13,2
2019,650000.0,5621.0,Petrol,Trustmark Dealer,Automatic,First Owner,5.0,22.0,1197.0,81.8,Maruti,7,1
2017,625000.0,25538.0,Petrol,Trustmark Dealer,Manual,First Owner,5.0,16.78,1496.0,88.73,Toyota,9,1
2018,600000.0,69779.0,Petrol,Dealer,Automatic,First Owner,5.0,22.0,1197.0,81.8,Maruti,8,1
2017,450000.0,56290.0,Diesel,Dealer,Manual,First Owner,5.0,24.0,1186.0,73.97,Hyundai,9,1
2019,5200000.0,7500.0,Diesel,Dealer,Automatic,First Owner,5.0,16.78,1995.0,190.0,Bmw,7,1
2019,5200000.0,8500.0,Diesel,Dealer,Automatic,First Owner,5.0,16.78,1995.0,190.0,Bmw,7,1
2019,779000.0,7032.0,Petrol,Trustmark Dealer,Automatic,First Owner,5.0,19.0,1199.0,88.76,Honda,7,1
2016,645000.0,11000.0,Petrol,Dealer,Automatic,First Owner,5.0,14.3,1598.0,103.5,Skoda,10,1
2018,2475000.0,2000.0,Diesel,Dealer,Automatic,First Owner,5.0,16.8,1984.0,150.0,Volvo,8,1
1999,155000.0,100000.0,Diesel,Individual,Manual,Third Owner,5.0,14.8,1998.0,68.0,Mitsubishi,27,3
2009,210000.0,120000.0,Diesel,Individual,Manual,Fourth & Above Owner,5.0,19.3,1248.0,82.0,Maruti,17,4
2017,2711000.0,9000.0,Diesel,Dealer,Automatic,First Owner,5.0,13.6,1999.0,177.0,Jaguar,9,1
2019,5150000.0,20000.0,Petrol,Dealer,Automatic,First Owner,5.0,22.37,2487.0,214.56,Lexus,7,1
2017,3200000.0,45000.0,Diesel,Dealer,Automatic,First Owner,5.0,19.33,1999.0,177.0,Jaguar,9,1
2015,503000.0,110000.0,Diesel,Individual,Manual,First Owner,7.0,14.1,2179.0,147.94,Tata,11,1
2019,3800000.0,20000.0,Diesel,Individual,Automatic,First Owner,5.0,18.0,1969.0,190.0,Volvo,7,1
2016,2000000.0,68089.0,Petrol,Trustmark Dealer,Automatic,First Owner,5.0,19.16,2494.0,157.7,Toyota,10,1
2013,225000.0,58343.0,Petrol,Trustmark Dealer,Manual,First Owner,5.0,21.79,998.0,67.05,Maruti,13,1
2018,740000.0,38817.0,Diesel,Dealer,Manual,First Owner,5.0,27.39,1248.0,74.0,Maruti,8,1
2016,550000.0,56494.0,Petrol,Trustmark Dealer,Manual,First Owner,5.0,18.2,1199.0,88.7,Honda,10,1
2013,750000.0,79328.0,Diesel,Trustmark Dealer,Manual,Second Owner,7.0,12.99,2494.0,100.6,Toyota,13,2
2019,650000.0,5621.0,Petrol,Trustmark Dealer,Automatic,First Owner,5.0,22.0,1197.0,81.8,Maruti,7,1
2017,625000.0,25538.0,Petrol,Trustmark Dealer,Manual,First Owner,5.0,16.78,1496.0,88.73,Toyota,9,1
2018,600000.0,69779.0,Petrol,Dealer,Automatic,First Owner,5.0,22.0,1197.0,81.8,Maruti,8,1
2017,450000.0,56290.0,Diesel,Dealer,Manual,First Owner,5.0,24.0,1186.0,73.97,Hyundai,9,1
2019,5200000.0,7500.0,Diesel,Dealer,Automatic,First Owner,5.0,16.78,1995.0,190.0,Bmw,7,1
2019,5200000.0,8500.0,Diesel,Dealer,Automatic,First Owner,5.0,16.78,1995.0,190.0,Bmw,7,1
2019,779000.0,7032.0,Petrol,Trustmark Dealer,Automatic,First Owner,5.0,19.0,1199.0,88.76,Honda,7,1
2016,645000.0,11000.0,Petrol,Dealer,Automatic,First Owner,5.0,14.3,1598.0,103.5,Skoda,10,1
2018,2475000.0,2000.0,Diesel,Dealer,Automatic,First Owner,5.0,16.8,1984.0,150.0,Volvo,8,1
2015,590000.0,80000.0,Diesel,Individual,Manual,First Owner,5.0,25.01,1498.0,89.75,Ford,11,1
2016,350000.0,120000.0,Diesel,Individual,Manual,Second Owner,5.0,24.4,1120.0,71.0,Hyundai,10,2
2017,484999.0,30000.0,Petrol,Individual,Manual,First Owner,5.0,20.89,1197.0,81.8,Maruti,9,1
2015,240000.0,110000.0,Diesel,Individual,Manual,Second Owner,5.0,19.1,1405.0,70.0,Tata,11,2
2008,500000.0,219000.0,Diesel,Individual,Manual,Second Owner,8.0,12.8,2494.0,102.0,Toyota,18,2
2017,300000.0,80000.0,Petrol,Individual,Manual,First Owner,5.0,24.7,796.0,47.3,Maruti,9,1
2016,750000.0,80000.0,Diesel,Individual,Manual,First Owner,5.0,28.09,1248.0,88.5,Maruti,10,1
2016,574000.0,35000.0,Petrol,Individual,Manual,Second Owner,5.0,20.85,1197.0,83.14,Maruti,10,2
2013,200000.0,167000.0,Diesel,Individual,Manual,First Owner,5.0,22.3,1248.0,88.8,Tata,13,1
2016,1100000.0,94000.0,Diesel,Individual,Manual,First Owner,5.0,19.67,1582.0,126.2,Hyundai,10,1
2012,350000.0,80000.0,Petrol,Individual,Manual,First Owner,5.0,17.92,1086.0,62.1,Hyundai,14,1
1998,70000.0,100000.0,Petrol,Individual,Manual,Second Owner,4.0,16.1,796.0,37.0,Maruti,28,2
2005,120000.0,90000.0,Petrol,Individual,Manual,Second Owner,5.0,13.8,1299.0,70.0,Ford,21,2
2012,700000.0,225000.0,Diesel,Individual,Manual,Second Owner,7.0,12.99,2494.0,100.0,Toyota,14,2
2019,500000.0,10000.0,Petrol,Individual,Manual,First Owner,5.0,21.4,1197.0,83.1,Maruti,7,1
2016,370000.0,90000.0,Diesel,Individual,Manual,First Owner,5.0,19.09,1405.0,69.01,Tata,10,1
2019,600000.0,5200.0,Petrol,Individual,Manual,First Owner,5.0,20.3,1199.0,83.81,Tata,7,1
2006,100000.0,120000.0,Petrol,Individual,Manual,Second Owner,5.0,17.3,993.0,60.0,Maruti,20,2
2013,409999.0,90000.0,Diesel,Individual,Manual,Second Owner,5.0,22.9,1248.0,74.0,Maruti,13,2
2016,750000.0,50000.0,Petrol,Individual,Automatic,First Owner,5.0,18.0,1497.0,117.3,Honda,10,1
2017,600000.0,5000.0,Petrol,Individual,Manual,First Owner,5.0,18.9,1197.0,81.86,Hyundai,9,1
2018,550000.0,10500.0,Petrol,Individual,Manual,First Owner,6.0,18.15,1198.0,82.0,Mahindra,8,1
2018,950000.0,26000.0,Diesel,Individual,Manual,First Owner,5.0,19.6,1461.0,108.45,Renault,8,1
2014,645000.0,139000.0,Diesel,Individual,Automatic,First Owner,8.0,11.79,2179.0,120.0,Mahindra,12,1
2014,750000.0,60000.0,Diesel,Individual,Manual,Second Owner,7.0,15.1,2179.0,140.0,Mahindra,12,2
2006,650000.0,40000.0,Petrol,Individual,Manual,First Owner,5.0,11.7,1796.0,178.0,Mercedes-Benz,20,1
2015,800000.0,25000.0,Petrol,Individual,Manual,First Owner,5.0,15.85,1499.0,110.4,Ford,11,1
2010,350000.0,60000.0,Petrol,Individual,Manual,Second Owner,5.0,14.53,1798.0,138.0,Toyota,16,2
2015,700000.0,25000.0,Petrol,Individual,Manual,First Owner,5.0,15.85,1499.0,110.4,Ford,11,1
2011,335000.0,15000.0,Petrol,Individual,Manual,First Owner,5.0,17.5,1298.0,85.8,Maruti,15,1
2012,270000.0,110000.0,Diesel,Individual,Manual,First Owner,5.0,19.3,1248.0,73.9,Maruti,14,1
2001,52000.0,70000.0,Petrol,Individual,Manual,Second Owner,5.0,19.3,1248.0,82.0,Hyundai,25,2
2010,320000.0,100000.0,Diesel,Individual,Manual,Second Owner,5.0,19.3,1248.0,73.9,Maruti,16,2
2007,120000.0,120000.0,Petrol,Individual,Manual,First Owner,5.0,17.8,1086.0,63.0,Hyundai,19,1
2010,730000.0,55000.0,Petrol,Individual,Automatic,Second Owner,5.0,12.3,1781.0,163.2,Audi,16,2
2007,125000.0,120000.0,Petrol,Individual,Manual,Third Owner,5.0,15.0,1586.0,104.68,Maruti,19,3
2007,150000.0,35000.0,Petrol,Individual,Manual,First Owner,5.0,18.2,1061.0,64.0,Maruti,19,1
2018,310000.0,13000.0,Petrol,Individual,Manual,First Owner,5.0,24.7,796.0,47.3,Maruti,8,1
2015,625000.0,50000.0,Diesel,Individual,Manual,First Owner,5.0,26.59,1248.0,74.0,Maruti,11,1
2012,267000.0,40000.0,Petrol,Individual,Manual,First Owner,5.0,20.36,1197.0,78.9,Hyundai,14,1
2016,600000.0,25000.0,Petrol,Individual,Manual,First Owner,5.0,17.19,1197.0,81.86,Hyundai,10,1
2011,180000.0,110000.0,Petrol,Individual,Manual,Second Owner,7.0,15.37,1196.0,73.0,Maruti,15,2
2019,700000.0,5000.0,Petrol,Individual,Manual,First Owner,5.0,23.87,1197.0,88.5,Toyota,7,1
2013,121000.0,50000.0,Petrol,Individual,Manual,Second Owner,4.0,16.1,796.0,37.0,Maruti,13,2
2014,350000.0,80000.0,Petrol,Individual,Manual,Third Owner,5.0,18.9,1197.0,82.0,Hyundai,12,3
2012,869999.0,225000.0,Diesel,Individual,Manual,Second Owner,8.0,12.99,2494.0,100.0,Toyota,14,2
2017,2711000.0,9000.0,Diesel,Dealer,Automatic,First Owner,5.0,13.6,1999.0,177.0,Jaguar,9,1
2019,5150000.0,20000.0,Petrol,Dealer,Automatic,First Owner,5.0,22.37,2487.0,214.56,Lexus,7,1
2017,3200000.0,45000.0,Diesel,Dealer,Automatic,First Owner,5.0,19.33,1999.0,177.0,Jaguar,9,1
2015,503000.0,110000.0,Diesel,Individual,Manual,First Owner,7.0,14.1,2179.0,147.94,Tata,11,1
2019,3800000.0,20000.0,Diesel,Individual,Automatic,First Owner,5.0,18.0,1969.0,190.0,Volvo,7,1
2016,2000000.0,68089.0,Petrol,Trustmark Dealer,Automatic,First Owner,5.0,19.16,2494.0,157.7,Toyota,10,1
2013,225000.0,58343.0,Petrol,Trustmark Dealer,Manual,First Owner,5.0,21.79,998.0,67.05,Maruti,13,1
2018,740000.0,38817.0,Diesel,Dealer,Manual,First Owner,5.0,27.39,1248.0,74.0,Maruti,8,1
2016,550000.0,56494.0,Petrol,Trustmark Dealer,Manual,First Owner,5.0,18.2,1199.0,88.7,Honda,10,1
2013,750000.0,79328.0,Diesel,Trustmark Dealer,Manual,Second Owner,7.0,12.99,2494.0,100.6,Toyota,13,2
2019,650000.0,5621.0,Petrol,Trustmark Dealer,Automatic,First Owner,5.0,22.0,1197.0,81.8,Maruti,7,1
2017,625000.0,25538.0,Petrol,Trustmark Dealer,Manual,First Owner,5.0,16.78,1496.0,88.73,Toyota,9,1
2018,600000.0,69779.0,Petrol,Dealer,Automatic,First Owner,5.0,22.0,1197.0,81.8,Maruti,8,1
2017,450000.0,56290.0,Diesel,Dealer,Manual,First Owner,5.0,24.0,1186.0,73.97,Hyundai,9,1
2019,5200000.0,7500.0,Diesel,Dealer,Automatic,First Owner,5.0,16.78,1995.0,190.0,Bmw,7,1
2019,5200000.0,8500.0,Diesel,Dealer,Automatic,First Owner,5.0,16.78,1995.0,190.0,Bmw,7,1
2019,779000.0,7032.0,Petrol,Trustmark Dealer,Automatic,First Owner,5.0,19.0,1199.0,88.76,Honda,7,1
2016,645000.0,11000.0,Petrol,Dealer,Automatic,First Owner,5.0,14.3,1598.0,103.5,Skoda,10,1
2018,2475000.0,2000.0,Diesel,Dealer,Automatic,First Owner,5.0,16.8,1984.0,150.0,Volvo,8,1
2008,80000.0,100000.0,Petrol,Individual,Manual,Third Owner,5.0,17.3,1061.0,64.0,Maruti,18,3
2008,120000.0,93331.0,Petrol,Individual,Manual,Second Owner,5.0,19.81,1086.0,68.05,Hyundai,18,2
2012,370000.0,120000.0,Diesel,Individual,Manual,Second Owner,5.0,13.5,2179.0,115.0,Mahindra,14,2
2015,750000.0,70000.0,Diesel,Individual,Manual,First Owner,5.0,19.01,1461.0,108.5,Nissan,11,1
2015,484999.0,100000.0,Diesel,Individual,Manual,First Owner,9.0,15.96,2523.0,63.0,Mahindra,11,1
2006,120000.0,90000.0,Diesel,Individual,Manual,Second Owner,5.0,13.1,1493.0,82.0,Hyundai,20,2
2017,860000.0,28000.0,Petrol,Individual,Manual,First Owner,5.0,17.8,1497.0,117.3,Honda,9,1
2018,650000.0,50000.0,Diesel,Individual,Manual,First Owner,5.0,28.4,1248.0,74.02,Maruti,8,1
2014,650000.0,90000.0,Diesel,Individual,Manual,First Owner,7.0,20.77,1248.0,88.8,Maruti,12,1
2016,710000.0,40000.0,Diesel,Individual,Manual,First Owner,5.0,24.8,1396.0,88.7,Hyundai,10,1
2017,430000.0,113000.0,Diesel,Individual,Manual,First Owner,5.0,25.83,1498.0,99.0,Ford,9,1
2011,305000.0,188000.0,Diesel,Individual,Manual,Second Owner,5.0,17.8,1248.0,75.0,Maruti,15,2
2011,220000.0,100000.0,Diesel,Individual,Manual,First Owner,5.0,20.0,1399.0,68.0,Ford,15,1
2010,150000.0,225000.0,Diesel,Individual,Manual,Third Owner,9.0,14.0,1948.0,90.0,Tata,16,3
2017,660000.0,67000.0,Diesel,Individual,Manual,Second Owner,7.0,18.49,1493.0,100.0,Mahindra,9,2
2011,140000.0,70000.0,Diesel,Individual,Manual,Fourth & Above Owner,5.0,25.44,936.0,57.6,Chevrolet,15,4
2015,1100000.0,50000.0,Petrol,Individual,Manual,First Owner,5.0,14.28,1798.0,138.03,Toyota,11,1
2013,2450000.0,60000.0,Diesel,Individual,Automatic,First Owner,5.0,16.36,2179.0,187.7,Jaguar,13,1
2017,625000.0,34000.0,Diesel,Individual,Automatic,First Owner,5.0,22.0,1498.0,108.495,Volkswagen,9,1
2004,198000.0,110000.0,Petrol,Individual,Manual,Third Owner,5.0,12.8,1493.0,100.0,Honda,22,3
2001,60000.0,71000.0,Petrol,Individual,Manual,Second Owner,5.0,19.3,1248.0,82.0,Hyundai,25,2
2005,130000.0,140000.0,Petrol,Individual,Manual,Second Owner,5.0,18.9,998.0,67.1,Maruti,21,2
2012,540000.0,100000.0,Petrol,Individual,Manual,Second Owner,5.0,16.8,1497.0,116.3,Honda,14,2
2017,550000.0,10000.0,Petrol,Individual,Automatic,First Owner,5.0,18.9,1197.0,81.86,Hyundai,9,1
2018,475000.0,30000.0,Petrol,Individual,Manual,First Owner,5.0,21.63,998.0,67.04,Maruti,8,1
2016,3100000.0,90000.0,Diesel,Individual,Automatic,First Owner,7.0,15.04,2755.0,174.5,Toyota,10,1
2010,217000.0,120000.0,Diesel,Individual,Manual,First Owner,5.0,21.1,1248.0,73.9,Maruti,16,1
2002,35000.0,184000.0,Petrol,Individual,Manual,Second Owner,5.0,19.3,1248.0,82.0,Hyundai,24,2
2019,750000.0,6500.0,Petrol,Individual,Automatic,First Owner,5.0,21.21,1197.0,81.8,Maruti,7,1
2010,350000.0,80000.0,Petrol,Individual,Manual,First Owner,8.0,11.96,1298.0,80.0,Maruti,16,1
2008,400000.0,100000.0,Diesel,Individual,Manual,Third Owner,7.0,12.05,2179.0,120.0,Mahindra,18,3
2015,570000.0,120000.0,Diesel,Individual,Manual,Second Owner,5.0,23.59,1364.0,67.05,Toyota,11,2
2012,180000.0,120000.0,Petrol,Individual,Manual,Second Owner,5.0,21.1,814.0,55.2,Hyundai,14,2
1998,68000.0,110000.0,Petrol,Individual,Manual,Third Owner,5.0,13.1,1598.0,77.0,Opel,28,3
2006,280000.0,150000.0,Diesel,Individual,Manual,Third Owner,5.0,18.7,1896.0,66.0,Skoda,20,3
2005,90000.0,120000.0,Diesel,Individual,Manual,Fourth & Above Owner,5.0,16.1,1405.0,70.0,Tata,21,4
2015,2600000.0,100000.0,Diesel,Individual,Automatic,Second Owner,5.0,15.26,2143.0,203.2,Mercedes-Benz,11,2
2018,700000.0,63000.0,Diesel,Individual,Manual,First Owner,7.0,15.3,2956.0,83.83,Tata,8,1
2016,1850000.0,40000.0,Diesel,Individual,Automatic,Second Owner,5.0,17.9,2143.0,136.0,Mercedes-Benz,10,2
2015,685000.0,109000.0,Diesel,Dealer,Manual,First Owner,5.0,22.7,1498.0,89.84,Ford,11,1
2015,565000.0,114000.0,Diesel,Dealer,Manual,First Owner,5.0,25.2,1248.0,73.94,Maruti,11,1
2017,1600000.0,33000.0,Petrol,Dealer,Automatic,Second Owner,5.0,14.7,1798.0,177.5,Skoda,9,2
2014,395000.0,160000.0,Diesel,Dealer,Manual,Third Owner,5.0,24.0,1120.0,70.0,Hyundai,12,3
2013,425000.0,101000.0,Diesel,Dealer,Manual,First Owner,5.0,21.9,1396.0,88.76,Hyundai,13,1
2019,1350000.0,5400.0,Diesel,Dealer,Manual,Test Drive Car,5.0,22.27,1498.0,108.6,Volkswagen,7,0
2016,1950000.0,45000.0,Diesel,Dealer,Automatic,Second Owner,5.0,16.38,1995.0,183.0,Hyundai,10,2
2018,535000.0,31000.0,Petrol,Dealer,Automatic,First Owner,5.0,24.04,999.0,67.0,Renault,8,1
2018,500000.0,31000.0,Petrol,Dealer,Manual,First Owner,5.0,23.01,999.0,67.0,Renault,8,1
2016,434999.0,55000.0,Petrol,Dealer,Manual,First Owner,5.0,20.52,1197.0,81.8,Maruti,10,1
2018,250000.0,55000.0,Petrol,Dealer,Automatic,First Owner,4.0,21.9,624.0,37.48,Tata,8,1
2014,700000.0,117000.0,Diesel,Dealer,Manual,First Owner,5.0,22.32,1582.0,126.32,Hyundai,12,1
2010,1100000.0,102000.0,Diesel,Dealer,Automatic,First Owner,5.0,19.62,1995.0,187.74,Bmw,16,1
2012,900000.0,108000.0,Diesel,Dealer,Automatic,First Owner,5.0,17.42,1968.0,175.0,Volkswagen,14,1
2015,425000.0,75000.0,Petrol,Dealer,Manual,First Owner,5.0,20.52,1197.0,81.8,Maruti,11,1
2011,1600000.0,74000.0,Diesel,Dealer,Automatic,First Owner,5.0,10.0,2148.0,170.0,Mercedes-Benz,15,1
2013,325000.0,158000.0,Diesel,Dealer,Manual,First Owner,5.0,24.4,1499.0,98.96,Ford,13,1
2019,2700000.0,10000.0,Diesel,Individual,Automatic,First Owner,7.0,13.8,2999.0,174.57,Isuzu,7,1
2018,950000.0,40000.0,Diesel,Individual,Manual,First Owner,5.0,23.0,1498.0,98.96,Ford,8,1
2019,1140000.0,10000.0,Diesel,Individual,Automatic,First Owner,5.0,21.5,1497.0,108.5,Tata,7,1
2017,980000.0,53000.0,Diesel,Individual,Manual,First Owner,7.0,17.6,2179.0,147.94,Tata,9,1
2017,1920000.0,20000.0,Diesel,Individual,Manual,Second Owner,5.0,16.3,1956.0,170.0,Jeep,9,2
2020,808000.0,5000.0,Petrol,Individual,Manual,First Owner,5.0,18.24,999.0,108.6,Volkswagen,6,1
2014,550000.0,30000.0,Petrol,Individual,Manual,First Owner,5.0,19.1,1197.0,85.8,Maruti,12,1
2010,215000.0,64000.0,Petrol,Individual,Manual,First Owner,5.0,19.7,796.0,46.3,Maruti,16,1
2016,512000.0,10500.0,Petrol,Individual,Manual,First Owner,5.0,18.16,1196.0,86.8,Ford,10,1
2011,215000.0,50000.0,Petrol,Individual,Manual,Second Owner,5.0,19.7,796.0,46.3,Maruti,15,2
2012,500000.0,60000.0,Diesel,Individual,Manual,First Owner,5.0,20.5,1598.0,103.5,Skoda,14,1
2015,700000.0,35000.0,Diesel,Individual,Manual,First Owner,5.0,21.14,1498.0,103.52,Skoda,11,1
2012,525000.0,135000.0,Diesel,Individual,Manual,First Owner,7.0,13.93,2179.0,138.03,Tata,14,1
2011,550000.0,70000.0,Diesel,Individual,Manual,Second Owner,9.0,12.05,2179.0,120.0,Mahindra,15,2
2016,750000.0,80000.0,Diesel,Individual,Manual,First Owner,5.0,24.3,1248.0,88.5,Maruti,10,1
2017,395000.0,25000.0,Petrol,Individual,Manual,First Owner,5.0,21.63,998.0,67.0,Maruti,9,1
2017,675000.0,5000.0,Petrol,Individual,Manual,First Owner,5.0,18.6,1197.0,81.83,Hyundai,9,1
2008,140000.0,80000.0,Petrol,Individual,Manual,Third Owner,5.0,17.92,1086.0,62.1,Hyundai,18,3
2011,430000.0,120000.0,Diesel,Individual,Manual,Second Owner,8.0,12.05,2179.0,120.0,Mahindra,15,2
2017,2711000.0,9000.0,Diesel,Dealer,Automatic,First Owner,5.0,13.6,1999.0,177.0,Jaguar,9,1
2019,5150000.0,20000.0,Petrol,Dealer,Automatic,First Owner,5.0,22.37,2487.0,214.56,Lexus,7,1
2017,3200000.0,45000.0,Diesel,Dealer,Automatic,First Owner,5.0,19.33,1999.0,177.0,Jaguar,9,1
2015,503000.0,110000.0,Diesel,Individual,Manual,First Owner,7.0,14.1,2179.0,147.94,Tata,11,1
2019,3800000.0,20000.0,Diesel,Individual,Automatic,First Owner,5.0,18.0,1969.0,190.0,Volvo,7,1
2016,2000000.0,68089.0,Petrol,Trustmark Dealer,Automatic,First Owner,5.0,19.16,2494.0,157.7,Toyota,10,1
2013,225000.0,58343.0,Petrol,Trustmark Dealer,Manual,First Owner,5.0,21.79,998.0,67.05,Maruti,13,1
2018,740000.0,38817.0,Diesel,Dealer,Manual,First Owner,5.0,27.39,1248.0,74.0,Maruti,8,1
2016,550000.0,56494.0,Petrol,Trustmark Dealer,Manual,First Owner,5.0,18.2,1199.0,88.7,Honda,10,1
2013,750000.0,79328.0,Diesel,Trustmark Dealer,Manual,Second Owner,7.0,12.99,2494.0,100.6,Toyota,13,2
2019,650000.0,5621.0,Petrol,Trustmark Dealer,Automatic,First Owner,5.0,22.0,1197.0,81.8,Maruti,7,1
2017,625000.0,25538.0,Petrol,Trustmark Dealer,Manual,First Owner,5.0,16.78,1496.0,88.73,Toyota,9,1
2018,600000.0,69779.0,Petrol,Dealer,Automatic,First Owner,5.0,22.0,1197.0,81.8,Maruti,8,1
2017,450000.0,56290.0,Diesel,Dealer,Manual,First Owner,5.0,24.0,1186.0,73.97,Hyundai,9,1
2019,5200000.0,7500.0,Diesel,Dealer,Automatic,First Owner,5.0,16.78,1995.0,190.0,Bmw,7,1
2019,5200000.0,8500.0,Diesel,Dealer,Automatic,First Owner,5.0,16.78,1995.0,190.0,Bmw,7,1
2019,779000.0,7032.0,Petrol,Trustmark Dealer,Automatic,First Owner,5.0,19.0,1199.0,88.76,Honda,7,1
2016,645000.0,11000.0,Petrol,Dealer,Automatic,First Owner,5.0,14.3,1598.0,103.5,Skoda,10,1
2018,2475000.0,2000.0,Diesel,Dealer,Automatic,First Owner,5.0,16.8,1984.0,150.0,Volvo,8,1
2011,270000.0,167000.0,Petrol,Individual,Manual,First Owner,5.0,19.3,1248.0,82.0,Toyota,15,1
2011,270000.0,167000.0,Petrol,Individual,Manual,First Owner,5.0,19.3,1248.0,82.0,Toyota,15,1
2014,300000.0,10000.0,Petrol,Individual,Manual,First Owner,5.0,20.51,998.0,67.04,Maruti,12,1
2013,355000.0,68000.0,Diesel,Individual,Manual,First Owner,5.0,22.1,1248.0,76.9,Chevrolet,13,1
2015,180000.0,35000.0,Petrol,Individual,Manual,Second Owner,5.0,22.74,796.0,47.3,Maruti,11,2
2013,280000.0,70000.0,Diesel,Individual,Manual,First Owner,5.0,25.0,1396.0,69.0,Tata,13,1
2011,250000.0,70000.0,Diesel,Individual,Manual,First Owner,5.0,19.0,1248.0,90.0,Tata,15,1
2007,125000.0,50000.0,Petrol,Individual,Manual,First Owner,5.0,15.3,1193.0,65.3,Tata,19,1
2006,150000.0,80000.0,Diesel,Individual,Manual,First Owner,5.0,19.3,1248.0,82.0,Maruti,20,1
2006,95000.0,60898.0,Petrol,Individual,Manual,First Owner,5.0,19.3,1248.0,82.0,Hyundai,20,1
2018,810000.0,29700.0,Diesel,Individual,Manual,First Owner,5.0,25.1,1248.0,88.5,Maruti,8,1
2018,671000.0,20000.0,Petrol,Individual,Automatic,First Owner,5.0,18.6,1368.0,98.63,Hyundai,8,1
2018,295000.0,20000.0,Petrol,Individual,Manual,First Owner,5.0,24.7,796.0,47.3,Maruti,8,1
2017,850000.0,40000.0,Diesel,Individual,Manual,First Owner,7.0,24.52,1248.0,88.5,Maruti,9,1
2013,409999.0,90000.0,Diesel,Individual,Manual,First Owner,5.0,22.9,1248.0,74.0,Maruti,13,1
2015,600000.0,90000.0,Petrol,Individual,Manual,First Owner,7.0,16.02,1373.0,93.7,Maruti,11,1
2015,600000.0,80000.0,Diesel,Individual,Manual,First Owner,7.0,15.96,2523.0,62.1,Mahindra,11,1
2012,220000.0,60000.0,Petrol,Individual,Manual,Third Owner,5.0,18.9,998.0,67.1,Maruti,14,3
2013,550000.0,56000.0,Diesel,Individual,Manual,First Owner,5.0,23.4,1248.0,74.0,Maruti,13,1
2014,650000.0,50000.0,Diesel,Individual,Manual,First Owner,8.0,14.0,2523.0,75.0,Mahindra,12,1
2014,655000.0,50000.0,Diesel,Individual,Manual,Second Owner,9.0,14.0,2523.0,75.0,Mahindra,12,2
2006,130000.0,74000.0,Diesel,Individual,Manual,First Owner,7.0,13.7,1948.0,68.0,Tata,20,1
2014,400000.0,123000.0,Diesel,Individual,Manual,First Owner,5.0,19.01,1461.0,108.45,Renault,12,1
2007,250000.0,60000.0,Petrol,Individual,Manual,Third Owner,5.0,19.3,1248.0,82.0,Maruti,19,3
2009,155000.0,54000.0,Petrol,Individual,Manual,First Owner,5.0,19.7,796.0,46.3,Maruti,17,1
2013,250000.0,50000.0,Petrol,Individual,Manual,First Owner,5.0,15.64,1193.0,64.1,Tata,13,1
2014,400000.0,80000.0,Petrol,Individual,Manual,Second Owner,5.0,18.9,1197.0,82.0,Hyundai,12,2
2019,500000.0,10000.0,Petrol,Individual,Manual,First Owner,5.0,19.02,1198.0,67.05,Datsun,7,1
2018,565000.0,10000.0,Petrol,Individual,Automatic,First Owner,5.0,20.3,1086.0,68.0,Hyundai,8,1
2018,900000.0,40000.0,Diesel,Individual,Manual,First Owner,5.0,23.0,1498.0,98.96,Ford,8,1
2017,650000.0,120000.0,Diesel,Individual,Manual,First Owner,7.0,16.5,1493.0,70.0,Mahindra,9,1
2013,600000.0,45000.0,Diesel,Individual,Manual,First Owner,7.0,15.96,2523.0,62.1,Mahindra,13,1
2018,800000.0,35000.0,Diesel,Individual,Manual,First Owner,5.0,28.4,1248.0,74.02,Maruti,8,1
2015,575000.0,60000.0,Diesel,Individual,Manual,First Owner,5.0,22.54,1396.0,88.73,Hyundai,11,1
2016,550000.0,40000.0,Petrol,Individual,Automatic,First Owner,5.0,17.01,1499.0,110.4,Ford,10,1
2011,190000.0,80000.0,Petrol,Individual,Manual,Third Owner,5.0,15.5,1586.0,103.3,Maruti,15,3
2017,750000.0,37000.0,Diesel,Individual,Manual,First Owner,5.0,23.0,1498.0,98.96,Ford,9,1
2018,625000.0,22000.0,Petrol,Individual,Manual,First Owner,5.0,21.4,1197.0,83.1,Maruti,8,1
2018,799000.0,60000.0,Diesel,Individual,Manual,Second Owner,5.0,22.54,1396.0,88.73,Hyundai,8,2
2013,300000.0,57000.0,Petrol,Individual,Manual,Second Owner,5.0,20.51,998.0,67.04,Maruti,13,2
2017,850000.0,27000.0,Petrol,Individual,Manual,First Owner,5.0,20.73,1373.0,91.1,Maruti,9,1
2012,130000.0,70000.0,Petrol,Individual,Manual,First Owner,5.0,18.0,995.0,62.0,Chevrolet,14,1
2011,229999.0,40000.0,Petrol,Individual,Manual,Second Owner,5.0,20.92,998.0,67.1,Maruti,15,2
2015,400000.0,60000.0,Petrol,Individual,Manual,First Owner,5.0,23.1,998.0,67.04,Maruti,11,1
2018,900000.0,35000.0,Diesel,Individual,Manual,First Owner,6.0,16.55,2498.0,105.0,Mahindra,8,1
2015,800000.0,70000.0,Diesel,Individual,Manual,First Owner,7.0,15.4,1997.0,120.0,Mahindra,11,1
2015,250999.0,43000.0,Petrol,Individual,Manual,Second Owner,5.0,21.1,814.0,55.2,Hyundai,11,2
2011,250000.0,110000.0,Petrol,Individual,Manual,Second Owner,5.0,15.0,1368.0,90.0,Tata,15,2
2009,100000.0,100000.0,Petrol,Individual,Manual,Second Owner,5.0,15.7,1172.0,67.0,Fiat,17,2
2016,450000.0,64000.0,Petrol,Individual,Manual,First Owner,5.0,20.4,1197.0,81.8,Maruti,10,1
2017,575000.0,96000.0,Diesel,Individual,Manual,First Owner,5.0,19.87,1461.0,83.8,Renault,9,1
2013,400000.0,96000.0,Diesel,Individual,Manual,First Owner,5.0,20.46,1461.0,83.8,Renault,13,1
2019,480000.0,7600.0,Petrol,Individual,Manual,First Owner,5.0,21.63,998.0,67.0,Maruti,7,1
2019,490000.0,7000.0,Petrol,Individual,Manual,First Owner,5.0,21.63,998.0,67.0,Maruti,7,1
2007,150000.0,120000.0,Diesel,Individual,Manual,Second Owner,5.0,17.0,1405.0,70.0,Tata,19,2
2017,600000.0,50000.0,Diesel,Individual,Manual,First Owner,5.0,22.95,1248.0,74.0,Tata,9,1
2015,500000.0,50000.0,Diesel,Individual,Manual,Second Owner,5.0,24.4,1120.0,71.0,Hyundai,11,2
2015,425000.0,80000.0,Diesel,Individual,Manual,First Owner,5.0,23.0,1248.0,88.7,Tata,11,1
2003,108000.0,200000.0,Diesel,Individual,Manual,Second Owner,5.0,13.1,1493.0,82.0,Hyundai,23,2
2015,1030000.0,190000.0,Diesel,Individual,Manual,First Owner,7.0,12.99,2494.0,100.6,Toyota,11,1
2015,360000.0,34000.0,Petrol,Individual,Manual,First Owner,5.0,20.51,998.0,67.04,Maruti,11,1
2012,290000.0,80000.0,Petrol,Individual,Manual,Second Owner,5.0,16.47,1198.0,73.9,Volkswagen,14,2
2011,400000.0,72000.0,Diesel,Individual,Manual,First Owner,5.0,22.9,1248.0,74.0,Maruti,15,1
2003,70000.0,20000.0,Diesel,Individual,Manual,First Owner,5.0,15.9,1527.0,57.0,Maruti,23,1
2012,320000.0,70000.0,Diesel,Individual,Manual,Second Owner,7.0,15.3,2956.0,83.8,Tata,14,2
2019,975000.0,30000.0,Diesel,Individual,Manual,First Owner,5.0,23.0,1498.0,98.96,Ford,7,1
2019,1227000.0,5000.0,Petrol,Individual,Automatic,First Owner,5.0,18.0,1497.0,117.6,Honda,7,1
2014,755000.0,29340.0,Diesel,Individual,Manual,First Owner,5.0,22.32,1582.0,126.32,Hyundai,12,1
2011,215000.0,120000.0,Diesel,Individual,Manual,First Owner,5.0,20.0,1399.0,68.0,Ford,15,1
2011,735000.0,200000.0,Diesel,Individual,Manual,Second Owner,7.0,12.8,2494.0,102.0,Toyota,15,2
2007,190000.0,70000.0,Petrol,Individual,Manual,Second Owner,5.0,19.81,1086.0,68.05,Hyundai,19,2
2014,1365000.0,80800.0,Diesel,Individual,Manual,Second Owner,8.0,12.99,2494.0,100.6,Toyota,12,2
2018,675000.0,24265.0,Petrol,Dealer,Manual,First Owner,5.0,18.7,1199.0,88.7,Honda,8,1
2014,438999.0,81000.0,Diesel,Dealer,Manual,First Owner,5.0,23.4,1248.0,74.0,Maruti,12,1
2015,550000.0,225000.0,Diesel,Individual,Manual,First Owner,7.0,19.98,1461.0,108.5,Renault,11,1
2013,409999.0,35000.0,Petrol,Individual,Manual,First Owner,5.0,19.1,1197.0,85.8,Maruti,13,1
2019,350000.0,15000.0,Petrol,Individual,Manual,First Owner,5.0,25.17,799.0,53.3,Renault,7,1
2012,135000.0,49000.0,Diesel,Individual,Manual,Third Owner,5.0,25.44,936.0,57.6,Chevrolet,14,3
2016,1490000.0,56900.0,Diesel,Individual,Manual,Second Owner,8.0,13.68,2393.0,147.8,Toyota,10,2
2014,520000.0,70000.0,Diesel,Individual,Manual,Second Owner,5.0,25.2,1248.0,74.0,Maruti,12,2
2010,315000.0,180000.0,Diesel,Individual,Manual,First Owner,5.0,19.3,1248.0,73.9,Maruti,16,1
2010,235000.0,50000.0,Petrol,Individual,Manual,First Owner,5.0,19.0,998.0,66.1,Maruti,16,1
2005,80500.0,50000.0,Petrol,Individual,Manual,Third Owner,5.0,13.2,1495.0,94.0,Hyundai,21,3
2013,375000.0,88200.0,Diesel,Individual,Manual,First Owner,5.0,23.2,1248.0,73.94,Maruti,13,1
2006,189000.0,93000.0,Petrol,Individual,Manual,Second Owner,5.0,16.1,1197.0,85.0,Maruti,20,2
2017,550000.0,120000.0,Diesel,Individual,Manual,First Owner,5.0,25.8,1498.0,98.6,Honda,9,1
2011,260000.0,110000.0,Diesel,Individual,Manual,Second Owner,5.0,17.8,1399.0,68.0,Ford,15,2
2016,650000.0,50000.0,Diesel,Individual,Automatic,Second Owner,5.0,26.59,1248.0,74.0,Maruti,10,2
2013,480000.0,80000.0,Diesel,Individual,Manual,First Owner,5.0,23.4,1248.0,74.0,Maruti,13,1
2016,700000.0,40000.0,Diesel,Individual,Manual,First Owner,5.0,22.54,1396.0,88.73,Hyundai,10,1
2015,650000.0,110000.0,Diesel,Individual,Manual,Third Owner,7.0,20.77,1248.0,88.76,Maruti,11,3
2015,1300000.0,48000.0,Diesel,Individual,Manual,Second Owner,5.0,19.67,1582.0,126.2,Hyundai,11,2
2016,1350000.0,97000.0,Diesel,Individual,Automatic,First Owner,5.0,16.96,1968.0,138.03,Volkswagen,10,1
2016,1000000.0,60000.0,Diesel,Individual,Automatic,First Owner,5.0,22.15,1498.0,108.6,Volkswagen,10,1
2011,1700000.0,110000.0,Diesel,Individual,Automatic,Third Owner,5.0,0.0,2987.0,165.0,Mercedes-Benz,15,3
2018,1080000.0,12800.0,Petrol,Individual,Automatic,First Owner,5.0,17.8,1496.0,105.5,Toyota,8,1
2012,170000.0,40000.0,Petrol,Individual,Manual,First Owner,5.0,21.1,814.0,55.2,Hyundai,14,1
2017,610000.0,49000.0,Diesel,Individual,Manual,First Owner,5.0,28.4,1248.0,74.0,Maruti,9,1
2014,350000.0,25000.0,Petrol,Individual,Manual,First Owner,5.0,18.5,1197.0,85.8,Maruti,12,1
2016,260000.0,65000.0,Petrol,Individual,Manual,Second Owner,5.0,22.74,796.0,47.3,Maruti,10,2
2015,700000.0,20000.0,Diesel,Individual,Manual,First Owner,5.0,20.4,1248.0,91.7,Fiat,11,1
2018,678000.0,17000.0,Petrol,Individual,Manual,First Owner,5.0,18.78,999.0,75.0,Volkswagen,8,1
2015,800000.0,15000.0,Diesel,Individual,Manual,First Owner,5.0,23.65,1248.0,88.5,Maruti,11,1
2014,400000.0,120000.0,Diesel,Individual,Manual,Second Owner,5.0,23.59,1364.0,67.04,Toyota,12,2
2010,300000.0,49000.0,Petrol,Individual,Manual,First Owner,5.0,18.5,1197.0,80.0,Hyundai,16,1
2016,520000.0,29000.0,Petrol,Individual,Manual,First Owner,5.0,18.6,1197.0,81.83,Hyundai,10,1
2017,850000.0,55000.0,Diesel,Individual,Automatic,First Owner,5.0,19.61,1461.0,108.5,Nissan,9,1
2015,300000.0,40000.0,Petrol,Individual,Manual,First Owner,5.0,23.95,998.0,67.05,Maruti,11,1
2010,350000.0,120000.0,Petrol,Individual,Manual,Second Owner,5.0,17.0,1497.0,118.0,Honda,16,2
1999,70000.0,100000.0,LPG,Individual,Manual,Fourth & Above Owner,5.0,19.3,1248.0,82.0,Maruti,27,4
2019,892000.0,10000.0,Diesel,Individual,Manual,First Owner,5.0,24.3,1248.0,88.5,Maruti,7,1
2012,285000.0,70000.0,Diesel,Individual,Manual,Second Owner,5.0,20.3,1248.0,92.0,Fiat,14,2
2012,300000.0,60000.0,LPG,Individual,Manual,First Owner,5.0,19.2,1086.0,68.05,Hyundai,14,1
2016,620000.0,90000.0,Diesel,Individual,Manual,First Owner,5.0,28.09,1248.0,88.5,Maruti,10,1
2017,750000.0,90000.0,Diesel,Individual,Manual,First Owner,5.0,24.3,1248.0,88.5,Maruti,9,1
2016,270000.0,35000.0,Petrol,Individual,Manual,First Owner,5.0,22.74,796.0,47.3,Maruti,10,1
2014,560000.0,90000.0,Diesel,Individual,Manual,First Owner,7.0,20.77,1248.0,88.8,Maruti,12,1
2012,300000.0,40000.0,Petrol,Individual,Manual,Second Owner,5.0,17.92,1086.0,62.1,Hyundai,14,2
2012,300000.0,40000.0,Petrol,Individual,Manual,Second Owner,5.0,17.92,1086.0,62.1,Hyundai,14,2
2018,570000.0,20000.0,Petrol,Individual,Manual,First Owner,5.0,18.9,1197.0,81.86,Hyundai,8,1
2011,220000.0,80000.0,Diesel,Individual,Manual,First Owner,5.0,23.03,1396.0,69.0,Tata,15,1
2012,260000.0,99000.0,Petrol,Individual,Manual,Second Owner,5.0,15.5,1586.0,103.3,Maruti,14,2
2019,600000.0,7500.0,Petrol,Individual,Automatic,First Owner,5.0,21.21,1197.0,81.8,Maruti,7,1
2015,80000.0,60000.0,Petrol,Individual,Manual,First Owner,4.0,23.9,624.0,37.48,Tata,11,1
2016,300000.0,40800.0,Petrol,Individual,Manual,First Owner,5.0,21.1,814.0,55.2,Hyundai,10,1
2015,300000.0,70000.0,Petrol,Individual,Manual,First Owner,5.0,17.57,1193.0,88.7,Tata,11,1
2016,400000.0,100000.0,Petrol,Individual,Manual,First Owner,5.0,18.15,1198.0,82.0,Mahindra,10,1
2016,550000.0,8588.0,Petrol,Individual,Manual,First Owner,5.0,22.0,1197.0,81.8,Maruti,10,1
2019,1200000.0,40000.0,Diesel,Individual,Manual,First Owner,5.0,25.6,1498.0,97.9,Honda,7,1
2015,500000.0,60000.0,Diesel,Individual,Manual,First Owner,5.0,25.83,1498.0,99.0,Ford,11,1
2005,93000.0,80000.0,Petrol,Individual,Manual,Third Owner,5.0,15.9,1298.0,85.0,Maruti,21,3
2014,500000.0,110000.0,Diesel,Individual,Manual,First Owner,5.0,26.0,1498.0,98.6,Honda,12,1
2018,670000.0,150000.0,Diesel,Individual,Manual,First Owner,5.0,23.59,1364.0,67.05,Toyota,8,1
2012,750000.0,120000.0,Diesel,Individual,Manual,Second Owner,7.0,12.8,2494.0,102.0,Toyota,14,2
2017,370000.0,30000.0,Petrol,Individual,Manual,First Owner,5.0,23.95,998.0,67.05,Maruti,9,1
2012,100000.0,70000.0,Petrol,Individual,Manual,Second Owner,4.0,16.1,796.0,37.0,Maruti,14,2
2016,425000.0,50000.0,Petrol,Individual,Manual,First Owner,5.0,19.81,1086.0,68.05,Hyundai,10,1
2006,370000.0,225000.0,Diesel,Individual,Manual,Fourth & Above Owner,8.0,12.8,2494.0,102.0,Toyota,20,4
2012,400000.0,158500.0,Diesel,Individual,Manual,Third Owner,5.0,19.3,1248.0,82.0,Toyota,14,3
2009,229999.0,212000.0,Diesel,Individual,Manual,Third Owner,7.0,11.57,2179.0,138.1,Tata,17,3
2016,850000.0,35000.0,Diesel,Individual,Manual,First Owner,7.0,24.52,1248.0,88.5,Maruti,10,1
2018,750000.0,22000.0,Diesel,Individual,Manual,First Owner,5.0,21.03,1461.0,65.0,Mahindra,8,1
2010,235000.0,50000.0,Diesel,Individual,Manual,First Owner,14.0,10.71,1948.0,90.0,Tata,16,1
2017,700000.0,70000.0,Diesel,Individual,Manual,First Owner,5.0,25.5,1498.0,98.6,Honda,9,1
2016,480000.0,56000.0,Diesel,Individual,Manual,First Owner,5.0,24.0,1120.0,70.0,Hyundai,10,1
2016,475000.0,50000.0,Diesel,Individual,Manual,First Owner,5.0,22.95,1248.0,74.0,Tata,10,1
2015,610000.0,120000.0,Diesel,Individual,Manual,First Owner,5.0,21.14,1498.0,103.52,Skoda,11,1
2011,650000.0,120000.0,Diesel,Individual,Manual,Second Owner,8.0,12.8,2494.0,102.0,Toyota,15,2
2017,800000.0,70000.0,Diesel,Individual,Manual,First Owner,5.0,25.5,1498.0,98.6,Honda,9,1
2015,520000.0,120000.0,Diesel,Individual,Manual,First Owner,7.0,11.57,2179.0,138.1,Tata,11,1
2014,160000.0,90000.0,Diesel,Individual,Manual,First Owner,5.0,25.0,1396.0,69.0,Tata,12,1
2018,1000000.0,70000.0,Diesel,Individual,Manual,First Owner,5.0,25.1,1248.0,88.5,Maruti,8,1
2015,700000.0,120000.0,Diesel,Individual,Manual,Second Owner,7.0,20.77,1248.0,88.76,Maruti,11,2
2017,590000.0,70000.0,Diesel,Individual,Manual,Second Owner,5.0,25.8,1498.0,98.6,Honda,9,2
2002,140000.0,80000.0,Petrol,Individual,Manual,Second Owner,5.0,18.9,998.0,67.1,Maruti,24,2
2017,725000.0,100000.0,Diesel,Individual,Manual,Second Owner,7.0,18.49,1493.0,100.0,Mahindra,9,2
2017,1680000.0,157000.0,Diesel,Individual,Manual,First Owner,7.0,13.68,2393.0,147.8,Toyota,9,1
2015,550000.0,50000.0,Diesel,Individual,Manual,First Owner,5.0,26.59,1248.0,74.0,Maruti,11,1
2012,240000.0,90000.0,Diesel,Individual,Manual,Second Owner,5.0,23.2,1248.0,73.94,Maruti,14,2
2013,667000.0,65000.0,Diesel,Individual,Manual,First Owner,7.0,14.6,2231.0,184.0,Chevrolet,13,1
2017,670000.0,50000.0,Diesel,Individual,Manual,First Owner,5.0,27.3,1498.0,98.6,Honda,9,1
2015,550000.0,110000.0,Diesel,Individual,Manual,First Owner,5.0,26.59,1248.0,74.0,Maruti,11,1
2015,400000.0,30000.0,Petrol,Individual,Manual,First Owner,5.0,23.1,998.0,67.04,Maruti,11,1
2014,545000.0,80000.0,Diesel,Individual,Manual,Second Owner,5.0,22.32,1582.0,126.32,Hyundai,12,2
2015,599000.0,70000.0,Petrol,Individual,Manual,First Owner,7.0,16.02,1373.0,93.7,Maruti,11,1
2016,725000.0,100000.0,Diesel,Individual,Manual,First Owner,5.0,21.38,1396.0,88.7,Hyundai,10,1
2015,525000.0,120000.0,Petrol,Individual,Manual,Second Owner,5.0,17.4,1497.0,117.3,Honda,11,2
2011,204999.0,85000.0,Diesel,Individual,Manual,Second Owner,5.0,21.1,1248.0,73.9,Maruti,15,2
2012,190000.0,110000.0,Diesel,Individual,Manual,First Owner,5.0,21.0,1199.0,75.0,Skoda,14,1
2015,310000.0,60000.0,Diesel,Individual,Manual,Fourth & Above Owner,5.0,24.0,1120.0,70.0,Hyundai,11,4
2016,380000.0,90000.0,Diesel,Individual,Manual,Second Owner,5.0,24.0,1120.0,70.0,Hyundai,10,2
2012,204000.0,110000.0,Petrol,Individual,Manual,Third Owner,5.0,20.92,998.0,67.1,Maruti,14,3
2018,350000.0,25000.0,Petrol,Individual,Manual,First Owner,5.0,20.3,998.0,68.05,Hyundai,8,1
2013,350000.0,100000.0,Diesel,Individual,Manual,First Owner,5.0,20.54,1598.0,103.6,Volkswagen,13,1
2012,175000.0,120000.0,Diesel,Individual,Manual,Second Owner,5.0,20.0,1399.0,68.0,Ford,14,2
2011,340000.0,90000.0,Diesel,Individual,Manual,First Owner,5.0,20.54,1598.0,103.6,Volkswagen,15,1
2017,950000.0,35000.0,Petrol,Individual,Manual,First Owner,5.0,17.4,1497.0,117.6,Honda,9,1
2017,894999.0,35000.0,Petrol,Individual,Manual,First Owner,5.0,17.8,1497.0,117.3,Honda,9,1
2014,350000.0,101200.0,Diesel,Individual,Manual,Second Owner,7.0,15.3,2956.0,83.83,Tata,12,2
2005,100000.0,90000.0,Petrol,Individual,Manual,Second Owner,5.0,12.8,1396.0,85.0,Tata,21,2
2016,550000.0,76000.0,Diesel,Individual,Manual,First Owner,5.0,26.59,1248.0,74.0,Maruti,10,1
2004,100000.0,60000.0,Diesel,Individual,Manual,Third Owner,5.0,16.1,1405.0,70.0,Tata,22,3
2016,800000.0,90000.0,Diesel,Individual,Manual,First Owner,7.0,16.0,2179.0,140.0,Mahindra,10,1
2013,525000.0,80000.0,Diesel,Individual,Manual,Second Owner,7.0,15.96,2523.0,62.1,Mahindra,13,2
2008,500000.0,179150.0,Diesel,Individual,Manual,Second Owner,7.0,11.57,2179.0,138.1,Tata,18,2
2003,42000.0,62000.0,Petrol,Individual,Manual,First Owner,4.0,16.1,796.0,37.0,Maruti,23,1
2009,190000.0,160000.0,Petrol,Individual,Manual,Third Owner,5.0,17.5,1197.0,85.8,Maruti,17,3
2019,694000.0,35000.0,Diesel,Individual,Manual,First Owner,5.0,28.4,1248.0,74.02,Maruti,7,1
2016,861999.0,120000.0,Diesel,Individual,Automatic,First Owner,7.0,16.0,2179.0,140.0,Mahindra,10,1
2017,650000.0,50000.0,Diesel,Individual,Manual,First Owner,5.0,25.8,1498.0,98.6,Honda,9,1
2011,310000.0,70000.0,Diesel,Individual,Manual,Second Owner,5.0,19.3,1248.0,73.9,Maruti,15,2
2013,360000.0,97000.0,Diesel,Individual,Manual,First Owner,5.0,22.9,1248.0,74.0,Maruti,13,1
2011,240000.0,90000.0,Diesel,Individual,Manual,Second Owner,5.0,19.3,1248.0,73.9,Maruti,15,2
2012,500000.0,84487.0,Diesel,Individual,Manual,Fourth & Above Owner,7.0,15.1,2179.0,140.0,Mahindra,14,4
2010,475000.0,100000.0,Diesel,Individual,Manual,Second Owner,7.0,12.8,2494.0,102.0,Toyota,16,2
2007,100000.0,60000.0,Petrol,Individual,Manual,Third Owner,5.0,19.7,796.0,46.3,Maruti,19,3
2009,200000.0,110000.0,Petrol,Individual,Manual,Third Owner,5.0,15.0,1586.0,104.68,Maruti,17,3
2006,430000.0,225000.0,Diesel,Individual,Manual,First Owner,8.0,12.8,2494.0,102.0,Toyota,20,1
2010,245000.0,146000.0,Diesel,Individual,Manual,Fourth & Above Owner,7.0,14.0,2498.0,112.0,Mahindra,16,4
2014,450000.0,70000.0,Diesel,Individual,Manual,First Owner,5.0,23.4,1248.0,74.0,Maruti,12,1
2017,800000.0,51146.0,Diesel,Individual,Manual,First Owner,5.0,24.3,1248.0,88.5,Maruti,9,1
2011,215000.0,40000.0,Petrol,Individual,Manual,First Owner,5.0,21.1,1197.0,85.8,Maruti,15,1
2017,760000.0,50000.0,Diesel,Individual,Manual,First Owner,5.0,24.3,1248.0,88.5,Maruti,9,1
2015,416000.0,80000.0,Diesel,Individual,Manual,First Owner,5.0,20.14,1498.0,88.8,Volkswagen,11,1
2011,195000.0,120000.0,Petrol,Individual,Manual,First Owner,5.0,18.9,998.0,67.1,Maruti,15,1
2017,325000.0,23000.0,Petrol,Individual,Manual,First Owner,5.0,24.7,796.0,47.3,Maruti,9,1
2010,145000.0,70000.0,Petrol,Individual,Manual,Second Owner,5.0,20.92,998.0,67.1,Maruti,16,2
2018,675000.0,23000.0,Diesel,Individual,Manual,First Owner,5.0,28.4,1248.0,74.0,Maruti,8,1
2016,340000.0,30000.0,Petrol,Individual,Manual,Second Owner,5.0,20.51,998.0,67.04,Maruti,10,2
2011,340000.0,50000.0,Diesel,Individual,Manual,First Owner,5.0,19.0,1248.0,90.0,Tata,15,1
2014,260000.0,40000.0,Petrol,Individual,Manual,First Owner,5.0,16.8,796.0,34.2,Maruti,12,1
2015,300000.0,50000.0,Petrol,Individual,Manual,First Owner,5.0,22.74,796.0,47.3,Maruti,11,1
2007,75000.0,60000.0,Petrol,Individual,Manual,Second Owner,4.0,16.1,796.0,37.0,Maruti,19,2
2011,350000.0,80000.0,Diesel,Individual,Manual,First Owner,5.0,19.4,1405.0,70.0,Tata,15,1
2019,1000000.0,15000.0,Petrol,Individual,Manual,First Owner,6.0,19.01,1462.0,103.2,Maruti,7,1
2010,170000.0,150000.0,Diesel,Individual,Manual,Third Owner,5.0,21.12,1248.0,88.8,Tata,16,3
2018,600000.0,40000.0,Petrol,Individual,Manual,First Owner,5.0,19.0,1197.0,85.8,Maruti,8,1
2010,800000.0,25000.0,Petrol,Individual,Automatic,First Owner,5.0,16.8,1497.0,118.0,Honda,16,1
2018,850000.0,120000.0,Diesel,Individual,Manual,Second Owner,7.0,17.0,2650.0,80.84,Force,8,2
2014,980000.0,120000.0,Diesel,Individual,Manual,Second Owner,7.0,15.1,2179.0,140.0,Mahindra,12,2
2011,850000.0,225000.0,Diesel,Individual,Manual,Second Owner,7.0,13.1,2499.0,141.0,Ford,15,2
2012,340000.0,225000.0,Diesel,Individual,Manual,Third Owner,7.0,14.07,2956.0,68.4,Tata,14,3
2018,900000.0,50000.0,Diesel,Individual,Automatic,Second Owner,5.0,24.3,1248.0,88.5,Maruti,8,2
2010,310000.0,120000.0,Diesel,Individual,Manual,Second Owner,5.0,19.3,1248.0,73.9,Maruti,16,2
2013,600000.0,60000.0,Diesel,Individual,Manual,Third Owner,7.0,20.77,1248.0,88.8,Maruti,13,3
2008,270000.0,149000.0,Diesel,Individual,Manual,Second Owner,5.0,19.3,1248.0,73.9,Maruti,18,2
2019,509999.0,5000.0,Petrol,Individual,Manual,First Owner,5.0,20.3,1086.0,68.0,Hyundai,7,1
2013,225000.0,70000.0,Diesel,Individual,Manual,Second Owner,5.0,19.4,1405.0,70.0,Tata,13,2
2015,280000.0,55000.0,Petrol,Individual,Manual,First Owner,5.0,20.36,1197.0,78.9,Hyundai,11,1
2016,490000.0,100000.0,Diesel,Individual,Manual,First Owner,5.0,27.28,1047.0,69.0,Tata,10,1
2013,440000.0,120000.0,Diesel,Individual,Manual,First Owner,9.0,15.96,2523.0,62.1,Mahindra,13,1
2014,500000.0,225000.0,Diesel,Individual,Manual,First Owner,7.0,14.0,2179.0,138.1,Tata,12,1
2005,476999.0,85000.0,Petrol,Individual,Manual,Third Owner,5.0,11.1,2354.0,158.8,Honda,21,3
2015,590000.0,70000.0,Petrol,Individual,Manual,Third Owner,5.0,17.19,1197.0,81.86,Hyundai,11,3
2010,500000.0,120000.0,Diesel,Individual,Manual,First Owner,7.0,13.1,2499.0,141.0,Ford,16,1
2015,600000.0,40000.0,Diesel,Individual,Manual,First Owner,5.0,22.77,1498.0,98.59,Ford,11,1
2016,750000.0,70000.0,Diesel,Individual,Manual,First Owner,7.0,15.4,1997.0,120.0,Mahindra,10,1
2017,2950000.0,39000.0,Diesel,Dealer,Automatic,First Owner,5.0,19.59,1995.0,187.74,Bmw,9,1
2019,5200000.0,10000.0,Diesel,Dealer,Automatic,First Owner,5.0,18.12,1995.0,190.0,Bmw,7,1
2019,695000.0,36800.0,Diesel,Dealer,Manual,First Owner,5.0,20.14,1498.0,88.0,Volkswagen,7,1
2018,690000.0,52200.0,Diesel,Dealer,Manual,First Owner,5.0,26.59,1248.0,74.0,Maruti,8,1
2016,409999.0,78000.0,Diesel,Dealer,Manual,First Owner,5.0,24.0,1186.0,73.97,Hyundai,10,1
2020,1650000.0,16000.0,Diesel,Dealer,Manual,First Owner,5.0,17.0,1956.0,167.67,Tata,6,1
2016,2375000.0,30000.0,Diesel,Dealer,Automatic,First Owner,5.0,15.73,1968.0,174.33,Audi,10,1
2017,525000.0,29000.0,Diesel,Dealer,Manual,Second Owner,5.0,24.0,1186.0,73.97,Hyundai,9,2
2019,2150000.0,25000.0,Diesel,Dealer,Manual,First Owner,5.0,16.3,1956.0,170.63,Jeep,7,1
2013,540000.0,60000.0,Diesel,Individual,Manual,Second Owner,7.0,15.1,2179.0,140.0,Mahindra,13,2
2017,2750000.0,60000.0,Diesel,Dealer,Automatic,Second Owner,7.0,12.55,2982.0,168.5,Toyota,9,2
2016,1000000.0,112000.0,Diesel,Dealer,Manual,Second Owner,7.0,15.4,1997.0,120.0,Mahindra,10,2
2018,2900000.0,15000.0,Diesel,Dealer,Automatic,First Owner,5.0,18.25,1968.0,187.74,Audi,8,1
2017,725000.0,40000.0,Diesel,Dealer,Manual,First Owner,7.0,18.49,1493.0,100.0,Mahindra,9,1
2018,975000.0,36000.0,Diesel,Dealer,Manual,First Owner,5.0,28.09,1248.0,88.5,Maruti,8,1
2016,355000.0,60000.0,Petrol,Dealer,Manual,First Owner,5.0,21.79,998.0,67.05,Maruti,10,1
2008,400000.0,120000.0,Petrol,Individual,Manual,First Owner,5.0,11.1,2354.0,158.8,Honda,18,1
2015,265000.0,48000.0,Petrol,Dealer,Manual,First Owner,5.0,24.7,796.0,47.3,Maruti,11,1
2018,650000.0,40000.0,Diesel,Dealer,Manual,First Owner,5.0,20.14,1498.0,88.0,Volkswagen,8,1
2017,720000.0,60000.0,Diesel,Individual,Manual,First Owner,5.0,28.09,1248.0,88.5,Maruti,9,1
2016,850000.0,25000.0,Petrol,Individual,Manual,First Owner,5.0,17.01,1591.0,121.3,Hyundai,10,1
2015,290000.0,42000.0,Petrol,Individual,Manual,First Owner,5.0,23.95,998.0,67.05,Maruti,11,1
2010,1200000.0,35000.0,Petrol,Individual,Automatic,Second Owner,5.0,10.93,2497.0,204.0,Mercedes-Benz,16,2
2016,600000.0,90000.0,Diesel,Individual,Automatic,Second Owner,7.0,18.49,1493.0,100.0,Mahindra,10,2
2011,300000.0,90000.0,Diesel,Individual,Manual,Second Owner,5.0,21.1,1248.0,73.9,Maruti,15,2
2012,225000.0,110000.0,Diesel,Individual,Manual,Second Owner,5.0,23.08,1461.0,63.12,Renault,14,2
2009,240000.0,70000.0,Diesel,Individual,Manual,Second Owner,5.0,19.3,1248.0,73.9,Maruti,17,2
2014,700000.0,80000.0,Diesel,Individual,Manual,First Owner,5.0,22.32,1582.0,126.32,Hyundai,12,1
2014,470000.0,70000.0,Diesel,Individual,Manual,Second Owner,5.0,25.2,1248.0,74.0,Maruti,12,2
2016,800000.0,80000.0,Diesel,Individual,Manual,First Owner,5.0,21.19,1396.0,88.73,Hyundai,10,1
2012,450000.0,90000.0,Diesel,Individual,Manual,First Owner,5.0,19.01,1461.0,108.45,Renault,14,1
2007,90000.0,90000.0,Diesel,Individual,Manual,Third Owner,5.0,17.2,1396.0,53.5,Tata,19,3
2010,450000.0,120000.0,Diesel,Individual,Manual,Second Owner,5.0,21.43,1364.0,87.2,Toyota,16,2
2012,400000.0,107500.0,Diesel,Individual,Manual,Second Owner,5.0,19.3,1248.0,82.0,Toyota,14,2
2017,1465000.0,62000.0,Diesel,Dealer,Automatic,First Owner,7.0,11.36,2755.0,171.5,Toyota,9,1
2016,925000.0,79000.0,Diesel,Dealer,Manual,First Owner,5.0,19.67,1582.0,126.2,Hyundai,10,1
2016,1385000.0,60000.0,Diesel,Dealer,Manual,Second Owner,7.0,13.68,2393.0,147.8,Toyota,10,2
2015,2000000.0,20000.0,Diesel,Individual,Manual,First Owner,7.0,12.55,2982.0,168.5,Toyota,11,1
2004,80000.0,225000.0,Diesel,Individual,Manual,Second Owner,5.0,16.1,1405.0,70.0,Tata,22,2
2007,300000.0,110000.0,Diesel,Individual,Manual,Second Owner,7.0,10.5,2179.0,120.0,Mahindra,19,2
2009,360000.0,100000.0,Diesel,Individual,Manual,First Owner,5.0,19.3,1248.0,73.9,Maruti,17,1
2010,320000.0,70000.0,Diesel,Individual,Manual,Second Owner,5.0,16.2,1493.0,110.0,Hyundai,16,2
1994,99000.0,100000.0,Diesel,Individual,Manual,Second Owner,5.0,12.8,1995.0,52.0,Ambassador,32,2
2016,780000.0,50000.0,Diesel,Individual,Manual,Second Owner,7.0,24.52,1248.0,88.5,Maruti,10,2
2013,620000.0,139000.0,Diesel,Individual,Manual,First Owner,7.0,20.77,1248.0,88.76,Maruti,13,1
2006,100000.0,120000.0,Petrol,Individual,Manual,Third Owner,5.0,13.1,1781.0,149.5,Skoda,20,3
2014,210000.0,35000.0,Petrol,Individual,Manual,Second Owner,5.0,16.7,1172.0,64.1,Tata,12,2
2015,375000.0,80000.0,Diesel,Individual,Manual,First Owner,7.0,15.96,2523.0,62.1,Mahindra,11,1
2019,786000.0,7720.0,Petrol,Individual,Manual,First Owner,7.0,20.0,999.0,71.0,Renault,7,1
2014,1000000.0,50000.0,Diesel,Individual,Manual,First Owner,7.0,15.1,2179.0,140.0,Mahindra,12,1
2002,120000.0,60000.0,Diesel,Individual,Manual,Second Owner,5.0,20.8,1527.0,58.0,Maruti,24,2
2016,750000.0,100000.0,Diesel,Individual,Manual,First Owner,5.0,20.8,1461.0,64.1,Mahindra,10,1
2016,550000.0,57882.0,Petrol,Individual,Manual,First Owner,5.0,18.6,1197.0,81.83,Hyundai,10,1
2018,875000.0,142000.0,Diesel,Individual,Manual,First Owner,5.0,14.1,2179.0,147.94,Tata,8,1
2018,890000.0,140000.0,Diesel,Individual,Manual,Third Owner,5.0,14.1,2179.0,147.94,Tata,8,3
2015,700000.0,35000.0,Petrol,Individual,Manual,First Owner,7.0,16.02,1373.0,93.7,Maruti,11,1
2015,550000.0,30000.0,Diesel,Individual,Manual,First Owner,7.0,15.96,2523.0,62.1,Mahindra,11,1
2018,400000.0,10000.0,Petrol,Individual,Manual,First Owner,5.0,19.83,1198.0,67.0,Datsun,8,1
2015,290000.0,30000.0,Petrol,Individual,Manual,Second Owner,5.0,23.1,998.0,67.04,Maruti,11,2
2012,150000.0,90000.0,Diesel,Individual,Manual,First Owner,5.0,19.09,1396.0,69.0,Tata,14,1
2015,300000.0,35000.0,Petrol,Individual,Manual,Second Owner,7.0,15.37,1196.0,73.0,Maruti,11,2
2009,220000.0,25000.0,Petrol,Individual,Manual,First Owner,5.0,19.3,1248.0,82.0,Maruti,17,1
2008,221000.0,35008.0,Petrol,Dealer,Manual,First Owner,5.0,21.79,998.0,67.05,Maruti,18,1
2017,270000.0,31100.0,Petrol,Dealer,Manual,First Owner,5.0,22.7,799.0,53.64,Datsun,9,1
2014,455000.0,42312.0,Diesel,Dealer,Manual,First Owner,5.0,24.4,1120.0,71.0,Hyundai,12,1
2011,300000.0,72000.0,Petrol,Dealer,Manual,First Owner,5.0,17.6,1496.0,88.7,Toyota,15,1
2014,480000.0,54891.0,Diesel,Dealer,Manual,First Owner,5.0,23.59,1364.0,67.04,Toyota,12,1
2018,1000000.0,30000.0,Diesel,Individual,Automatic,First Owner,5.0,22.0,1582.0,126.2,Hyundai,8,1
2017,2600000.0,44000.0,Diesel,Dealer,Automatic,First Owner,5.0,22.69,1995.0,190.0,Bmw,9,1
2017,1850000.0,18890.0,Diesel,Dealer,Automatic,First Owner,7.0,11.36,2755.0,171.5,Toyota,9,1
2019,500000.0,5000.0,Petrol,Individual,Manual,First Owner,5.0,20.3,1086.0,68.0,Hyundai,7,1
2013,800000.0,117000.0,Diesel,Dealer,Automatic,First Owner,7.0,11.18,2696.0,184.0,Mahindra,13,1
2013,1000000.0,75010.0,Diesel,Dealer,Automatic,First Owner,5.0,13.73,1995.0,148.0,Renault,13,1
2013,250000.0,50000.0,Diesel,Individual,Manual,First Owner,5.0,21.02,1248.0,88.8,Tata,13,1
2012,245000.0,100000.0,Diesel,Dealer,Manual,First Owner,5.0,23.08,1461.0,63.1,Renault,14,1
2019,625000.0,4337.0,Petrol,Dealer,Automatic,First Owner,5.0,18.9,1197.0,82.0,Hyundai,7,1
2018,560000.0,14495.0,Petrol,Dealer,Manual,First Owner,5.0,18.78,999.0,75.0,Volkswagen,8,1
2018,680000.0,8576.0,Petrol,Dealer,Manual,First Owner,5.0,18.7,1199.0,88.7,Honda,8,1
2019,700000.0,30000.0,Diesel,Individual,Manual,First Owner,5.0,28.4,1248.0,74.02,Maruti,7,1
2013,220000.0,80000.0,Diesel,Individual,Manual,First Owner,5.0,23.03,1396.0,69.0,Tata,13,1
2017,450000.0,70000.0,Diesel,Individual,Manual,First Owner,5.0,19.09,1405.0,69.01,Tata,9,1
2017,525000.0,19723.0,Petrol,Dealer,Automatic,First Owner,5.0,20.3,1199.0,84.0,Tata,9,1
2009,650000.0,225000.0,Diesel,Individual,Manual,Fourth & Above Owner,7.0,12.8,2494.0,102.0,Toyota,17,4
2018,5200000.0,22000.0,Diesel,Individual,Automatic,First Owner,4.0,17.09,2993.0,261.4,Bmw,8,1
2017,875000.0,30000.0,Diesel,Dealer,Automatic,First Owner,5.0,28.4,1248.0,74.02,Maruti,9,1
2019,785000.0,9000.0,Petrol,Dealer,Manual,First Owner,5.0,18.6,1197.0,81.83,Hyundai,7,1
2017,819999.0,30000.0,Petrol,Dealer,Manual,First Owner,5.0,17.5,1199.0,88.7,Honda,9,1
2016,2950000.0,60000.0,Diesel,Dealer,Automatic,First Owner,5.0,21.76,1995.0,188.0,Bmw,10,1
2016,1925000.0,27000.0,Diesel,Dealer,Manual,First Owner,7.0,13.68,2393.0,147.51,Toyota,10,1
2017,885000.0,39000.0,Diesel,Dealer,Manual,First Owner,5.0,25.5,1498.0,98.6,Honda,9,1
2015,680000.0,64000.0,Petrol,Dealer,Automatic,First Owner,5.0,16.05,1499.0,110.4,Ford,11,1
2017,960000.0,42000.0,Diesel,Dealer,Manual,First Owner,5.0,23.0,1498.0,98.96,Ford,9,1
2012,385000.0,45000.0,Petrol,Dealer,Manual,First Owner,5.0,18.5,1198.0,86.8,Honda,14,1
2019,1650000.0,15000.0,Diesel,Dealer,Manual,First Owner,5.0,17.0,1956.0,167.67,Tata,7,1
2018,890000.0,55000.0,Diesel,Dealer,Manual,First Owner,7.0,18.49,1493.0,100.0,Mahindra,8,1
2015,1275000.0,64000.0,Diesel,Dealer,Automatic,First Owner,7.0,11.4,2953.0,153.86,Ford,11,1
2018,5200000.0,27000.0,Diesel,Dealer,Automatic,First Owner,4.0,17.09,2993.0,261.4,Bmw,8,1
2019,1025000.0,15000.0,Petrol,Dealer,Automatic,First Owner,5.0,20.28,1462.0,103.25,Maruti,7,1
2016,675000.0,69000.0,Petrol,Dealer,Automatic,First Owner,5.0,17.2,1197.0,103.6,Volkswagen,10,1
2017,700000.0,80000.0,Petrol,Dealer,Manual,First Owner,5.0,22.0,1197.0,81.8,Maruti,9,1
2016,780000.0,60000.0,Diesel,Dealer,Manual,First Owner,5.0,22.77,1498.0,98.59,Ford,10,1
2017,1050000.0,70000.0,Diesel,Dealer,Manual,First Owner,5.0,22.32,1582.0,126.32,Hyundai,9,1
2015,2700000.0,105000.0,Diesel,Dealer,Automatic,Second Owner,5.0,13.22,2967.0,241.4,Audi,11,2
2016,400000.0,100000.0,Diesel,Individual,Manual,First Owner,5.0,22.95,1248.0,74.0,Tata,10,1
2011,400000.0,100000.0,Diesel,Individual,Manual,First Owner,9.0,15.96,2523.0,62.1,Mahindra,15,1
2009,85000.0,90000.0,Petrol,Individual,Manual,Second Owner,5.0,19.7,796.0,46.3,Maruti,17,2
2018,1300000.0,35000.0,Diesel,Individual,Manual,First Owner,7.0,17.6,2179.0,153.86,Tata,8,1
2018,819999.0,11500.0,Diesel,Individual,Manual,First Owner,7.0,18.49,1493.0,100.0,Mahindra,8,1
2015,620000.0,40000.0,Diesel,Individual,Automatic,First Owner,7.0,18.49,1493.0,100.0,Mahindra,11,1
2018,260000.0,50000.0,Petrol,Individual,Manual,First Owner,5.0,23.01,999.0,67.0,Renault,8,1
2016,805000.0,49900.0,Petrol,Dealer,Manual,First Owner,5.0,16.3,1797.0,147.5,Hyundai,10,1
2015,484999.0,55380.0,Petrol,Dealer,Manual,First Owner,5.0,18.9,1197.0,82.0,Hyundai,11,1
2017,2711000.0,9000.0,Diesel,Dealer,Automatic,First Owner,5.0,13.6,1999.0,177.0,Jaguar,9,1
2018,811000.0,11000.0,Petrol,Dealer,Manual,First Owner,5.0,17.0,1198.0,108.5,Tata,8,1
2015,575000.0,50000.0,Petrol,Individual,Automatic,First Owner,5.0,19.0,1199.0,88.7,Honda,11,1
2018,1675000.0,80000.0,Diesel,Individual,Manual,First Owner,5.0,17.1,1956.0,170.0,Jeep,8,1
2016,645000.0,11000.0,Petrol,Dealer,Automatic,First Owner,5.0,14.3,1598.0,103.5,Skoda,10,1
2015,2500000.0,13500.0,Diesel,Dealer,Automatic,First Owner,5.0,14.74,2993.0,270.9,Jaguar,11,1
2018,2550000.0,18000.0,Petrol,Dealer,Automatic,First Owner,5.0,15.04,1991.0,183.0,Mercedes-Benz,8,1
2017,2700000.0,16000.0,Petrol,Dealer,Automatic,First Owner,5.0,14.74,1991.0,181.04,Mercedes-Benz,9,1
2017,650000.0,18816.0,Petrol,Dealer,Manual,First Owner,5.0,17.0,1198.0,73.75,Volkswagen,9,1
2017,1748999.0,33019.0,Diesel,Dealer,Manual,First Owner,7.0,13.68,2393.0,147.8,Toyota,9,1
2017,925000.0,18000.0,Petrol,Dealer,Automatic,First Owner,5.0,15.6,1497.0,116.3,Honda,9,1
2019,894999.0,9654.0,Petrol,Dealer,Automatic,First Owner,5.0,19.56,1197.0,81.8,Toyota,7,1
2011,175000.0,11000.0,Petrol,Dealer,Manual,First Owner,5.0,23.95,998.0,67.05,Maruti,15,1
2012,340000.0,24300.0,Petrol,Dealer,Manual,First Owner,5.0,21.21,1197.0,81.8,Maruti,14,1
2016,1525000.0,42163.0,Diesel,Dealer,Automatic,Second Owner,7.0,11.36,2755.0,171.5,Toyota,10,2
2017,810000.0,47747.0,Diesel,Dealer,Manual,First Owner,5.0,28.09,1248.0,88.5,Maruti,9,1
2018,1025000.0,8000.0,Diesel,Dealer,Automatic,First Owner,5.0,21.5,1497.0,108.5,Tata,8,1
2016,2150000.0,30000.0,Diesel,Dealer,Automatic,First Owner,5.0,22.69,1995.0,190.0,Bmw,10,1
2013,910000.0,70000.0,Diesel,Individual,Manual,Second Owner,8.0,12.99,2494.0,100.0,Toyota,13,2
2016,300000.0,60000.0,Diesel,Individual,Manual,Second Owner,5.0,17.88,1405.0,48.21,Tata,10,2
2004,120000.0,80000.0,Petrol,Individual,Manual,Second Owner,5.0,17.3,993.0,60.0,Maruti,22,2
2015,490000.0,45900.0,Petrol,Individual,Manual,Second Owner,5.0,18.6,1197.0,81.83,Hyundai,11,2
2013,425000.0,70000.0,Diesel,Individual,Manual,First Owner,5.0,25.8,1498.0,98.6,Honda,13,1
2011,155000.0,40000.0,Petrol,Individual,Manual,First Owner,5.0,19.7,796.0,46.3,Maruti,15,1
2013,490000.0,90000.0,Diesel,Individual,Manual,Second Owner,8.0,12.05,2179.0,120.0,Mahindra,13,2
2010,132000.0,105000.0,Petrol,Individual,Manual,First Owner,5.0,19.7,796.0,46.3,Maruti,16,1
2018,750000.0,30000.0,Diesel,Individual,Manual,First Owner,5.0,22.54,1396.0,88.76,Hyundai,8,1
2011,225000.0,20000.0,Petrol,Individual,Manual,First Owner,5.0,18.9,998.0,67.1,Maruti,15,1
2011,240000.0,80000.0,Petrol,Individual,Manual,First Owner,5.0,20.36,1197.0,78.9,Hyundai,15,1
2004,33351.0,90000.0,Petrol,Individual,Manual,Third Owner,5.0,18.9,998.0,67.1,Maruti,22,3
2010,80000.0,80000.0,Petrol,Individual,Manual,Second Owner,5.0,18.0,995.0,62.0,Chevrolet,16,2
2004,40000.0,120000.0,Petrol,Individual,Manual,First Owner,4.0,16.1,796.0,37.0,Maruti,22,1
2019,1100000.0,50000.0,Diesel,Individual,Manual,Second Owner,7.0,21.9,1498.0,98.6,Honda,7,2
2017,2711000.0,9000.0,Diesel,Dealer,Automatic,First Owner,5.0,13.6,1999.0,177.0,Jaguar,9,1
2019,5150000.0,20000.0,Petrol,Dealer,Automatic,First Owner,5.0,22.37,2487.0,214.56,Lexus,7,1
2017,3200000.0,45000.0,Diesel,Dealer,Automatic,First Owner,5.0,19.33,1999.0,177.0,Jaguar,9,1
2015,503000.0,110000.0,Diesel,Individual,Manual,First Owner,7.0,14.1,2179.0,147.94,Tata,11,1
2019,3800000.0,20000.0,Diesel,Individual,Automatic,First Owner,5.0,18.0,1969.0,190.0,Volvo,7,1
2016,2000000.0,68089.0,Petrol,Trustmark Dealer,Automatic,First Owner,5.0,19.16,2494.0,157.7,Toyota,10,1
2013,225000.0,58343.0,Petrol,Trustmark Dealer,Manual,First Owner,5.0,21.79,998.0,67.05,Maruti,13,1
2018,740000.0,38817.0,Diesel,Dealer,Manual,First Owner,5.0,27.39,1248.0,74.0,Maruti,8,1
2016,550000.0,56494.0,Petrol,Trustmark Dealer,Manual,First Owner,5.0,18.2,1199.0,88.7,Honda,10,1
2013,750000.0,79328.0,Diesel,Trustmark Dealer,Manual,Second Owner,7.0,12.99,2494.0,100.6,Toyota,13,2
2019,650000.0,5621.0,Petrol,Trustmark Dealer,Automatic,First Owner,5.0,22.0,1197.0,81.8,Maruti,7,1
2017,625000.0,25538.0,Petrol,Trustmark Dealer,Manual,First Owner,5.0,16.78,1496.0,88.73,Toyota,9,1
2018,600000.0,69779.0,Petrol,Dealer,Automatic,First Owner,5.0,22.0,1197.0,81.8,Maruti,8,1
2017,450000.0,56290.0,Diesel,Dealer,Manual,First Owner,5.0,24.0,1186.0,73.97,Hyundai,9,1
2019,5200000.0,7500.0,Diesel,Dealer,Automatic,First Owner,5.0,16.78,1995.0,190.0,Bmw,7,1
2019,5200000.0,8500.0,Diesel,Dealer,Automatic,First Owner,5.0,16.78,1995.0,190.0,Bmw,7,1
2019,779000.0,7032.0,Petrol,Trustmark Dealer,Automatic,First Owner,5.0,19.0,1199.0,88.76,Honda,7,1
2016,645000.0,11000.0,Petrol,Dealer,Automatic,First Owner,5.0,14.3,1598.0,103.5,Skoda,10,1
2018,2475000.0,2000.0,Diesel,Dealer,Automatic,First Owner,5.0,16.8,1984.0,150.0,Volvo,8,1
2016,380000.0,80000.0,Diesel,Individual,Manual,Second Owner,5.0,24.4,1120.0,71.0,Hyundai,10,2
2011,300000.0,120000.0,Diesel,Individual,Manual,Second Owner,7.0,11.57,2179.0,138.1,Tata,15,2
2014,240000.0,50000.0,Petrol,Individual,Manual,First Owner,5.0,22.74,796.0,47.3,Maruti,12,1
2011,325000.0,70000.0,Diesel,Individual,Manual,First Owner,5.0,22.9,1248.0,74.0,Maruti,15,1
2016,400000.0,130000.0,Diesel,Individual,Manual,First Owner,6.0,25.32,1198.0,77.0,Mahindra,10,1
2017,800000.0,50000.0,Diesel,Individual,Manual,First Owner,8.0,21.04,1461.0,83.8,Renault,9,1
2018,950000.0,80000.0,Diesel,Individual,Manual,First Owner,5.0,23.0,1498.0,98.96,Ford,8,1
2013,300000.0,120000.0,Diesel,Individual,Manual,Fourth & Above Owner,5.0,22.9,1248.0,74.0,Maruti,13,4
2020,350000.0,5000.0,Petrol,Individual,Manual,First Owner,5.0,22.05,796.0,47.3,Maruti,6,1
2017,530000.0,59000.0,Petrol,Individual,Manual,First Owner,5.0,18.15,1198.0,82.0,Mahindra,9,1
2013,350000.0,100000.0,Diesel,Individual,Manual,Third Owner,7.0,18.2,1248.0,73.8,Chevrolet,13,3
2008,168000.0,50000.0,Petrol,Individual,Automatic,First Owner,5.0,11.0,2359.0,165.0,Hyundai,18,1
2016,240000.0,45000.0,Petrol,Individual,Manual,Second Owner,5.0,25.17,799.0,53.3,Renault,10,2
2010,220000.0,80000.0,Diesel,Individual,Manual,Fourth & Above Owner,5.0,19.3,1248.0,73.9,Maruti,16,4
2008,110000.0,80000.0,Petrol,Individual,Manual,Fourth & Above Owner,5.0,18.9,1061.0,67.0,Maruti,18,4
2016,850000.0,100000.0,Diesel,Individual,Manual,First Owner,5.0,24.3,1248.0,88.5,Maruti,10,1
2014,545000.0,110000.0,Diesel,Individual,Manual,First Owner,7.0,20.77,1248.0,88.76,Maruti,12,1
2018,2064000.0,24000.0,Diesel,Individual,Manual,First Owner,8.0,13.68,2393.0,147.8,Toyota,8,1
2018,950000.0,25000.0,Diesel,Individual,Manual,First Owner,5.0,25.1,1248.0,88.5,Maruti,8,1
2013,200000.0,68697.0,Petrol,Individual,Manual,Third Owner,5.0,21.1,814.0,55.2,Hyundai,13,3
2017,660000.0,30000.0,Diesel,Individual,Manual,First Owner,5.0,25.2,1248.0,74.0,Maruti,9,1
2013,420000.0,40000.0,Diesel,Individual,Manual,Second Owner,5.0,25.8,1498.0,98.6,Honda,13,2
2010,150000.0,29000.0,Petrol,Individual,Manual,First Owner,5.0,16.5,1172.0,65.0,Tata,16,1
2013,175000.0,68000.0,Diesel,Individual,Manual,Second Owner,5.0,25.44,936.0,57.6,Chevrolet,13,2
2018,750000.0,15000.0,Petrol,Individual,Automatic,First Owner,5.0,18.1,1199.0,88.7,Honda,8,1
2014,425000.0,70000.0,Diesel,Individual,Manual,First Owner,5.0,23.2,1248.0,73.94,Maruti,12,1
2015,790000.0,126000.0,Diesel,Individual,Manual,Third Owner,5.0,21.43,1364.0,87.2,Toyota,11,3
2011,830000.0,225000.0,Diesel,Individual,Manual,Third Owner,7.0,12.8,2494.0,102.0,Toyota,15,3
2015,650000.0,94000.0,Diesel,Individual,Manual,Second Owner,7.0,24.5,1498.0,98.6,Honda,11,2
2015,780000.0,129000.0,Diesel,Individual,Manual,Third Owner,5.0,21.43,1364.0,87.2,Toyota,11,3
2010,180000.0,55000.0,Petrol,Individual,Manual,Second Owner,5.0,19.81,1086.0,68.05,Hyundai,16,2
2019,869999.0,40000.0,Diesel,Individual,Manual,First Owner,5.0,23.0,1498.0,98.96,Ford,7,1
2011,275000.0,50000.0,Diesel,Individual,Manual,First Owner,5.0,21.12,1248.0,88.8,Tata,15,1
2017,630000.0,25000.0,Petrol,Individual,Manual,Second Owner,5.0,18.6,1197.0,81.83,Hyundai,9,2
2008,150000.0,60000.0,Petrol,Individual,Manual,Second Owner,5.0,13.4,1794.0,125.0,Toyota,18,2
2016,315000.0,25000.0,Petrol,Individual,Manual,First Owner,5.0,22.74,796.0,47.3,Maruti,10,1
2011,189000.0,70000.0,Diesel,Individual,Manual,Second Owner,5.0,23.57,1396.0,70.0,Tata,15,2
2014,580000.0,120000.0,Diesel,Individual,Manual,First Owner,5.0,23.4,1248.0,74.0,Maruti,12,1
2009,150000.0,153000.0,Diesel,Individual,Manual,Second Owner,5.0,19.3,1248.0,82.0,Fiat,17,2
2018,825000.0,35000.0,Diesel,Individual,Manual,First Owner,5.0,24.3,1248.0,88.5,Maruti,8,1
2016,650000.0,60000.0,Diesel,Individual,Manual,Second Owner,7.0,14.1,2179.0,148.0,Tata,10,2
2004,50000.0,62000.0,Petrol,Individual,Manual,Second Owner,5.0,13.0,1343.0,90.0,Honda,22,2
2011,200000.0,120000.0,Petrol,Individual,Manual,Second Owner,5.0,16.25,1198.0,73.9,Skoda,15,2
2013,135000.0,120000.0,Diesel,Individual,Manual,Third Owner,7.0,15.42,1405.0,70.0,Tata,13,3
2017,680000.0,80000.0,Diesel,Individual,Manual,First Owner,5.0,22.54,1396.0,88.73,Hyundai,9,1
2017,670000.0,80000.0,Diesel,Individual,Manual,First Owner,5.0,22.54,1396.0,88.73,Hyundai,9,1
2010,1000000.0,60000.0,Diesel,Individual,Automatic,First Owner,5.0,16.73,1995.0,218.0,Bmw,16,1
2010,240000.0,80000.0,Petrol,Individual,Manual,Second Owner,5.0,20.92,998.0,67.1,Maruti,16,2
2014,555000.0,147279.0,Diesel,Individual,Manual,Second Owner,7.0,17.0,2200.0,139.01,Force,12,2
2013,455000.0,98000.0,Diesel,Individual,Manual,First Owner,5.0,20.5,1598.0,103.5,Skoda,13,1
2018,750000.0,25000.0,Diesel,Individual,Manual,First Owner,5.0,28.4,1248.0,74.02,Maruti,8,1
2016,700000.0,90000.0,Diesel,Individual,Automatic,First Owner,5.0,26.59,1248.0,74.0,Maruti,10,1
2016,220000.0,22000.0,Petrol,Individual,Automatic,First Owner,4.0,21.9,624.0,37.48,Tata,10,1
2014,160000.0,120000.0,Diesel,Individual,Manual,First Owner,5.0,25.0,1396.0,69.0,Tata,12,1
2013,225000.0,100000.0,Diesel,Individual,Manual,Second Owner,5.0,22.1,1248.0,76.9,Chevrolet,13,2
2008,140000.0,120000.0,Diesel,Individual,Manual,Second Owner,5.0,19.09,1396.0,69.0,Tata,18,2
2014,600000.0,70000.0,Diesel,Individual,Manual,Second Owner,5.0,23.4,1248.0,74.0,Maruti,12,2
2015,1000000.0,24700.0,Diesel,Individual,Manual,First Owner,7.0,16.0,2179.0,140.0,Mahindra,11,1
2008,65000.0,100000.0,Petrol,Individual,Manual,Third Owner,5.0,18.0,995.0,62.0,Chevrolet,18,3
2019,500000.0,10000.0,Petrol,Individual,Manual,First Owner,5.0,20.89,1197.0,81.8,Maruti,7,1
2017,1100000.0,88754.0,Diesel,Dealer,Manual,First Owner,7.0,16.0,2179.0,140.0,Mahindra,9,1
2011,325000.0,53287.0,Petrol,Dealer,Manual,First Owner,5.0,19.3,1248.0,82.0,Ford,15,1
2017,1150000.0,43526.0,Diesel,Dealer,Manual,First Owner,7.0,16.0,2179.0,140.0,Mahindra,9,1
2012,320000.0,55885.0,Petrol,Dealer,Manual,First Owner,5.0,16.25,1198.0,75.0,Skoda,14,1
2019,950000.0,16034.0,Diesel,Dealer,Manual,First Owner,5.0,21.7,1498.0,98.96,Ford,7,1
2012,250000.0,156040.0,Diesel,Dealer,Manual,First Owner,5.0,20.0,1399.0,68.0,Ford,14,1
2004,400000.0,93415.0,Diesel,Dealer,Manual,First Owner,7.0,13.1,2499.0,141.0,Ford,22,1
2008,1100000.0,122000.0,Diesel,Individual,Automatic,Second Owner,5.0,18.48,1995.0,177.0,Bmw,18,2
2017,600000.0,20000.0,Diesel,Individual,Manual,First Owner,5.0,27.39,1248.0,74.0,Maruti,9,1
2017,509999.0,46000.0,Petrol,Individual,Manual,First Owner,5.0,22.0,1197.0,81.8,Maruti,9,1
2016,395000.0,50000.0,Petrol,Individual,Manual,Third Owner,5.0,15.41,1598.0,103.2,Skoda,10,3
2018,469000.0,5000.0,Petrol,Individual,Manual,First Owner,5.0,21.79,998.0,67.05,Maruti,8,1
2017,250000.0,42000.0,Petrol,Individual,Manual,First Owner,5.0,24.7,796.0,47.3,Maruti,9,1
2011,130000.0,68519.0,Petrol,Dealer,Manual,First Owner,5.0,16.2,995.0,62.1,Chevrolet,15,1
2019,906000.0,30000.0,Diesel,Individual,Manual,First Owner,5.0,23.0,1498.0,98.96,Ford,7,1
2011,160000.0,85000.0,Diesel,Individual,Manual,First Owner,5.0,20.0,1399.0,68.0,Ford,15,1
2012,300000.0,88000.0,Petrol,Individual,Manual,First Owner,5.0,17.5,1298.0,85.8,Maruti,14,1
2010,60000.0,100000.0,Petrol,Individual,Manual,Fourth & Above Owner,5.0,14.0,796.0,37.5,Maruti,16,4
2014,400000.0,100000.0,Petrol,Individual,Manual,Second Owner,5.0,19.1,1197.0,85.8,Maruti,12,2
2018,450000.0,22966.0,Petrol,Dealer,Manual,First Owner,5.0,23.84,1199.0,84.48,Tata,8,1
2014,465000.0,80000.0,Diesel,Individual,Manual,Second Owner,7.0,15.96,2523.0,62.1,Mahindra,12,2
2012,325000.0,80000.0,Diesel,Individual,Manual,Second Owner,5.0,22.9,1248.0,74.0,Maruti,14,2
2008,150000.0,70000.0,Petrol,Individual,Manual,Second Owner,5.0,19.7,796.0,46.3,Maruti,18,2
2014,250000.0,2350.0,Petrol,Individual,Manual,First Owner,5.0,21.1,814.0,55.2,Hyundai,12,1
2011,175000.0,50000.0,Petrol,Individual,Manual,First Owner,5.0,19.7,796.0,46.3,Maruti,15,1
2010,175000.0,58000.0,Petrol,Individual,Manual,First Owner,5.0,19.7,796.0,46.3,Maruti,16,1
2006,150000.0,80000.0,Petrol,Individual,Manual,Second Owner,5.0,16.9,1497.0,100.0,Honda,20,2
2018,797000.0,60000.0,Diesel,Individual,Manual,First Owner,7.0,16.5,1493.0,70.0,Mahindra,8,1
2019,800000.0,35000.0,Petrol,Individual,Manual,First Owner,5.0,18.6,1197.0,81.86,Hyundai,7,1
2019,750000.0,59872.0,Diesel,Individual,Manual,First Owner,7.0,15.96,2523.0,62.1,Mahindra,7,1
2011,400000.0,140000.0,Diesel,Individual,Manual,Second Owner,5.0,13.5,2179.0,115.0,Mahindra,15,2
2012,160000.0,110000.0,Petrol,Individual,Manual,First Owner,5.0,19.7,796.0,46.3,Maruti,14,1
2016,700000.0,91182.0,Diesel,Individual,Manual,First Owner,7.0,15.96,2523.0,62.1,Mahindra,10,1
2010,160000.0,60000.0,Petrol,Individual,Manual,Third Owner,5.0,19.7,796.0,46.3,Maruti,16,3
2012,400000.0,100000.0,Diesel,Individual,Manual,First Owner,5.0,21.27,1396.0,88.76,Hyundai,14,1
2013,451000.0,120000.0,Diesel,Individual,Manual,First Owner,5.0,23.59,1364.0,67.06,Toyota,13,1
2002,40000.0,80000.0,Petrol,Individual,Manual,First Owner,4.0,16.1,796.0,37.0,Maruti,24,1
2012,300000.0,70000.0,Diesel,Individual,Manual,Third Owner,5.0,21.12,1248.0,88.8,Tata,14,3
2017,421000.0,59500.0,Petrol,Individual,Manual,Second Owner,5.0,23.1,998.0,67.04,Maruti,9,2
2000,80000.0,100000.0,CNG,Individual,Manual,Second Owner,8.0,10.9,796.0,82.0,Maruti,26,2
2016,950000.0,45000.0,Diesel,Individual,Manual,First Owner,5.0,24.3,1248.0,88.5,Maruti,10,1
2011,395000.0,75500.0,Diesel,Individual,Manual,Second Owner,5.0,23.0,1396.0,90.0,Hyundai,15,2
2016,950000.0,46000.0,Diesel,Individual,Manual,Second Owner,5.0,24.3,1248.0,88.5,Maruti,10,2
2013,270000.0,60000.0,Petrol,Individual,Manual,First Owner,5.0,22.74,796.0,47.3,Maruti,13,1
2009,360000.0,60000.0,Petrol,Individual,Automatic,Second Owner,5.0,15.0,1396.0,100.0,Hyundai,17,2
2008,235000.0,152500.0,Diesel,Individual,Manual,First Owner,5.0,17.8,1248.0,75.0,Maruti,18,1
2014,1850000.0,60000.0,Diesel,Individual,Automatic,Second Owner,5.0,13.0,2143.0,201.1,Mercedes-Benz,12,2
2015,1900000.0,130000.0,Diesel,Individual,Automatic,First Owner,7.0,12.55,2982.0,168.5,Toyota,11,1
2017,550000.0,23456.0,Petrol,Dealer,Manual,First Owner,5.0,18.9,1197.0,82.0,Hyundai,9,1
2015,1225000.0,39000.0,Diesel,Dealer,Manual,First Owner,7.0,16.0,2179.0,140.0,Mahindra,11,1
2017,700000.0,15000.0,Petrol,Individual,Manual,First Owner,5.0,17.5,1199.0,88.7,Honda,9,1
2017,1650000.0,69123.0,Diesel,Dealer,Manual,First Owner,5.0,17.1,1956.0,170.0,Jeep,9,1
2012,376000.0,26000.0,Petrol,Individual,Manual,First Owner,5.0,19.4,1198.0,86.8,Honda,14,1
2017,875000.0,77524.0,Diesel,Dealer,Manual,First Owner,5.0,22.7,1498.0,89.84,Ford,9,1
2014,459999.0,40523.0,Petrol,Dealer,Manual,Second Owner,5.0,18.5,1197.0,82.85,Hyundai,12,2
2018,755000.0,39000.0,Diesel,Dealer,Manual,First Owner,5.0,28.4,1248.0,74.0,Maruti,8,1
2019,5200000.0,7800.0,Petrol,Dealer,Automatic,Test Drive Car,5.0,15.26,1798.0,187.74,Audi,7,0
2019,5200000.0,11500.0,Petrol,Dealer,Automatic,Test Drive Car,5.0,15.26,1798.0,187.74,Audi,7,0
2019,5200000.0,23600.0,Petrol,Dealer,Automatic,Test Drive Car,5.0,15.26,1798.0,187.74,Audi,7,0
2010,1050000.0,220000.0,Diesel,Individual,Manual,Second Owner,7.0,11.5,2982.0,171.0,Toyota,16,2
2004,215000.0,218000.0,Diesel,Individual,Manual,Second Owner,5.0,19.3,1248.0,82.0,Toyota,22,2
2015,1050000.0,120000.0,Diesel,Individual,Manual,Second Owner,7.0,15.1,2179.0,140.0,Mahindra,11,2
2018,800000.0,25000.0,Petrol,Individual,Automatic,First Owner,5.0,21.4,1197.0,83.1,Maruti,8,1
2015,600000.0,31000.0,Diesel,Individual,Manual,Second Owner,5.0,25.2,1248.0,74.0,Maruti,11,2
2017,530000.0,42000.0,Petrol,Individual,Manual,First Owner,5.0,21.4,1197.0,83.1,Maruti,9,1
2015,450000.0,80000.0,Petrol,Individual,Manual,First Owner,5.0,20.85,1197.0,83.14,Maruti,11,1
2011,235000.0,60000.0,Petrol,Individual,Manual,First Owner,5.0,20.92,998.0,67.1,Maruti,15,1
2013,550000.0,225000.0,Diesel,Individual,Manual,First Owner,5.0,23.4,1248.0,74.0,Maruti,13,1
2013,395000.0,35000.0,Petrol,Individual,Automatic,Second Owner,5.0,14.3,1598.0,103.5,Skoda,13,2
2018,450000.0,35000.0,Petrol,Individual,Manual,First Owner,5.0,20.3,1199.0,84.0,Tata,8,1
2019,600000.0,5000.0,Petrol,Individual,Manual,First Owner,7.0,20.0,999.0,72.0,Renault,7,1
2016,610000.0,110000.0,Diesel,Individual,Manual,First Owner,5.0,24.3,1248.0,88.5,Maruti,10,1
2017,690000.0,20000.0,Petrol,Individual,Manual,First Owner,5.0,18.6,1197.0,81.83,Hyundai,9,1
2018,790000.0,15000.0,Petrol,Individual,Manual,First Owner,5.0,17.0,1198.0,108.5,Tata,8,1
2014,254999.0,40000.0,Petrol,Individual,Manual,Second Owner,5.0,20.92,998.0,67.1,Maruti,12,2
2016,500000.0,41000.0,Petrol,Individual,Manual,First Owner,5.0,18.7,1199.0,88.7,Honda,10,1
2011,340000.0,100000.0,Diesel,Individual,Manual,Second Owner,7.0,13.6,2523.0,63.0,Mahindra,15,2
2008,150000.0,120000.0,Diesel,Individual,Manual,First Owner,9.0,12.2,1948.0,68.0,Tata,18,1
2007,245000.0,110000.0,Diesel,Individual,Manual,Third Owner,7.0,13.6,2523.0,63.0,Mahindra,19,3
2015,515000.0,120000.0,Diesel,Individual,Manual,Second Owner,5.0,20.34,1498.0,103.2,Volkswagen,11,2
2008,122000.0,60000.0,Diesel,Individual,Manual,Second Owner,5.0,12.8,1995.0,52.0,Ambassador,18,2
2009,160000.0,35000.0,Petrol,Individual,Manual,Third Owner,5.0,19.81,1086.0,68.05,Hyundai,17,3
2007,110000.0,120000.0,Petrol,Individual,Manual,Second Owner,5.0,19.7,796.0,46.3,Maruti,19,2
2014,360000.0,70000.0,Diesel,Individual,Manual,First Owner,5.0,25.2,1248.0,74.0,Maruti,12,1
2009,210000.0,110000.0,Diesel,Individual,Manual,First Owner,5.0,19.3,1248.0,82.0,Maruti,17,1
2011,260000.0,90000.0,Diesel,Individual,Manual,Third Owner,5.0,16.2,1493.0,110.0,Hyundai,15,3
2007,128000.0,60000.0,Petrol,Individual,Manual,Second Owner,5.0,19.7,796.0,46.3,Maruti,19,2
2015,600000.0,80000.0,Diesel,Individual,Manual,Second Owner,5.0,23.9,1582.0,126.2,Hyundai,11,2
2010,800000.0,151000.0,Diesel,Individual,Manual,Second Owner,7.0,11.5,2982.0,171.0,Toyota,16,2
2019,675000.0,25000.0,Diesel,Individual,Manual,First Owner,5.0,28.4,1248.0,74.02,Maruti,7,1
2015,1000000.0,24700.0,Diesel,Individual,Manual,First Owner,7.0,16.0,2179.0,140.0,Mahindra,11,1
2008,65000.0,100000.0,Petrol,Individual,Manual,Third Owner,5.0,18.0,995.0,62.0,Chevrolet,18,3
2019,500000.0,10000.0,Petrol,Individual,Manual,First Owner,5.0,20.89,1197.0,81.8,Maruti,7,1
2010,300000.0,50000.0,Petrol,Individual,Manual,First Owner,5.0,15.0,1586.0,104.68,Maruti,16,1
2009,125000.0,80000.0,Petrol,Individual,Manual,First Owner,4.0,16.1,796.0,37.0,Maruti,17,1
2017,550000.0,25000.0,Petrol,Individual,Manual,First Owner,5.0,18.9,1197.0,82.0,Hyundai,9,1
2007,150000.0,80000.0,Petrol,Individual,Manual,Third Owner,5.0,19.7,796.0,46.3,Maruti,19,3
2017,891000.0,80000.0,Diesel,Individual,Manual,First Owner,7.0,15.4,2179.0,120.0,Mahindra,9,1
2015,1050000.0,70000.0,Diesel,Individual,Manual,First Owner,7.0,12.99,2494.0,100.6,Toyota,11,1
2018,750000.0,15000.0,Petrol,Individual,Manual,First Owner,5.0,21.1,998.0,100.5,Maruti,8,1
2012,380000.0,27500.0,Petrol,Individual,Manual,First Owner,5.0,18.5,1197.0,82.9,Hyundai,14,1
2013,800000.0,110000.0,Diesel,Individual,Manual,Second Owner,8.0,12.99,2494.0,100.6,Toyota,13,2
2010,200000.0,120000.0,Petrol,Individual,Manual,First Owner,5.0,15.7,1390.0,75.0,Mahindra,16,1
2016,700000.0,70000.0,Diesel,Individual,Manual,First Owner,5.0,28.09,1248.0,88.5,Maruti,10,1
2002,229999.0,225000.0,Diesel,Individual,Manual,First Owner,10.0,13.1,2446.0,75.0,Toyota,24,1
2010,300000.0,74000.0,Petrol,Individual,Manual,Second Owner,5.0,12.8,2354.0,177.6,Honda,16,2
2015,670000.0,120000.0,Diesel,Individual,Manual,First Owner,7.0,24.2,1498.0,98.6,Honda,11,1
2007,210000.0,140000.0,Petrol,Individual,Manual,First Owner,5.0,17.7,1497.0,78.0,Honda,19,1
2017,370000.0,40000.0,Petrol,Individual,Manual,First Owner,5.0,20.89,1197.0,81.8,Maruti,9,1
2019,600000.0,20000.0,Petrol,Individual,Automatic,First Owner,5.0,21.4,1197.0,83.1,Maruti,7,1
2020,810000.0,15000.0,Diesel,Individual,Manual,First Owner,5.0,24.3,1248.0,88.5,Maruti,6,1
2006,80000.0,35000.0,Petrol,Individual,Manual,First Owner,5.0,19.3,1248.0,82.0,Fiat,20,1
2019,346000.0,16000.0,Petrol,Individual,Manual,First Owner,5.0,23.84,1199.0,84.0,Tata,7,1
2005,55000.0,130000.0,Petrol,Individual,Manual,First Owner,5.0,13.0,1343.0,90.0,Honda,21,1
2012,250000.0,118000.0,Diesel,Individual,Manual,Second Owner,7.0,13.93,2179.0,138.03,Tata,14,2
2006,120000.0,44000.0,Petrol,Individual,Manual,Second Owner,5.0,16.1,1298.0,88.2,Maruti,20,2
2013,600000.0,50000.0,Diesel,Individual,Manual,Second Owner,7.0,20.77,1248.0,88.8,Maruti,13,2
2016,330000.0,60000.0,Petrol,Individual,Manual,First Owner,5.0,15.37,1196.0,73.0,Maruti,10,1
2014,400000.0,147000.0,Petrol,Individual,Manual,Second Owner,5.0,18.6,1197.0,81.83,Hyundai,12,2
2004,100000.0,40000.0,Diesel,Individual,Manual,Second Owner,5.0,16.8,1405.0,62.0,Tata,22,2
2014,450000.0,100000.0,Petrol,Individual,Manual,Third Owner,5.0,19.1,1197.0,85.8,Maruti,12,3
2017,800000.0,55000.0,Diesel,Individual,Manual,First Owner,7.0,24.52,1248.0,88.5,Maruti,9,1
2015,340000.0,40000.0,Diesel,Individual,Manual,Second Owner,5.0,27.62,793.0,47.0,Maruti,11,2
2010,225000.0,64000.0,Diesel,Individual,Manual,Third Owner,5.0,21.1,1248.0,73.9,Maruti,16,3
2002,55000.0,100000.0,Petrol,Individual,Manual,Second Owner,5.0,17.3,993.0,60.0,Maruti,24,2
2016,900000.0,50000.0,Diesel,Individual,Manual,First Owner,7.0,24.52,1248.0,88.5,Maruti,10,1
2014,2500000.0,30000.0,Diesel,Individual,Automatic,First Owner,5.0,9.0,1984.0,181.0,Volvo,12,1
2018,465000.0,30000.0,Petrol,Individual,Manual,First Owner,5.0,20.51,998.0,67.04,Maruti,8,1
2004,70000.0,150000.0,Petrol,Individual,Manual,First Owner,5.0,17.3,993.0,60.0,Maruti,22,1
2016,400000.0,24177.0,Petrol,Individual,Manual,First Owner,5.0,17.57,1193.0,88.7,Tata,10,1
2012,185000.0,80000.0,Diesel,Individual,Manual,First Owner,5.0,16.1,1405.0,70.0,Tata,14,1
2006,140000.0,150000.0,Petrol,Individual,Manual,Second Owner,5.0,18.9,998.0,67.1,Maruti,20,2
2015,415000.0,120000.0,Diesel,Individual,Manual,Second Owner,7.0,21.04,1461.0,83.8,Renault,11,2
2012,532000.0,121779.0,Diesel,Individual,Manual,First Owner,8.0,12.05,2179.0,120.0,Mahindra,14,1
2017,600000.0,56000.0,Diesel,Individual,Manual,First Owner,5.0,27.39,1248.0,74.0,Maruti,9,1
2008,150000.0,100000.0,Petrol,Individual,Manual,Fourth & Above Owner,5.0,15.0,1586.0,104.68,Maruti,18,4
2018,459999.0,12000.0,Petrol,Individual,Manual,First Owner,5.0,20.4,1197.0,81.8,Maruti,8,1
2017,800000.0,15381.0,Diesel,Individual,Manual,First Owner,5.0,24.3,1248.0,88.5,Maruti,9,1
2011,310000.0,5000.0,Diesel,Individual,Manual,First Owner,7.0,13.6,2523.0,63.0,Mahindra,15,1
2014,475000.0,40000.0,Diesel,Individual,Manual,First Owner,5.0,19.01,1461.0,108.5,Nissan,12,1
2016,310000.0,35000.0,CNG,Individual,Manual,Second Owner,5.0,26.6,998.0,58.16,Maruti,10,2
2018,350000.0,10000.0,Petrol,Individual,Manual,First Owner,5.0,23.95,998.0,67.05,Maruti,8,1
2019,1800000.0,10000.0,Diesel,Individual,Manual,First Owner,7.0,16.0,2179.0,140.0,Mahindra,7,1
2018,640000.0,25000.0,Petrol,Individual,Automatic,First Owner,5.0,22.0,1197.0,81.8,Maruti,8,1
2017,350000.0,50000.0,Petrol,Individual,Automatic,First Owner,5.0,20.51,998.0,67.0,Maruti,9,1
2018,600000.0,30000.0,Petrol,Individual,Manual,First Owner,5.0,17.0,1198.0,108.5,Tata,8,1
2015,575000.0,23000.0,Diesel,Individual,Manual,First Owner,5.0,23.9,1582.0,126.2,Hyundai,11,1
2019,974000.0,15000.0,Diesel,Individual,Manual,First Owner,6.0,16.55,2498.0,105.0,Mahindra,7,1
2018,445000.0,5000.0,Petrol,Individual,Automatic,Second Owner,5.0,20.51,998.0,67.0,Maruti,8,2
2015,580000.0,15000.0,Diesel,Individual,Manual,Second Owner,7.0,20.77,1248.0,88.76,Maruti,11,2
2020,1050000.0,20000.0,Diesel,Individual,Manual,First Owner,5.0,22.1,1396.0,88.7,Hyundai,6,1
2015,600000.0,50000.0,Diesel,Individual,Manual,First Owner,5.0,22.77,1498.0,98.59,Ford,11,1
2017,370000.0,40000.0,Petrol,Individual,Manual,Second Owner,5.0,18.16,1196.0,86.8,Ford,9,2
2007,150000.0,70000.0,Petrol,Individual,Manual,Third Owner,5.0,18.2,1061.0,64.0,Maruti,19,3
2017,483000.0,15000.0,Petrol,Individual,Manual,First Owner,5.0,23.1,998.0,67.04,Maruti,9,1
2016,470000.0,10000.0,Petrol,Individual,Manual,First Owner,5.0,18.9,1197.0,82.0,Hyundai,10,1
2018,950000.0,25000.0,Diesel,Individual,Manual,First Owner,5.0,24.3,1248.0,88.5,Maruti,8,1
2013,450000.0,50000.0,Petrol,Individual,Manual,Third Owner,5.0,17.01,1591.0,121.3,Hyundai,13,3
2011,345000.0,70000.0,Petrol,Individual,Manual,First Owner,5.0,17.6,1496.0,88.7,Toyota,15,1
2020,600000.0,5000.0,Petrol,Individual,Automatic,First Owner,5.0,20.89,1197.0,81.8,Maruti,6,1
2009,300000.0,60000.0,Petrol,Individual,Manual,First Owner,5.0,19.0,998.0,66.1,Maruti,17,1
2007,160000.0,74800.0,Petrol,Individual,Manual,Second Owner,5.0,18.2,998.0,67.1,Maruti,19,2
2004,120000.0,80000.0,Petrol,Individual,Manual,Second Owner,4.0,16.1,796.0,37.0,Maruti,22,2
2012,220000.0,225000.0,CNG,Individual,Manual,First Owner,5.0,21.94,1196.0,61.7,Maruti,14,1
2018,340000.0,120000.0,Petrol,Individual,Manual,First Owner,5.0,20.3,998.0,68.05,Hyundai,8,1
2007,138000.0,120000.0,Petrol,Individual,Manual,Second Owner,5.0,17.7,1497.0,78.0,Honda,19,2
2000,100000.0,225000.0,Diesel,Individual,Manual,Fourth & Above Owner,5.0,19.3,1248.0,82.0,Toyota,26,4
2010,231000.0,80000.0,Petrol,Individual,Manual,Third Owner,5.0,17.5,1298.0,85.8,Maruti,16,3
2013,800000.0,120000.0,Diesel,Individual,Manual,Second Owner,7.0,15.1,2179.0,140.0,Mahindra,13,2
2019,960000.0,20000.0,Petrol,Individual,Manual,First Owner,5.0,17.0,1197.0,108.6,Mahindra,7,1
2009,120000.0,70000.0,Petrol,Individual,Manual,Second Owner,5.0,18.9,1061.0,67.0,Maruti,17,2
2012,270000.0,40000.0,Petrol,Individual,Manual,First Owner,5.0,18.9,998.0,67.1,Maruti,14,1
2011,200000.0,100000.0,Petrol,Individual,Manual,Second Owner,5.0,21.1,1197.0,85.8,Maruti,15,2
2012,328000.0,123000.0,Petrol,Individual,Manual,First Owner,5.0,18.6,1197.0,85.8,Maruti,14,1
2012,432000.0,77000.0,Diesel,Individual,Manual,First Owner,5.0,22.32,1582.0,126.32,Hyundai,14,1
2019,565000.0,7000.0,Petrol,Individual,Manual,First Owner,5.0,18.78,999.0,75.0,Volkswagen,7,1
2017,390000.0,70000.0,Petrol,Individual,Manual,First Owner,5.0,15.37,1196.0,73.0,Maruti,9,1
2017,600000.0,30000.0,Diesel,Individual,Manual,First Owner,5.0,25.83,1498.0,99.0,Ford,9,1
2011,250000.0,120000.0,Diesel,Individual,Manual,Third Owner,5.0,23.0,1396.0,90.0,Hyundai,15,3
2011,165000.0,70000.0,Petrol,Individual,Manual,First Owner,5.0,18.0,995.0,62.0,Chevrolet,15,1
2011,421000.0,105000.0,Petrol,Individual,Manual,First Owner,5.0,17.0,1497.0,118.0,Honda,15,1
2012,225000.0,109322.0,Petrol,Individual,Manual,Second Owner,5.0,16.36,1495.0,93.7,Hyundai,14,2
2013,350000.0,120000.0,Diesel,Individual,Manual,First Owner,5.0,21.64,1461.0,84.8,Nissan,13,1
2018,1757000.0,24000.0,Diesel,Individual,Manual,First Owner,5.0,17.1,1956.0,170.0,Jeep,8,1
2015,600000.0,70000.0,Diesel,Individual,Manual,Second Owner,5.0,27.39,1248.0,74.0,Maruti,11,2
2018,515000.0,35000.0,Petrol,Individual,Manual,First Owner,5.0,24.0,1199.0,83.81,Tata,8,1
1999,80000.0,80000.0,Petrol,Individual,Manual,Third Owner,4.0,16.1,796.0,37.0,Maruti,27,3
2017,800000.0,70000.0,Diesel,Individual,Manual,Second Owner,5.0,23.65,1248.0,88.5,Maruti,9,2
2004,120000.0,100000.0,Diesel,Individual,Manual,Fourth & Above Owner,7.0,10.5,2179.0,120.0,Mahindra,22,4
2017,2711000.0,9000.0,Diesel,Dealer,Automatic,First Owner,5.0,13.6,1999.0,177.0,Jaguar,9,1
2019,5150000.0,20000.0,Petrol,Dealer,Automatic,First Owner,5.0,22.37,2487.0,214.56,Lexus,7,1
2017,3200000.0,45000.0,Diesel,Dealer,Automatic,First Owner,5.0,19.33,1999.0,177.0,Jaguar,9,1
2015,503000.0,110000.0,Diesel,Individual,Manual,First Owner,7.0,14.1,2179.0,147.94,Tata,11,1
2019,3800000.0,20000.0,Diesel,Individual,Automatic,First Owner,5.0,18.0,1969.0,190.0,Volvo,7,1
2016,2000000.0,68089.0,Petrol,Trustmark Dealer,Automatic,First Owner,5.0,19.16,2494.0,157.7,Toyota,10,1
2013,225000.0,58343.0,Petrol,Trustmark Dealer,Manual,First Owner,5.0,21.79,998.0,67.05,Maruti,13,1
2018,740000.0,38817.0,Diesel,Dealer,Manual,First Owner,5.0,27.39,1248.0,74.0,Maruti,8,1
2016,550000.0,56494.0,Petrol,Trustmark Dealer,Manual,First Owner,5.0,18.2,1199.0,88.7,Honda,10,1
2013,750000.0,79328.0,Diesel,Trustmark Dealer,Manual,Second Owner,7.0,12.99,2494.0,100.6,Toyota,13,2
2019,650000.0,5621.0,Petrol,Trustmark Dealer,Automatic,First Owner,5.0,22.0,1197.0,81.8,Maruti,7,1
2017,625000.0,25538.0,Petrol,Trustmark Dealer,Manual,First Owner,5.0,16.78,1496.0,88.73,Toyota,9,1
2018,600000.0,69779.0,Petrol,Dealer,Automatic,First Owner,5.0,22.0,1197.0,81.8,Maruti,8,1
2017,450000.0,56290.0,Diesel,Dealer,Manual,First Owner,5.0,24.0,1186.0,73.97,Hyundai,9,1
2019,5200000.0,7500.0,Diesel,Dealer,Automatic,First Owner,5.0,16.78,1995.0,190.0,Bmw,7,1
2019,5200000.0,8500.0,Diesel,Dealer,Automatic,First Owner,5.0,16.78,1995.0,190.0,Bmw,7,1
2019,779000.0,7032.0,Petrol,Trustmark Dealer,Automatic,First Owner,5.0,19.0,1199.0,88.76,Honda,7,1
2016,645000.0,11000.0,Petrol,Dealer,Automatic,First Owner,5.0,14.3,1598.0,103.5,Skoda,10,1
2018,2475000.0,2000.0,Diesel,Dealer,Automatic,First Owner,5.0,16.8,1984.0,150.0,Volvo,8,1
2017,475000.0,40000.0,Petrol,Individual,Manual,First Owner,5.0,20.51,998.0,67.04,Maruti,9,1
2015,400000.0,20000.0,Petrol,Individual,Automatic,First Owner,5.0,20.51,998.0,67.0,Maruti,11,1
2004,80000.0,90000.0,Petrol,Individual,Automatic,Second Owner,5.0,19.3,1248.0,82.0,Hyundai,22,2
2011,300000.0,60000.0,Diesel,Individual,Manual,First Owner,5.0,20.3,1248.0,75.0,Fiat,15,1
2011,400000.0,225000.0,Diesel,Individual,Manual,Third Owner,5.0,13.5,2179.0,115.0,Mahindra,15,3
2009,235000.0,70000.0,Petrol,Individual,Manual,Second Owner,5.0,17.3,1061.0,64.0,Maruti,17,2
2015,350000.0,40000.0,Petrol,Individual,Manual,Second Owner,5.0,20.51,998.0,67.04,Maruti,11,2
2017,625000.0,34000.0,Diesel,Individual,Manual,Second Owner,5.0,28.4,1248.0,74.02,Maruti,9,2
2014,525000.0,120000.0,Diesel,Individual,Manual,First Owner,7.0,15.1,2179.0,140.0,Mahindra,12,1
2018,550000.0,10000.0,Petrol,Individual,Manual,First Owner,5.0,20.3,1199.0,84.0,Tata,8,1
2015,550000.0,80000.0,Diesel,Individual,Manual,Second Owner,7.0,15.96,2523.0,62.1,Mahindra,11,2
2006,200000.0,100000.0,Petrol,Individual,Manual,Second Owner,5.0,17.7,1497.0,78.0,Honda,20,2
2011,350000.0,120000.0,Diesel,Individual,Manual,First Owner,8.0,13.0,2489.0,95.0,Mahindra,15,1
2006,220000.0,100000.0,Petrol,Individual,Manual,Second Owner,5.0,17.7,1497.0,78.0,Honda,20,2
2016,412000.0,25000.0,Petrol,Individual,Manual,First Owner,5.0,18.9,1197.0,82.0,Hyundai,10,1
2009,126000.0,52000.0,Petrol,Individual,Manual,Second Owner,5.0,18.9,1061.0,67.0,Maruti,17,2
2013,430000.0,63000.0,Diesel,Individual,Manual,First Owner,5.0,23.4,1248.0,74.0,Maruti,13,1
2009,130000.0,90000.0,Petrol,Individual,Manual,Second Owner,5.0,19.0,998.0,66.1,Maruti,17,2
2017,350000.0,60000.0,Petrol,Individual,Manual,First Owner,5.0,23.84,1199.0,84.0,Tata,9,1
2011,220000.0,35000.0,Petrol,Individual,Manual,First Owner,5.0,19.7,796.0,46.3,Maruti,15,1
2011,380000.0,80000.0,Diesel,Individual,Manual,First Owner,7.0,13.6,2523.0,63.0,Mahindra,15,1
2010,200000.0,110000.0,Diesel,Individual,Manual,Second Owner,5.0,20.0,1399.0,68.0,Ford,16,2
2015,2000000.0,20000.0,Diesel,Individual,Manual,First Owner,7.0,12.55,2982.0,168.5,Toyota,11,1
2015,610000.0,90000.0,Diesel,Individual,Manual,First Owner,5.0,22.77,1498.0,98.59,Ford,11,1
2016,2500000.0,30000.0,Petrol,Individual,Automatic,Second Owner,5.0,15.71,1998.0,189.0,Bmw,10,2
2017,620000.0,61000.0,Diesel,Individual,Manual,First Owner,5.0,26.59,1248.0,74.0,Maruti,9,1
2013,150000.0,66000.0,Petrol,Individual,Manual,First Owner,8.0,14.7,796.0,37.0,Maruti,13,1
2018,450000.0,80000.0,Petrol,Individual,Manual,First Owner,7.0,20.62,1198.0,67.0,Datsun,8,1
2017,1150000.0,27000.0,Diesel,Individual,Manual,Second Owner,5.0,19.67,1582.0,126.2,Hyundai,9,2
2018,500000.0,60000.0,Petrol,Individual,Manual,First Owner,6.0,18.15,1198.0,82.0,Mahindra,8,1
2011,246000.0,139000.0,Petrol,Individual,Manual,First Owner,5.0,18.9,998.0,67.1,Maruti,15,1
2017,400000.0,60000.0,CNG,Individual,Manual,First Owner,5.0,21.94,1196.0,61.7,Maruti,9,1
2008,65000.0,10000.0,Petrol,Individual,Manual,Second Owner,4.0,16.1,796.0,37.0,Maruti,18,2
2016,725000.0,30000.0,Diesel,Individual,Manual,First Owner,5.0,21.7,1498.0,98.96,Ford,10,1
2014,736000.0,125000.0,Diesel,Individual,Automatic,First Owner,5.0,22.32,1582.0,126.32,Hyundai,12,1
2018,700000.0,45000.0,Diesel,Individual,Manual,First Owner,5.0,28.4,1248.0,74.02,Maruti,8,1
2011,150000.0,30000.0,Petrol,Individual,Manual,First Owner,5.0,18.0,995.0,62.0,Chevrolet,15,1
2010,180000.0,80500.0,Petrol,Individual,Manual,Second Owner,5.0,19.7,796.0,46.3,Maruti,16,2
2014,409999.0,200000.0,Diesel,Individual,Manual,First Owner,5.0,23.59,1364.0,67.04,Toyota,12,1
2013,550000.0,60000.0,Diesel,Individual,Manual,First Owner,7.0,15.96,2523.0,62.1,Mahindra,13,1
2004,50000.0,18000.0,Petrol,Individual,Manual,Second Owner,4.0,16.1,796.0,37.0,Maruti,22,2
2006,80000.0,110000.0,Diesel,Individual,Manual,Second Owner,5.0,20.8,1527.0,58.0,Maruti,20,2
2005,110000.0,90000.0,Petrol,Individual,Manual,Second Owner,5.0,19.7,796.0,46.3,Maruti,21,2
2006,180000.0,120000.0,Petrol,Individual,Manual,Second Owner,5.0,17.7,1497.0,78.0,Honda,20,2
2017,605000.0,127000.0,Diesel,Individual,Manual,First Owner,5.0,28.4,1248.0,74.02,Maruti,9,1
2017,800000.0,70000.0,Diesel,Individual,Manual,First Owner,7.0,24.52,1248.0,88.5,Maruti,9,1
2011,350000.0,116500.0,Diesel,Individual,Manual,First Owner,5.0,23.0,1396.0,90.0,Hyundai,15,1
2012,300000.0,120000.0,Petrol,Individual,Manual,First Owner,5.0,18.5,1197.0,82.85,Hyundai,14,1
2008,160000.0,100000.0,Petrol,Individual,Manual,Fourth & Above Owner,5.0,13.9,1599.0,103.2,Hyundai,18,4
2011,225000.0,90000.0,Diesel,Individual,Manual,Second Owner,5.0,20.0,1399.0,68.0,Ford,15,2
2009,1025000.0,120000.0,Diesel,Individual,Automatic,Third Owner,7.0,12.07,2967.0,241.4,Audi,17,3
2017,1300000.0,40000.0,Diesel,Individual,Automatic,First Owner,7.0,17.6,2179.0,153.86,Tata,9,1
2018,560000.0,18000.0,Diesel,Individual,Manual,First Owner,5.0,21.66,1498.0,108.62,Volkswagen,8,1
2017,650000.0,70000.0,Diesel,Individual,Manual,First Owner,5.0,24.3,1248.0,88.5,Maruti,9,1
2018,1150000.0,29000.0,Diesel,Individual,Manual,First Owner,7.0,15.1,2179.0,152.87,Mahindra,8,1
2016,480000.0,65755.0,Petrol,Individual,Manual,First Owner,5.0,21.4,1197.0,83.1,Maruti,10,1
2019,960000.0,2600.0,Diesel,Individual,Manual,First Owner,5.0,23.0,1498.0,98.96,Ford,7,1
2017,1050000.0,46000.0,Diesel,Individual,Automatic,First Owner,7.0,16.0,2179.0,140.0,Mahindra,9,1
2017,310000.0,15000.0,Petrol,Individual,Manual,Second Owner,5.0,21.1,814.0,55.2,Hyundai,9,2
2014,500000.0,60000.0,Diesel,Individual,Manual,First Owner,5.0,23.4,1248.0,74.0,Maruti,12,1
2017,350000.0,15500.0,Petrol,Individual,Automatic,First Owner,5.0,23.95,998.0,67.1,Maruti,9,1
2015,365000.0,120000.0,Diesel,Individual,Manual,First Owner,5.0,25.8,1498.0,98.6,Honda,11,1
2008,165000.0,120000.0,Diesel,Individual,Manual,Third Owner,5.0,14.8,1998.0,68.0,Mitsubishi,18,3
2007,100000.0,120000.0,Diesel,Individual,Manual,Third Owner,10.0,14.6,2956.0,63.0,Tata,19,3
2007,240000.0,80000.0,Diesel,Individual,Manual,Second Owner,7.0,13.6,2523.0,63.0,Mahindra,19,2
2019,925000.0,40000.0,Diesel,Individual,Manual,First Owner,7.0,17.3,1497.0,121.0,Mahindra,7,1
2018,590000.0,15000.0,Petrol,Individual,Manual,First Owner,5.0,18.16,1196.0,86.8,Ford,8,1
2013,525000.0,110000.0,Diesel,Individual,Manual,Second Owner,7.0,13.7,2179.0,138.1,Tata,13,2
2014,720000.0,80000.0,Diesel,Individual,Manual,Second Owner,8.0,12.99,2494.0,100.6,Toyota,12,2
2017,850000.0,50000.0,Diesel,Individual,Automatic,First Owner,5.0,19.6,1461.0,108.45,Renault,9,1
2010,490000.0,110000.0,Diesel,Individual,Automatic,First Owner,8.0,11.79,2179.0,120.0,Mahindra,16,1
2013,325000.0,100000.0,Diesel,Individual,Manual,First Owner,5.0,25.8,1498.0,98.6,Honda,13,1
2019,1200000.0,20000.0,Diesel,Individual,Automatic,First Owner,5.0,22.0,1582.0,126.2,Hyundai,7,1
2012,450000.0,135000.0,Diesel,Individual,Manual,First Owner,7.0,15.96,2523.0,62.1,Mahindra,14,1
2014,300000.0,50700.0,Diesel,Individual,Manual,First Owner,5.0,19.09,1405.0,69.01,Tata,12,1
2013,365000.0,70000.0,Diesel,Individual,Manual,Second Owner,5.0,22.07,1199.0,73.9,Volkswagen,13,2
2007,500000.0,120000.0,Petrol,Individual,Automatic,First Owner,5.0,11.7,1796.0,178.0,Mercedes-Benz,19,1
2014,900000.0,112000.0,Diesel,Individual,Manual,Second Owner,8.0,12.99,2494.0,100.6,Toyota,12,2
2018,700000.0,35000.0,Diesel,Individual,Manual,First Owner,5.0,24.0,1186.0,73.97,Hyundai,8,1
2017,880000.0,50000.0,Diesel,Individual,Manual,First Owner,5.0,19.6,1461.0,108.45,Renault,9,1
2014,700000.0,121000.0,Diesel,Individual,Manual,Third Owner,7.0,12.99,2494.0,100.6,Toyota,12,3
2009,380000.0,120000.0,Diesel,Individual,Manual,Second Owner,7.0,12.05,2179.0,120.0,Mahindra,17,2
2006,150000.0,90000.0,Petrol,Individual,Manual,Third Owner,5.0,13.4,1794.0,125.0,Toyota,20,3
2014,235000.0,70000.0,CNG,Individual,Manual,Second Owner,5.0,26.3,998.0,67.1,Maruti,12,2
2018,320000.0,20000.0,Petrol,Individual,Manual,First Owner,5.0,23.01,999.0,67.0,Renault,8,1
2015,550000.0,60000.0,Diesel,Individual,Manual,First Owner,5.0,20.45,1461.0,83.8,Renault,11,1
2016,3200000.0,40000.0,Diesel,Individual,Automatic,First Owner,5.0,18.12,1995.0,190.0,Bmw,10,1
2013,750000.0,225000.0,Diesel,Individual,Manual,Second Owner,7.0,12.99,2494.0,100.6,Toyota,13,2
2017,645000.0,60000.0,Diesel,Individual,Manual,First Owner,7.0,18.49,1493.0,100.0,Mahindra,9,1
2015,300000.0,110000.0,Petrol,Individual,Manual,First Owner,5.0,20.51,998.0,67.04,Maruti,11,1
2016,580000.0,152000.0,Diesel,Individual,Manual,First Owner,5.0,21.19,1396.0,88.73,Hyundai,10,1
2011,220000.0,220000.0,Petrol,Individual,Manual,Fourth & Above Owner,5.0,17.0,1197.0,80.0,Hyundai,15,4
2013,451000.0,70000.0,Diesel,Individual,Manual,First Owner,7.0,15.96,2523.0,62.1,Mahindra,13,1
2018,850000.0,50000.0,Petrol,Individual,Manual,First Owner,5.0,17.0,1198.0,108.5,Tata,8,1
2011,300000.0,125000.0,Diesel,Individual,Manual,First Owner,5.0,19.3,1248.0,73.9,Maruti,15,1
2016,350000.0,60000.0,Petrol,Individual,Manual,First Owner,5.0,18.16,1196.0,86.8,Ford,10,1
2014,300000.0,90000.0,CNG,Individual,Manual,First Owner,5.0,21.94,1196.0,63.0,Maruti,12,1
2017,390000.0,30000.0,CNG,Individual,Manual,First Owner,5.0,21.94,1196.0,63.0,Maruti,9,1
2016,1200000.0,90000.0,Diesel,Individual,Manual,First Owner,8.0,12.99,2494.0,100.6,Toyota,10,1
2017,550000.0,20000.0,Petrol,Individual,Manual,First Owner,5.0,17.0,1198.0,73.75,Volkswagen,9,1
2012,300000.0,110000.0,Diesel,Individual,Manual,Third Owner,5.0,22.9,1248.0,74.0,Maruti,14,3
2012,300000.0,150000.0,Diesel,Individual,Manual,Second Owner,5.0,20.54,1598.0,103.6,Volkswagen,14,2
2012,350000.0,110000.0,Diesel,Individual,Manual,First Owner,5.0,23.0,1396.0,90.0,Hyundai,14,1
2015,880000.0,120000.0,Diesel,Individual,Manual,Second Owner,5.0,19.67,1582.0,126.2,Hyundai,11,2
2010,160000.0,120000.0,CNG,Individual,Manual,Second Owner,5.0,13.2,1495.0,93.7,Hyundai,16,2
2012,250000.0,80000.0,Diesel,Individual,Manual,Fourth & Above Owner,7.0,15.3,2956.0,83.8,Tata,14,4
2016,660000.0,110000.0,Diesel,Individual,Manual,First Owner,5.0,21.19,1396.0,88.73,Hyundai,10,1
2015,450000.0,40000.0,Petrol,Individual,Manual,First Owner,5.0,17.57,1193.0,88.7,Tata,11,1
2012,400000.0,110000.0,Diesel,Individual,Manual,Second Owner,5.0,19.7,1598.0,103.6,Volkswagen,14,2
2019,1300000.0,20000.0,Diesel,Individual,Manual,First Owner,7.0,16.36,2179.0,120.0,Mahindra,7,1
2013,229999.0,225000.0,Diesel,Individual,Manual,First Owner,5.0,20.0,1399.0,68.1,Ford,13,1
2010,140000.0,60000.0,Petrol,Individual,Manual,First Owner,5.0,18.6,1199.0,79.4,Chevrolet,16,1
2012,195000.0,35000.0,Petrol,Individual,Manual,Second Owner,5.0,19.0,998.0,67.1,Maruti,14,2
2015,500000.0,45000.0,Petrol,Individual,Manual,First Owner,5.0,17.19,1197.0,81.86,Hyundai,11,1
2012,60000.0,45000.0,Petrol,Individual,Manual,First Owner,4.0,25.4,624.0,38.0,Tata,14,1
2016,400000.0,25000.0,Petrol,Individual,Manual,First Owner,5.0,17.57,1193.0,88.7,Tata,10,1
2014,400000.0,10000.0,Petrol,Individual,Manual,First Owner,5.0,18.6,1197.0,81.83,Hyundai,12,1
2018,380000.0,19000.0,Petrol,Individual,Manual,First Owner,5.0,20.51,998.0,67.04,Maruti,8,1
2019,579000.0,10000.0,Petrol,Individual,Manual,First Owner,5.0,21.4,1197.0,83.1,Maruti,7,1
2019,400000.0,25000.0,Petrol,Individual,Manual,First Owner,6.0,18.15,1198.0,82.0,Mahindra,7,1
2012,270000.0,30000.0,Petrol,Individual,Manual,First Owner,5.0,20.36,1197.0,78.9,Hyundai,14,1
2014,500000.0,90000.0,Diesel,Individual,Manual,First Owner,7.0,15.96,2523.0,62.1,Mahindra,12,1
2017,475000.0,20000.0,Petrol,Individual,Manual,First Owner,5.0,23.84,1199.0,84.0,Tata,9,1
2018,850000.0,48000.0,Diesel,Individual,Manual,First Owner,5.0,19.87,1461.0,83.14,Nissan,8,1
2009,475000.0,120000.0,Diesel,Individual,Manual,First Owner,7.0,12.05,2179.0,120.0,Mahindra,17,1
2012,370000.0,210000.0,Diesel,Individual,Manual,Second Owner,5.0,19.3,1248.0,73.9,Maruti,14,2
2010,187000.0,200400.0,Petrol,Individual,Manual,Second Owner,5.0,19.81,1086.0,68.05,Hyundai,16,2
2008,195000.0,110000.0,Petrol,Individual,Manual,Second Owner,5.0,20.36,1197.0,78.9,Hyundai,18,2
2014,459999.0,38000.0,Diesel,Individual,Manual,First Owner,7.0,13.93,2179.0,138.03,Tata,12,1
2004,135000.0,90000.0,Petrol,Individual,Manual,Second Owner,5.0,13.4,1794.0,125.0,Toyota,22,2
2017,850000.0,43000.0,Diesel,Individual,Manual,First Owner,7.0,24.52,1248.0,88.5,Maruti,9,1
2018,500000.0,25000.0,Petrol,Individual,Manual,First Owner,5.0,20.3,1086.0,68.0,Hyundai,8,1
2016,385000.0,26000.0,Petrol,Individual,Manual,Second Owner,5.0,20.51,998.0,67.04,Maruti,10,2
2006,135000.0,120000.0,Diesel,Individual,Manual,Second Owner,5.0,16.8,1493.0,110.0,Hyundai,20,2
2008,120000.0,70000.0,Petrol,Individual,Manual,Third Owner,5.0,19.7,796.0,46.3,Maruti,18,3
2006,200000.0,60000.0,Petrol,Individual,Manual,Third Owner,5.0,11.9,2354.0,144.0,Honda,20,3
2007,200000.0,120000.0,Diesel,Individual,Manual,Second Owner,7.0,13.93,2956.0,138.1,Tata,19,2
2016,700000.0,20000.0,Petrol,Individual,Manual,First Owner,5.0,20.73,1373.0,91.1,Maruti,10,1
2013,290000.0,25000.0,Diesel,Individual,Manual,First Owner,5.0,23.57,1396.0,70.0,Tata,13,1
2017,725000.0,60000.0,Diesel,Individual,Manual,First Owner,5.0,28.4,1248.0,74.02,Maruti,9,1
2008,200000.0,80000.0,Diesel,Individual,Manual,First Owner,10.0,12.2,1948.0,68.0,Tata,18,1
2014,155000.0,80000.0,Petrol,Individual,Manual,First Owner,8.0,16.8,796.0,34.2,Maruti,12,1
2019,690000.0,1303.0,Petrol,Dealer,Manual,First Owner,5.0,17.8,1198.0,86.7,Honda,7,1
2018,3975000.0,31800.0,Diesel,Dealer,Automatic,First Owner,5.0,17.01,1968.0,188.0,Audi,8,1
2019,5150000.0,20000.0,Petrol,Dealer,Automatic,First Owner,5.0,22.37,2487.0,214.56,Lexus,7,1
2017,3200000.0,45000.0,Diesel,Dealer,Automatic,First Owner,5.0,19.33,1999.0,177.0,Jaguar,9,1
2017,4100000.0,17000.0,Petrol,Individual,Automatic,First Owner,5.0,9.5,3604.0,280.0,Jeep,9,1
2016,2000000.0,68089.0,Petrol,Trustmark Dealer,Automatic,First Owner,5.0,19.16,2494.0,157.7,Toyota,10,1
2016,550000.0,56494.0,Petrol,Trustmark Dealer,Manual,First Owner,5.0,18.2,1199.0,88.7,Honda,10,1
2013,750000.0,79328.0,Diesel,Trustmark Dealer,Manual,Second Owner,7.0,12.99,2494.0,100.6,Toyota,13,2
2019,5200000.0,7500.0,Diesel,Dealer,Automatic,First Owner,5.0,16.78,1995.0,190.0,Bmw,7,1
2019,5200000.0,8500.0,Diesel,Dealer,Automatic,First Owner,5.0,16.78,1995.0,190.0,Bmw,7,1
2019,779000.0,7032.0,Petrol,Trustmark Dealer,Automatic,First Owner,5.0,19.0,1199.0,88.76,Honda,7,1
2018,2475000.0,2000.0,Diesel,Dealer,Automatic,First Owner,5.0,16.8,1984.0,150.0,Volvo,8,1
2019,5200000.0,17000.0,Petrol,Dealer,Automatic,First Owner,5.0,15.0,1991.0,194.4,Mercedes-Benz,7,1
2019,4500000.0,21000.0,Diesel,Dealer,Automatic,First Owner,7.0,12.83,1999.0,148.31,Land,7,1
2017,5200000.0,37000.0,Diesel,Dealer,Automatic,First Owner,5.0,13.5,2987.0,254.79,Mercedes-Benz,9,1
2018,4000000.0,10000.0,Diesel,Dealer,Automatic,First Owner,5.0,22.48,1995.0,187.74,Bmw,8,1
2019,1125000.0,3500.0,Petrol,Dealer,Automatic,First Owner,5.0,18.15,998.0,118.35,Hyundai,7,1
2016,1898999.0,46000.0,Diesel,Dealer,Automatic,First Owner,5.0,18.25,1968.0,187.74,Audi,10,1
2017,1650000.0,52000.0,Petrol,Dealer,Automatic,First Owner,5.0,12.0,2354.0,187.4,Honda,9,1
2011,280000.0,20000.0,Petrol,Individual,Manual,Second Owner,5.0,18.6,1197.0,85.8,Maruti,15,2
2019,450000.0,25000.0,Petrol,Individual,Manual,First Owner,5.0,20.3,1199.0,84.0,Tata,7,1
2006,135000.0,70000.0,Petrol,Individual,Manual,Second Owner,5.0,15.9,1298.0,85.0,Maruti,20,2
2014,650000.0,40000.0,Diesel,Individual,Manual,First Owner,7.0,15.1,2179.0,140.0,Mahindra,12,1
2020,650000.0,7300.0,Petrol,Individual,Manual,First Owner,5.0,21.01,1197.0,81.8,Maruti,6,1
2018,750000.0,25000.0,Diesel,Individual,Manual,First Owner,5.0,28.09,1248.0,88.5,Maruti,8,1
2010,150000.0,100000.0,Petrol,Individual,Manual,First Owner,5.0,19.7,796.0,46.3,Maruti,16,1
2017,500000.0,35000.0,Diesel,Individual,Manual,First Owner,6.0,25.32,1198.0,77.0,Mahindra,9,1
2012,311000.0,100000.0,Diesel,Individual,Manual,First Owner,5.0,19.3,1248.0,82.0,Toyota,14,1
2013,425000.0,80000.0,Diesel,Individual,Manual,Second Owner,5.0,22.32,1582.0,126.32,Hyundai,13,2
2010,260000.0,60000.0,Petrol,Individual,Manual,First Owner,5.0,20.36,1197.0,78.9,Hyundai,16,1
2014,400000.0,110000.0,Diesel,Individual,Manual,Second Owner,5.0,20.14,1498.0,88.8,Volkswagen,12,2
2017,575000.0,70000.0,Diesel,Individual,Manual,Second Owner,5.0,22.54,1396.0,88.73,Hyundai,9,2
2008,175000.0,40000.0,Petrol,Individual,Manual,First Owner,5.0,0.0,1086.0,62.0,Hyundai,18,1
2010,250000.0,90000.0,CNG,Individual,Manual,Second Owner,5.0,21.4,1586.0,103.3,Maruti,16,2
2012,400000.0,95000.0,Diesel,Individual,Manual,First Owner,5.0,19.7,1598.0,103.6,Volkswagen,14,1
2011,350000.0,200000.0,Diesel,Individual,Manual,Second Owner,7.0,13.6,2523.0,63.0,Mahindra,15,2
2015,484999.0,30000.0,Diesel,Individual,Manual,First Owner,5.0,25.2,1248.0,74.0,Maruti,11,1
2015,484999.0,30000.0,Diesel,Individual,Manual,First Owner,5.0,25.2,1248.0,74.0,Maruti,11,1
2013,350000.0,70000.0,Diesel,Individual,Manual,Second Owner,5.0,20.14,1498.0,88.5,Volkswagen,13,2
2014,1400000.0,80000.0,Diesel,Individual,Automatic,Second Owner,7.0,12.55,2982.0,168.7,Toyota,12,2
2012,250000.0,100000.0,Diesel,Individual,Manual,Third Owner,5.0,19.3,1248.0,73.9,Maruti,14,3
2017,655000.0,70000.0,Diesel,Individual,Manual,First Owner,5.0,28.4,1248.0,74.02,Maruti,9,1
2016,500000.0,30000.0,Diesel,Individual,Manual,First Owner,5.0,27.3,1498.0,98.6,Honda,10,1
2016,300000.0,15000.0,Petrol,Individual,Manual,First Owner,5.0,18.6,1199.0,76.8,Chevrolet,10,1
2018,650000.0,21000.0,Diesel,Individual,Manual,First Owner,5.0,25.83,1498.0,99.0,Ford,8,1
2014,300000.0,35000.0,Petrol,Individual,Manual,First Owner,5.0,20.52,1197.0,81.8,Maruti,12,1
2016,475000.0,25000.0,Petrol,Individual,Manual,First Owner,5.0,18.7,1199.0,88.7,Honda,10,1
2017,450000.0,30000.0,Petrol,Individual,Manual,First Owner,5.0,23.84,1199.0,84.0,Tata,9,1
2019,754000.0,10000.0,Diesel,Individual,Manual,First Owner,5.0,28.4,1248.0,74.02,Maruti,7,1
2013,300000.0,40000.0,Petrol,Individual,Manual,First Owner,5.0,20.36,1197.0,78.9,Hyundai,13,1
2014,250000.0,25000.0,Petrol,Individual,Manual,First Owner,5.0,21.1,814.0,55.2,Hyundai,12,1
2018,725000.0,15000.0,Diesel,Individual,Manual,First Owner,5.0,28.4,1248.0,74.02,Maruti,8,1
2008,95000.0,70000.0,Petrol,Individual,Manual,First Owner,5.0,19.7,796.0,46.3,Maruti,18,1
2018,475000.0,7800.0,Petrol,Individual,Manual,First Owner,5.0,20.3,1086.0,68.0,Hyundai,8,1
2014,575000.0,55000.0,Diesel,Individual,Manual,First Owner,7.0,14.0,2179.0,138.1,Tata,12,1
2016,350000.0,30000.0,Petrol,Individual,Manual,First Owner,5.0,23.84,1199.0,84.0,Tata,10,1
2013,330000.0,125000.0,Diesel,Individual,Manual,Second Owner,7.0,15.96,2523.0,62.1,Mahindra,13,2
2016,482000.0,50000.0,Petrol,Individual,Manual,First Owner,5.0,20.4,1197.0,81.8,Maruti,10,1
2017,625000.0,40000.0,Diesel,Individual,Manual,Fourth & Above Owner,5.0,22.77,1498.0,98.59,Ford,9,4
2017,380000.0,30000.0,Petrol,Individual,Manual,First Owner,5.0,23.84,1199.0,84.0,Tata,9,1
2016,310000.0,30000.0,Petrol,Individual,Manual,First Owner,5.0,18.6,1199.0,76.8,Chevrolet,10,1
2009,280000.0,35000.0,Petrol,Individual,Manual,First Owner,5.0,17.5,1298.0,85.8,Maruti,17,1
2018,900000.0,30000.0,Petrol,Individual,Automatic,First Owner,5.0,14.99,1498.0,104.5,Renault,8,1
2010,250000.0,60000.0,Petrol,Individual,Manual,First Owner,5.0,18.9,1061.0,67.0,Maruti,16,1
2017,750000.0,39000.0,Petrol,Individual,Manual,First Owner,5.0,17.01,1591.0,121.3,Hyundai,9,1
2019,420000.0,15000.0,Petrol,Individual,Manual,First Owner,5.0,23.01,999.0,67.0,Renault,7,1
2019,670000.0,5000.0,Petrol,Individual,Manual,First Owner,5.0,19.5,1199.0,88.76,Honda,7,1
2016,420000.0,9750.0,Petrol,Individual,Manual,Second Owner,5.0,19.81,1086.0,68.05,Hyundai,10,2
2016,1800000.0,110000.0,Diesel,Individual,Manual,First Owner,7.0,13.68,2393.0,147.8,Toyota,10,1
2018,900000.0,35000.0,Petrol,Individual,Manual,First Owner,5.0,17.5,1199.0,88.7,Honda,8,1
2015,1200000.0,10000.0,Diesel,Individual,Manual,First Owner,7.0,15.1,2179.0,140.0,Mahindra,11,1
2003,195000.0,157138.0,Diesel,Individual,Manual,Third Owner,7.0,10.5,2179.0,120.0,Mahindra,23,3
2007,185000.0,120000.0,Diesel,Individual,Manual,Fourth & Above Owner,5.0,16.8,1493.0,110.0,Hyundai,19,4
2008,185000.0,110000.0,Petrol,Individual,Manual,Fourth & Above Owner,5.0,19.81,1086.0,68.05,Hyundai,18,4
2018,1525000.0,46000.0,Diesel,Individual,Manual,First Owner,7.0,15.1,2179.0,152.87,Mahindra,8,1
2006,215000.0,102000.0,Petrol,Individual,Manual,Third Owner,5.0,16.1,1298.0,88.2,Maruti,20,3
2015,210000.0,50000.0,Petrol,Individual,Manual,Second Owner,5.0,22.74,796.0,47.3,Maruti,11,2
2016,1700000.0,110000.0,Diesel,Individual,Manual,Second Owner,7.0,13.68,2393.0,147.8,Toyota,10,2
1991,55000.0,120000.0,LPG,Individual,Manual,Second Owner,5.0,19.3,1248.0,82.0,Maruti,35,2
2009,530000.0,225000.0,Diesel,Individual,Manual,Third Owner,8.0,12.8,2494.0,102.0,Toyota,17,3
2015,800000.0,50000.0,Petrol,Individual,Manual,First Owner,5.0,17.4,1497.0,117.3,Honda,11,1
2014,570000.0,70000.0,Diesel,Individual,Manual,Second Owner,5.0,25.2,1248.0,74.0,Maruti,12,2
2012,350000.0,120000.0,Diesel,Individual,Manual,Second Owner,5.0,21.5,1248.0,88.8,Maruti,14,2
2011,350000.0,93000.0,Diesel,Individual,Manual,Second Owner,5.0,21.9,1396.0,90.0,Hyundai,15,2
2018,750000.0,50000.0,Diesel,Individual,Manual,First Owner,7.0,16.5,1493.0,70.0,Mahindra,8,1
2011,160000.0,100000.0,Petrol,Individual,Manual,Second Owner,7.0,15.37,1196.0,73.0,Maruti,15,2
2010,150000.0,70000.0,Diesel,Individual,Manual,Third Owner,5.0,15.7,1405.0,70.0,Tata,16,3
2008,250000.0,90000.0,Diesel,Individual,Manual,Third Owner,5.0,19.3,1248.0,82.0,Maruti,18,3
2019,562000.0,5000.0,Petrol,Individual,Manual,First Owner,5.0,18.9,1197.0,81.86,Hyundai,7,1
2012,290000.0,27000.0,Petrol,Individual,Manual,First Owner,5.0,20.36,1197.0,78.9,Hyundai,14,1
2014,600000.0,122000.0,Diesel,Individual,Manual,Second Owner,7.0,15.1,2179.0,140.0,Mahindra,12,2
2015,401000.0,74000.0,Diesel,Individual,Manual,Second Owner,5.0,24.4,1120.0,71.0,Hyundai,11,2
2019,750000.0,6500.0,Petrol,Individual,Automatic,First Owner,5.0,21.21,1197.0,81.8,Maruti,7,1
2007,240000.0,80000.0,Diesel,Individual,Manual,Second Owner,7.0,13.6,2523.0,63.0,Mahindra,19,2
2012,229999.0,50000.0,Petrol,Individual,Manual,First Owner,5.0,20.92,998.0,67.1,Maruti,14,1
2013,500000.0,50000.0,Diesel,Individual,Manual,First Owner,7.0,15.96,2523.0,62.1,Mahindra,13,1
2010,350000.0,80000.0,Petrol,Individual,Manual,First Owner,8.0,11.96,1298.0,80.0,Maruti,16,1
2018,217000.0,25000.0,Petrol,Individual,Manual,First Owner,5.0,22.7,799.0,53.64,Datsun,8,1
2018,670000.0,35000.0,Diesel,Individual,Manual,First Owner,5.0,22.71,1461.0,84.8,Nissan,8,1
2011,225000.0,30000.0,Petrol,Individual,Manual,First Owner,5.0,20.92,998.0,67.1,Maruti,15,1
2020,737000.0,10000.0,Petrol,Individual,Automatic,First Owner,5.0,18.76,1462.0,103.26,Maruti,6,1
2014,300000.0,80000.0,Petrol,Individual,Manual,First Owner,5.0,23.1,998.0,67.04,Maruti,12,1
2008,85000.0,120000.0,Diesel,Individual,Manual,First Owner,5.0,17.0,1405.0,70.0,Tata,18,1
2010,195000.0,120000.0,Diesel,Individual,Manual,Second Owner,5.0,16.2,1493.0,110.0,Hyundai,16,2
2017,675000.0,127991.0,Diesel,Dealer,Manual,First Owner,5.0,25.5,1498.0,98.6,Honda,9,1
1999,150000.0,198000.0,Diesel,Individual,Manual,Second Owner,5.0,14.8,1998.0,68.0,Mitsubishi,27,2
2010,290000.0,65000.0,Petrol,Individual,Manual,First Owner,5.0,15.64,1193.0,64.1,Tata,16,1
2002,95000.0,90000.0,Petrol,Individual,Manual,Third Owner,5.0,19.3,1248.0,82.0,Maruti,24,3
2018,889000.0,20000.0,Diesel,Individual,Manual,First Owner,5.0,28.09,1248.0,88.5,Maruti,8,1
2016,400000.0,60000.0,Petrol,Individual,Manual,First Owner,5.0,17.0,1198.0,73.75,Volkswagen,10,1
2018,390000.0,13120.0,Petrol,Individual,Manual,First Owner,5.0,25.17,799.0,53.3,Renault,8,1
2017,1550000.0,87500.0,Diesel,Individual,Manual,First Owner,5.0,17.1,1956.0,170.0,Jeep,9,1
2014,600000.0,125000.0,Diesel,Individual,Manual,First Owner,5.0,22.32,1582.0,126.32,Hyundai,12,1
2018,800000.0,25000.0,Petrol,Individual,Automatic,First Owner,5.0,17.4,1197.0,81.86,Hyundai,8,1
2013,600000.0,120000.0,Diesel,Individual,Manual,Third Owner,7.0,20.77,1248.0,88.8,Maruti,13,3
2015,795000.0,35000.0,Petrol,Individual,Manual,First Owner,5.0,17.01,1591.0,121.3,Hyundai,11,1
2016,735000.0,25000.0,Diesel,Individual,Manual,First Owner,5.0,22.54,1396.0,88.73,Hyundai,10,1
2005,250000.0,120000.0,Diesel,Individual,Manual,Third Owner,5.0,16.4,1896.0,90.0,Skoda,21,3
2018,400000.0,25000.0,Petrol,Individual,Automatic,First Owner,5.0,24.04,999.0,67.0,Renault,8,1
2014,395000.0,140000.0,Diesel,Individual,Manual,First Owner,8.0,14.0,2489.0,95.0,Mahindra,12,1
2005,130000.0,79000.0,Diesel,Individual,Manual,Second Owner,5.0,13.1,1493.0,82.0,Hyundai,21,2
2015,600000.0,125000.0,Diesel,Individual,Manual,First Owner,8.0,21.04,1461.0,83.8,Renault,11,1
2016,720000.0,80000.0,Diesel,Individual,Manual,First Owner,5.0,21.19,1396.0,88.73,Hyundai,10,1
2011,450000.0,110000.0,Petrol,Individual,Manual,Third Owner,5.0,16.8,1497.0,116.4,Honda,15,3
2010,220000.0,80000.0,Diesel,Individual,Manual,Second Owner,5.0,16.2,1493.0,110.0,Hyundai,16,2
2014,545000.0,100000.0,Diesel,Individual,Manual,Second Owner,5.0,22.32,1582.0,126.32,Hyundai,12,2
2011,370000.0,100000.0,Diesel,Individual,Manual,Second Owner,5.0,20.54,1598.0,103.6,Volkswagen,15,2
2010,450000.0,78000.0,Diesel,Individual,Manual,First Owner,7.0,13.6,2523.0,63.0,Mahindra,16,1
2018,750000.0,15000.0,Petrol,Individual,Automatic,First Owner,5.0,17.4,1197.0,81.86,Hyundai,8,1
2015,1100000.0,70000.0,Diesel,Individual,Manual,First Owner,7.0,15.4,2179.0,120.0,Mahindra,11,1
2019,711000.0,5000.0,Petrol,Individual,Manual,First Owner,5.0,21.4,1197.0,83.1,Maruti,7,1
2016,285000.0,75000.0,Petrol,Individual,Manual,First Owner,5.0,23.95,998.0,67.05,Maruti,10,1
2020,749000.0,5500.0,Petrol,Individual,Manual,First Owner,5.0,21.01,1197.0,81.8,Maruti,6,1
2016,550000.0,80000.0,Diesel,Individual,Manual,Second Owner,5.0,19.64,1461.0,108.45,Renault,10,2
2010,300000.0,120000.0,Diesel,Individual,Manual,Second Owner,5.0,19.3,1248.0,73.9,Maruti,16,2
2017,625000.0,70000.0,Diesel,Individual,Manual,First Owner,5.0,27.39,1248.0,74.0,Maruti,9,1
2017,650000.0,80000.0,Petrol,Individual,Manual,Second Owner,5.0,17.19,1197.0,81.86,Hyundai,9,2
2014,575000.0,120000.0,Diesel,Individual,Manual,Third Owner,5.0,22.32,1582.0,126.32,Hyundai,12,3
2016,631000.0,75000.0,Diesel,Individual,Manual,Second Owner,5.0,26.59,1248.0,74.0,Maruti,10,2
2010,220000.0,80000.0,Diesel,Individual,Manual,Second Owner,5.0,16.2,1493.0,110.0,Hyundai,16,2
2017,600000.0,40000.0,Petrol,Individual,Manual,Second Owner,5.0,20.3,1199.0,84.0,Tata,9,2
1997,160000.0,100000.0,Diesel,Individual,Manual,Fourth & Above Owner,5.0,19.3,1248.0,82.0,Mahindra,29,4
2012,390000.0,120000.0,Diesel,Individual,Manual,First Owner,5.0,23.5,1498.0,88.7,Ford,14,1
2007,375000.0,110000.0,Diesel,Individual,Manual,Fourth & Above Owner,8.0,12.7,2609.0,116.6,Mahindra,19,4
2010,340000.0,110000.0,Diesel,Individual,Manual,First Owner,5.0,23.0,1396.0,90.0,Hyundai,16,1
2019,670000.0,2000.0,Diesel,Individual,Manual,First Owner,5.0,27.28,1047.0,69.0,Tata,7,1
2014,530000.0,80000.0,Diesel,Individual,Manual,Second Owner,5.0,23.4,1248.0,74.0,Maruti,12,2
2015,350000.0,38000.0,Petrol,Individual,Automatic,Second Owner,5.0,23.95,998.0,67.05,Maruti,11,2
2014,415000.0,46000.0,Petrol,Dealer,Manual,First Owner,5.0,21.63,998.0,67.04,Maruti,12,1
2014,700000.0,102000.0,Diesel,Dealer,Manual,First Owner,7.0,24.2,1498.0,93.87,Maruti,12,1
2012,925000.0,96000.0,Diesel,Dealer,Automatic,Second Owner,5.0,19.62,1998.0,190.0,Bmw,14,2
2017,375000.0,20000.0,Petrol,Dealer,Automatic,First Owner,5.0,22.0,999.0,67.0,Renault,9,1
2015,575000.0,16000.0,Petrol,Dealer,Manual,First Owner,5.0,19.1,1197.0,85.8,Maruti,11,1
2013,425000.0,23000.0,Petrol,Dealer,Manual,First Owner,5.0,17.0,1197.0,80.0,Hyundai,13,1
2011,245000.0,25000.0,Petrol,Dealer,Manual,First Owner,5.0,18.16,1196.0,86.8,Ford,15,1
2015,540000.0,35000.0,Petrol,Dealer,Manual,Second Owner,5.0,17.7,1497.0,113.42,Hyundai,11,2
2011,1000000.0,90000.0,Diesel,Dealer,Automatic,First Owner,5.0,14.94,2143.0,204.0,Mercedes-Benz,15,1
2013,291000.0,37000.0,Petrol,Dealer,Manual,First Owner,5.0,20.36,1197.0,78.9,Hyundai,13,1
2017,600000.0,34000.0,Petrol,Dealer,Manual,Second Owner,5.0,21.4,1197.0,83.1,Maruti,9,2
2012,355000.0,60000.0,Petrol,Dealer,Manual,First Owner,5.0,17.7,1497.0,113.42,Hyundai,14,1
2010,225000.0,50000.0,Petrol,Dealer,Manual,First Owner,5.0,20.36,1197.0,78.9,Hyundai,16,1
2013,350000.0,37000.0,Petrol,Dealer,Manual,First Owner,7.0,13.7,1399.0,98.79,Chevrolet,13,1
2012,200000.0,38000.0,Petrol,Dealer,Manual,Second Owner,5.0,24.7,796.0,47.3,Maruti,14,2
2017,600000.0,40000.0,Diesel,Individual,Manual,First Owner,5.0,19.3,1248.0,82.0,Ford,9,1
2012,434999.0,57000.0,Petrol,Dealer,Manual,First Owner,5.0,17.7,1497.0,113.42,Hyundai,14,1
2014,440000.0,62200.0,Petrol,Dealer,Manual,First Owner,5.0,17.0,1197.0,80.0,Hyundai,12,1
2013,390000.0,77000.0,Diesel,Dealer,Manual,First Owner,5.0,21.1,1248.0,73.9,Maruti,13,1
1997,50000.0,110000.0,Petrol,Individual,Manual,Second Owner,4.0,16.1,796.0,37.0,Maruti,29,2
2012,450000.0,30000.0,Petrol,Individual,Manual,First Owner,5.0,17.5,1197.0,85.8,Maruti,14,1
2009,125000.0,60000.0,Petrol,Individual,Manual,Third Owner,5.0,19.7,796.0,46.3,Maruti,17,3
2014,999000.0,25000.0,Diesel,Individual,Manual,First Owner,9.0,15.4,2179.0,120.0,Mahindra,12,1
2005,225000.0,188000.0,Diesel,Individual,Manual,First Owner,7.0,12.3,1948.0,90.0,Tata,21,1
2010,85000.0,150000.0,Petrol,Individual,Manual,Third Owner,5.0,19.7,796.0,46.3,Maruti,16,3
2012,150000.0,40000.0,Petrol,Individual,Manual,First Owner,5.0,21.1,814.0,55.2,Hyundai,14,1
2014,500000.0,120000.0,Diesel,Individual,Manual,First Owner,5.0,19.01,1461.0,108.45,Renault,12,1
2011,220000.0,70000.0,Petrol,Individual,Manual,Third Owner,5.0,20.36,1197.0,78.9,Hyundai,15,3
2014,999000.0,25000.0,Diesel,Individual,Manual,First Owner,9.0,15.4,2179.0,120.0,Mahindra,12,1
2017,957000.0,60000.0,Diesel,Individual,Manual,First Owner,5.0,21.38,1396.0,88.7,Hyundai,9,1
2006,1050000.0,225000.0,Diesel,Individual,Manual,First Owner,7.0,12.8,2494.0,102.0,Toyota,20,1
2018,320000.0,35000.0,Petrol,Individual,Manual,First Owner,5.0,22.5,999.0,67.0,Datsun,8,1
2016,300000.0,15000.0,Petrol,Individual,Manual,First Owner,5.0,23.95,998.0,67.05,Maruti,10,1
2010,270000.0,98000.0,Diesel,Individual,Manual,First Owner,5.0,17.8,1248.0,75.0,Maruti,16,1
2011,170000.0,62000.0,Petrol,Individual,Manual,Third Owner,5.0,16.36,1495.0,93.7,Hyundai,15,3
2010,270000.0,90000.0,Diesel,Individual,Manual,Second Owner,5.0,18.3,1991.0,147.9,Chevrolet,16,2
2013,140000.0,110000.0,Petrol,Individual,Manual,Second Owner,5.0,18.6,1199.0,79.4,Chevrolet,13,2
2010,170000.0,90000.0,Petrol,Individual,Manual,Third Owner,5.0,20.36,1197.0,78.9,Hyundai,16,3
2019,1450000.0,10000.0,Diesel,Individual,Manual,First Owner,7.0,17.3,1497.0,121.0,Mahindra,7,1
2019,1200000.0,25000.0,Diesel,Individual,Manual,First Owner,5.0,20.0,1497.0,115.0,Mahindra,7,1
2019,834000.0,13000.0,Diesel,Individual,Manual,First Owner,5.0,22.54,1396.0,88.76,Hyundai,7,1
2017,450000.0,80000.0,Diesel,Individual,Manual,First Owner,5.0,27.28,1047.0,69.0,Tata,9,1
2014,575000.0,40000.0,Diesel,Individual,Manual,Third Owner,5.0,20.14,1498.0,88.8,Volkswagen,12,3
2019,900000.0,20000.0,Diesel,Individual,Manual,First Owner,5.0,28.4,1248.0,74.02,Maruti,7,1
2008,149000.0,87540.0,LPG,Individual,Manual,Third Owner,5.0,16.6,796.0,35.5,Maruti,18,3
2007,100000.0,84000.0,LPG,Individual,Manual,Third Owner,5.0,16.0,995.0,60.0,Chevrolet,19,3
2011,325000.0,160000.0,Diesel,Individual,Manual,Third Owner,5.0,20.86,1199.0,75.0,Skoda,15,3
2012,400000.0,100000.0,Diesel,Individual,Manual,Second Owner,5.0,20.54,1598.0,103.6,Volkswagen,14,2
2017,250000.0,35000.0,Petrol,Individual,Manual,Second Owner,5.0,20.3,998.0,68.05,Hyundai,9,2
2010,225000.0,60000.0,Petrol,Individual,Manual,Second Owner,5.0,12.9,1598.0,102.5,Chevrolet,16,2
2012,300000.0,70000.0,Diesel,Individual,Manual,First Owner,5.0,18.6,1388.0,67.0,Ford,14,1
2015,459999.0,60000.0,Diesel,Individual,Manual,Second Owner,5.0,20.5,1248.0,91.72,Fiat,11,2
2016,825000.0,35000.0,Diesel,Individual,Manual,Second Owner,5.0,22.77,1498.0,98.59,Ford,10,2
2012,150000.0,225000.0,Diesel,Individual,Manual,Second Owner,5.0,18.4,1248.0,75.0,Tata,14,2
2016,710000.0,71000.0,Diesel,Individual,Manual,First Owner,5.0,27.39,1248.0,74.0,Maruti,10,1
2008,200000.0,90000.0,Petrol,Individual,Manual,First Owner,5.0,19.3,1248.0,82.0,Maruti,18,1
2016,425000.0,70000.0,Diesel,Individual,Manual,First Owner,5.0,23.2,1248.0,73.94,Maruti,10,1
2007,45000.0,80000.0,Petrol,Individual,Manual,First Owner,4.0,16.1,796.0,37.0,Maruti,19,1
2011,380000.0,225000.0,Diesel,Individual,Manual,Second Owner,7.0,13.6,2523.0,63.0,Mahindra,15,2
2000,150000.0,50000.0,Diesel,Individual,Manual,First Owner,5.0,19.3,1248.0,82.0,Mahindra,26,1
2009,240000.0,90000.0,Diesel,Individual,Manual,First Owner,5.0,21.1,1248.0,73.9,Maruti,17,1
2016,1150000.0,154000.0,Diesel,Individual,Manual,First Owner,5.0,19.67,1582.0,126.2,Hyundai,10,1
2013,520000.0,109000.0,Diesel,Individual,Manual,Second Owner,5.0,19.64,1461.0,108.45,Renault,13,2
2016,675000.0,120000.0,Diesel,Individual,Manual,Second Owner,5.0,26.59,1248.0,74.0,Maruti,10,2
2006,170000.0,77000.0,Diesel,Individual,Manual,First Owner,5.0,19.3,1248.0,82.0,Tata,20,1
2012,297000.0,100000.0,CNG,Individual,Manual,Third Owner,5.0,26.2,998.0,58.2,Maruti,14,3
2009,250000.0,110000.0,Diesel,Individual,Manual,First Owner,7.0,11.57,2179.0,138.1,Tata,17,1
2005,200000.0,200000.0,Diesel,Individual,Manual,Second Owner,5.0,13.1,1493.0,82.0,Hyundai,21,2
2008,225000.0,120000.0,Diesel,Individual,Manual,Fourth & Above Owner,5.0,19.3,1248.0,82.0,Maruti,18,4
2016,380000.0,39000.0,Petrol,Individual,Manual,Third Owner,5.0,20.51,998.0,67.04,Maruti,10,3
2005,40000.0,96000.0,Petrol,Individual,Manual,Fourth & Above Owner,4.0,16.1,796.0,37.0,Maruti,21,4
2014,575000.0,90000.0,Diesel,Individual,Manual,First Owner,5.0,20.54,1598.0,103.6,Volkswagen,12,1
2010,300000.0,135000.0,Diesel,Individual,Manual,Second Owner,5.0,17.8,1248.0,75.0,Maruti,16,2
2018,450000.0,90000.0,Diesel,Individual,Manual,First Owner,5.0,27.28,1047.0,69.0,Tata,8,1
2003,45000.0,90000.0,Petrol,Individual,Manual,Fourth & Above Owner,4.0,16.1,796.0,37.0,Maruti,23,4
2010,950000.0,225000.0,Diesel,Individual,Manual,First Owner,7.0,12.8,2494.0,102.0,Toyota,16,1
2017,745000.0,35000.0,Diesel,Individual,Manual,First Owner,5.0,28.4,1248.0,74.02,Maruti,9,1
2016,509999.0,120000.0,Diesel,Individual,Manual,First Owner,5.0,24.4,1120.0,71.0,Hyundai,10,1
2009,142000.0,110000.0,Petrol,Individual,Manual,First Owner,5.0,20.36,1197.0,78.9,Hyundai,17,1
2009,185000.0,50000.0,Petrol,Individual,Manual,First Owner,5.0,19.0,998.0,66.1,Maruti,17,1
2012,300000.0,77000.0,Diesel,Individual,Manual,First Owner,5.0,20.4,1248.0,91.7,Fiat,14,1
2007,210000.0,120000.0,Petrol,Individual,Manual,Second Owner,5.0,17.7,1497.0,78.0,Honda,19,2
2008,260000.0,120000.0,Petrol,Individual,Manual,Second Owner,5.0,13.9,1599.0,103.2,Hyundai,18,2
2013,430000.0,190000.0,Diesel,Individual,Manual,Second Owner,5.0,23.4,1248.0,74.0,Maruti,13,2
2013,600000.0,110000.0,Diesel,Individual,Manual,Second Owner,8.0,12.05,2179.0,120.0,Mahindra,13,2
2010,400000.0,30000.0,Petrol,Individual,Manual,First Owner,5.0,15.6,1196.0,70.0,Ford,16,1
2012,400000.0,182000.0,Diesel,Individual,Manual,Second Owner,5.0,24.8,1396.0,88.7,Hyundai,14,2
2017,669000.0,60000.0,Diesel,Individual,Manual,First Owner,5.0,28.4,1248.0,74.02,Maruti,9,1
2019,509999.0,40000.0,Petrol,Individual,Manual,First Owner,5.0,20.14,1197.0,81.86,Hyundai,7,1
2016,616000.0,112000.0,Diesel,Individual,Manual,First Owner,5.0,22.54,1396.0,88.73,Hyundai,10,1
2013,530000.0,80000.0,Diesel,Individual,Manual,Second Owner,8.0,12.05,2179.0,120.0,Mahindra,13,2
2010,190000.0,90000.0,Diesel,Individual,Manual,Second Owner,5.0,16.8,1493.0,110.0,Hyundai,16,2
2015,700000.0,140000.0,Diesel,Individual,Manual,Second Owner,5.0,25.1,1498.0,98.6,Honda,11,2
2012,250000.0,188000.0,Diesel,Individual,Manual,Second Owner,8.0,14.0,2179.0,120.0,Tata,14,2
2014,225000.0,60000.0,Petrol,Individual,Manual,Second Owner,5.0,20.36,1197.0,78.9,Hyundai,12,2
2017,470000.0,30000.0,Petrol,Individual,Manual,First Owner,5.0,18.9,1197.0,81.86,Hyundai,9,1
2019,900000.0,40000.0,Diesel,Individual,Manual,First Owner,5.0,24.3,1248.0,88.5,Maruti,7,1
2013,170000.0,70000.0,Diesel,Individual,Manual,First Owner,5.0,25.44,936.0,57.6,Chevrolet,13,1
2013,140000.0,100000.0,Diesel,Individual,Manual,First Owner,5.0,19.09,1396.0,69.0,Tata,13,1
2011,95000.0,44000.0,Petrol,Individual,Manual,Second Owner,5.0,16.0,995.0,63.0,Chevrolet,15,2
2016,280000.0,110000.0,Petrol,Individual,Manual,Second Owner,5.0,18.5,1197.0,85.8,Maruti,10,2
2012,470000.0,215000.0,Diesel,Individual,Manual,First Owner,7.0,12.05,2179.0,120.0,Mahindra,14,1
2011,129000.0,80000.0,Petrol,Individual,Manual,Second Owner,5.0,21.1,814.0,55.2,Hyundai,15,2
2012,165000.0,70000.0,Diesel,Individual,Manual,Second Owner,5.0,25.44,936.0,57.6,Chevrolet,14,2
2016,600000.0,25000.0,Petrol,Individual,Manual,First Owner,5.0,17.19,1197.0,81.86,Hyundai,10,1
2012,260000.0,31000.0,Petrol,Individual,Manual,First Owner,5.0,18.9,998.0,67.1,Maruti,14,1
2005,70000.0,50000.0,Petrol,Individual,Manual,Third Owner,5.0,18.9,998.0,67.1,Maruti,21,3
2015,515000.0,120000.0,Petrol,Individual,Manual,Second Owner,5.0,18.6,1197.0,81.83,Hyundai,11,2
2012,225000.0,60000.0,Diesel,Individual,Manual,First Owner,5.0,20.0,1399.0,68.0,Ford,14,1
2011,270000.0,60000.0,Diesel,Individual,Manual,Second Owner,5.0,19.3,1248.0,73.9,Maruti,15,2
2011,225000.0,110000.0,Diesel,Individual,Manual,Third Owner,7.0,13.93,2179.0,138.03,Tata,15,3
2012,459999.0,70000.0,Diesel,Individual,Manual,First Owner,5.0,22.32,1582.0,126.32,Hyundai,14,1
2009,115999.0,110000.0,Petrol,Individual,Manual,Second Owner,5.0,19.7,796.0,46.3,Maruti,17,2
2013,475000.0,77300.0,Diesel,Dealer,Manual,First Owner,5.0,21.14,1498.0,103.52,Skoda,13,1
2013,1925000.0,91500.0,Diesel,Dealer,Automatic,First Owner,5.0,10.0,2148.0,170.0,Mercedes-Benz,13,1
2011,165000.0,75000.0,Diesel,Dealer,Manual,Second Owner,5.0,25.0,1396.0,69.0,Tata,15,2
2015,550000.0,45000.0,Diesel,Dealer,Manual,First Owner,5.0,28.4,1248.0,74.0,Maruti,11,1
2017,861000.0,61260.0,Diesel,Dealer,Manual,First Owner,5.0,24.3,1248.0,88.5,Maruti,9,1
2019,1050000.0,26000.0,Diesel,Dealer,Manual,First Owner,5.0,23.0,1498.0,98.96,Ford,7,1
2018,3251000.0,17601.0,Diesel,Dealer,Automatic,First Owner,7.0,16.25,1968.0,148.0,Skoda,8,1
2017,750000.0,43000.0,Diesel,Dealer,Manual,First Owner,5.0,22.54,1396.0,88.73,Hyundai,9,1
2018,730000.0,4773.0,Petrol,Dealer,Manual,First Owner,5.0,22.0,1197.0,81.8,Maruti,8,1
2017,860000.0,31000.0,Diesel,Dealer,Automatic,First Owner,5.0,21.66,1498.0,103.52,Skoda,9,1
2017,940000.0,57900.0,Diesel,Dealer,Manual,First Owner,7.0,21.9,1498.0,98.6,Honda,9,1
2019,1075000.0,8600.0,Diesel,Dealer,Manual,First Owner,7.0,17.3,1497.0,121.0,Mahindra,7,1
2016,775000.0,52000.0,Diesel,Dealer,Manual,First Owner,5.0,23.65,1248.0,88.5,Maruti,10,1
2013,411000.0,62000.0,Petrol,Dealer,Manual,First Owner,5.0,22.0,1197.0,81.8,Maruti,13,1
2012,911000.0,155000.0,Diesel,Dealer,Manual,First Owner,8.0,12.8,2494.0,102.0,Toyota,14,1
2016,540000.0,66000.0,Diesel,Dealer,Manual,First Owner,5.0,20.14,1498.0,88.8,Volkswagen,10,1
2016,660000.0,78010.0,Diesel,Dealer,Automatic,First Owner,5.0,21.66,1498.0,103.52,Skoda,10,1
2018,875000.0,83844.0,Diesel,Dealer,Manual,First Owner,7.0,24.52,1248.0,88.5,Maruti,8,1
2015,411000.0,23999.0,Petrol,Dealer,Automatic,First Owner,5.0,23.1,998.0,67.04,Maruti,11,1
2016,635000.0,52000.0,Diesel,Dealer,Manual,First Owner,5.0,27.39,1248.0,74.0,Maruti,10,1
2012,350000.0,145000.0,Diesel,Individual,Manual,Third Owner,5.0,22.9,1248.0,74.0,Maruti,14,3
2018,800000.0,70000.0,Diesel,Individual,Manual,Second Owner,7.0,18.49,1493.0,100.0,Mahindra,8,2
2015,180000.0,25000.0,Petrol,Individual,Manual,Second Owner,5.0,16.8,796.0,34.2,Maruti,11,2
2014,2000000.0,51000.0,Diesel,Individual,Automatic,First Owner,5.0,14.74,2993.0,270.9,Jaguar,12,1
2014,490000.0,120000.0,Diesel,Individual,Manual,First Owner,7.0,24.2,1498.0,98.6,Honda,12,1
2010,180000.0,55000.0,Petrol,Individual,Manual,First Owner,5.0,19.0,998.0,67.1,Maruti,16,1
2013,310000.0,91400.0,Petrol,Individual,Automatic,Second Owner,5.0,19.34,1198.0,76.0,Nissan,13,2
2012,275000.0,48000.0,CNG,Individual,Manual,First Owner,5.0,13.2,1495.0,93.7,Hyundai,14,1
2014,450000.0,80000.0,Diesel,Individual,Manual,Second Owner,7.0,18.2,1248.0,73.8,Chevrolet,12,2
2017,500000.0,50000.0,Diesel,Individual,Manual,First Owner,6.0,25.32,1198.0,77.0,Mahindra,9,1
2010,245000.0,185000.0,Diesel,Individual,Automatic,Fourth & Above Owner,5.0,16.2,1493.0,110.0,Hyundai,16,4
2011,275000.0,125000.0,Diesel,Individual,Manual,Fourth & Above Owner,5.0,20.54,1598.0,103.6,Volkswagen,15,4
2006,200000.0,178500.0,Petrol,Individual,Manual,Third Owner,5.0,17.7,1497.0,78.0,Honda,20,3
2017,1500000.0,66953.0,Diesel,Individual,Manual,First Owner,7.0,16.0,2179.0,140.0,Mahindra,9,1
2012,229999.0,166000.0,Diesel,Individual,Manual,Second Owner,5.0,23.08,1461.0,63.1,Nissan,14,2
2011,280000.0,131000.0,Diesel,Individual,Manual,Fourth & Above Owner,5.0,20.54,1598.0,103.6,Volkswagen,15,4
2009,125000.0,50000.0,Petrol,Individual,Manual,Second Owner,5.0,18.9,1061.0,67.0,Maruti,17,2
2015,600000.0,25000.0,Diesel,Individual,Manual,First Owner,5.0,25.2,1248.0,74.0,Maruti,11,1
2018,600000.0,20000.0,Petrol,Individual,Manual,First Owner,5.0,18.2,1199.0,88.7,Honda,8,1
2016,411000.0,60000.0,Petrol,Individual,Manual,Second Owner,5.0,18.5,1198.0,86.8,Honda,10,2
2010,150000.0,170000.0,Petrol,Individual,Manual,Third Owner,5.0,15.37,1196.0,73.0,Maruti,16,3
2015,630000.0,70000.0,Diesel,Individual,Manual,First Owner,5.0,26.21,1248.0,88.5,Maruti,11,1
2013,1200000.0,110000.0,Diesel,Individual,Automatic,First Owner,5.0,17.11,1968.0,174.33,Audi,13,1
2019,700000.0,45000.0,Petrol,Individual,Automatic,First Owner,5.0,22.0,1197.0,81.8,Maruti,7,1
2010,250000.0,60000.0,Diesel,Individual,Manual,Second Owner,7.0,14.0,2498.0,112.0,Mahindra,16,2
2016,535000.0,32000.0,Diesel,Individual,Manual,First Owner,8.0,18.2,1248.0,73.74,Chevrolet,10,1
2016,600000.0,60000.0,Diesel,Individual,Manual,First Owner,7.0,18.49,1493.0,100.0,Mahindra,10,1
2003,145000.0,120000.0,Diesel,Individual,Manual,Fourth & Above Owner,5.0,13.1,1493.0,82.0,Hyundai,23,4
2015,400000.0,143000.0,Diesel,Individual,Manual,First Owner,5.0,25.83,1498.0,99.0,Ford,11,1
2015,600000.0,100000.0,Diesel,Individual,Manual,First Owner,5.0,26.59,1248.0,74.0,Maruti,11,1
2018,459999.0,50000.0,Petrol,Individual,Manual,First Owner,5.0,21.63,998.0,67.0,Maruti,8,1
2018,800000.0,30000.0,Diesel,Individual,Manual,First Owner,5.0,22.54,1396.0,88.73,Hyundai,8,1
2017,370000.0,25000.0,CNG,Individual,Manual,First Owner,5.0,21.94,1196.0,61.7,Maruti,9,1
2012,800000.0,102000.0,Diesel,Individual,Manual,Second Owner,8.0,12.8,2494.0,102.0,Toyota,14,2
2013,290000.0,90000.0,Diesel,Individual,Manual,First Owner,5.0,23.08,1461.0,63.12,Renault,13,1
2018,671000.0,62000.0,Diesel,Individual,Manual,First Owner,5.0,28.4,1248.0,74.0,Maruti,8,1
2012,140000.0,80000.0,Diesel,Individual,Manual,Fourth & Above Owner,5.0,19.09,1396.0,69.0,Tata,14,4
2011,141000.0,15000.0,Petrol,Individual,Manual,Third Owner,5.0,19.7,796.0,46.3,Maruti,15,3
2009,125000.0,70000.0,Petrol,Individual,Manual,Second Owner,5.0,19.7,796.0,46.3,Maruti,17,2
2013,150000.0,90000.0,Diesel,Individual,Manual,Second Owner,5.0,19.4,1405.0,70.0,Tata,13,2
2007,125000.0,100000.0,Petrol,Individual,Manual,Third Owner,5.0,18.9,1061.0,67.0,Maruti,19,3
2018,600000.0,25000.0,Petrol,Individual,Manual,Second Owner,5.0,18.9,1197.0,81.86,Hyundai,8,2
2017,700000.0,40000.0,Diesel,Individual,Manual,First Owner,5.0,22.54,1396.0,88.73,Hyundai,9,1
2017,700000.0,70000.0,Diesel,Individual,Manual,First Owner,5.0,22.54,1396.0,88.73,Hyundai,9,1
2017,740000.0,40000.0,Diesel,Individual,Manual,First Owner,5.0,28.4,1248.0,74.02,Maruti,9,1
2011,140000.0,200000.0,Diesel,Individual,Manual,Second Owner,5.0,17.0,1405.0,71.0,Tata,15,2
2018,1150000.0,35000.0,Diesel,Individual,Manual,First Owner,5.0,22.0,1582.0,126.2,Hyundai,8,1
2007,300000.0,155000.0,Diesel,Individual,Manual,First Owner,5.0,18.7,1896.0,66.0,Skoda,19,1
2011,300000.0,110000.0,Petrol,Individual,Manual,First Owner,5.0,17.6,1496.0,88.73,Toyota,15,1
2015,530000.0,110000.0,Diesel,Individual,Manual,First Owner,5.0,21.64,1461.0,84.8,Renault,11,1
2017,530000.0,80000.0,Diesel,Individual,Manual,Second Owner,5.0,24.0,1186.0,73.97,Hyundai,9,2
2011,210000.0,50000.0,Petrol,Individual,Manual,Second Owner,5.0,17.92,1086.0,62.1,Hyundai,15,2
2007,130000.0,90000.0,Petrol,Individual,Manual,Second Owner,5.0,19.7,796.0,46.3,Maruti,19,2
2008,148000.0,80000.0,LPG,Individual,Manual,Second Owner,5.0,17.3,1061.0,57.5,Maruti,18,2
2008,585000.0,120000.0,Diesel,Individual,Automatic,First Owner,5.0,14.3,1968.0,140.0,Volkswagen,18,1
2011,270000.0,105000.0,Diesel,Individual,Manual,Second Owner,5.0,21.9,1396.0,90.0,Hyundai,15,2
2013,375000.0,40000.0,Petrol,Individual,Manual,First Owner,5.0,20.36,1197.0,78.9,Hyundai,13,1
2014,725000.0,141000.0,Diesel,Individual,Manual,Second Owner,7.0,15.1,2179.0,140.0,Mahindra,12,2
2005,350000.0,15000.0,Diesel,Individual,Manual,Second Owner,5.0,19.3,1248.0,82.0,Mahindra,21,2
2007,180000.0,150000.0,Diesel,Individual,Manual,Second Owner,5.0,18.1,1493.0,110.0,Hyundai,19,2
2014,425000.0,80000.0,Diesel,Individual,Manual,Second Owner,5.0,23.2,1248.0,73.94,Maruti,12,2
2018,900000.0,25000.0,Diesel,Individual,Manual,First Owner,5.0,23.0,1498.0,98.96,Ford,8,1
2017,570000.0,51000.0,Diesel,Individual,Manual,First Owner,7.0,14.07,2956.0,69.01,Tata,9,1
2017,290000.0,40000.0,Diesel,Individual,Manual,First Owner,5.0,25.0,1396.0,69.0,Tata,9,1
2011,229999.0,40000.0,Diesel,Individual,Manual,Second Owner,5.0,20.0,1399.0,68.0,Ford,15,2
2012,300000.0,70000.0,Diesel,Individual,Manual,First Owner,5.0,20.0,1399.0,68.0,Ford,14,1
2010,220000.0,110000.0,Diesel,Individual,Manual,Third Owner,5.0,21.1,1248.0,73.9,Maruti,16,3
2011,409999.0,80000.0,Diesel,Individual,Manual,Second Owner,5.0,18.3,1991.0,147.9,Chevrolet,15,2
2013,355000.0,136000.0,Diesel,Individual,Manual,Second Owner,7.0,18.2,1248.0,73.8,Chevrolet,13,2
2013,695000.0,120000.0,Diesel,Individual,Manual,First Owner,5.0,19.01,1461.0,108.45,Renault,13,1
2010,320000.0,120000.0,Diesel,Individual,Manual,Second Owner,5.0,19.3,1248.0,73.9,Maruti,16,2
2017,710000.0,120000.0,Diesel,Individual,Manual,First Owner,7.0,18.49,1493.0,100.0,Mahindra,9,1
2004,85000.0,120000.0,Diesel,Individual,Manual,Second Owner,5.0,16.8,1405.0,62.0,Tata,22,2
2010,409999.0,210000.0,Diesel,Individual,Manual,Fourth & Above Owner,9.0,12.2,1994.0,105.3,Chevrolet,16,4
2015,550000.0,90000.0,Diesel,Individual,Manual,First Owner,5.0,20.14,1498.0,88.8,Volkswagen,11,1
2007,215000.0,100750.0,Petrol,Individual,Manual,Second Owner,5.0,16.1,1298.0,88.2,Maruti,19,2
2006,110000.0,140000.0,Petrol,Individual,Manual,Second Owner,5.0,14.4,1599.0,94.0,Hyundai,20,2
2007,170000.0,110000.0,Petrol,Individual,Manual,Third Owner,5.0,17.7,1497.0,78.0,Honda,19,3
2018,850000.0,40000.0,Petrol,Individual,Manual,Second Owner,5.0,17.0,1198.0,108.5,Tata,8,2
2010,350000.0,148000.0,Diesel,Individual,Manual,Second Owner,5.0,23.0,1396.0,90.0,Hyundai,16,2
2005,120000.0,190000.0,Petrol,Individual,Automatic,Second Owner,5.0,19.3,1248.0,82.0,Hyundai,21,2
2015,250000.0,155000.0,Diesel,Individual,Manual,Second Owner,5.0,22.3,1248.0,74.0,Tata,11,2
2015,433000.0,70000.0,Diesel,Individual,Manual,First Owner,5.0,25.83,1498.0,99.0,Ford,11,1
2010,1200000.0,100000.0,Diesel,Individual,Manual,First Owner,7.0,11.5,2982.0,171.0,Toyota,16,1
2015,300000.0,45000.0,Petrol,Individual,Manual,First Owner,5.0,21.1,814.0,55.2,Hyundai,11,1
1998,70000.0,40000.0,Petrol,Individual,Manual,Second Owner,5.0,17.3,993.0,60.0,Maruti,28,2
2017,760000.0,90000.0,Diesel,Individual,Manual,Second Owner,7.0,15.96,2523.0,62.1,Mahindra,9,2
2014,250000.0,20000.0,Petrol,Individual,Manual,First Owner,5.0,21.1,814.0,55.2,Hyundai,12,1
2013,187000.0,120000.0,Petrol,Individual,Manual,Second Owner,5.0,17.92,1086.0,62.1,Hyundai,13,2
2017,2711000.0,9000.0,Diesel,Dealer,Automatic,First Owner,5.0,13.6,1999.0,177.0,Jaguar,9,1
2019,5150000.0,20000.0,Petrol,Dealer,Automatic,First Owner,5.0,22.37,2487.0,214.56,Lexus,7,1
2017,3200000.0,45000.0,Diesel,Dealer,Automatic,First Owner,5.0,19.33,1999.0,177.0,Jaguar,9,1
2015,503000.0,110000.0,Diesel,Individual,Manual,First Owner,7.0,14.1,2179.0,147.94,Tata,11,1
2019,3800000.0,20000.0,Diesel,Individual,Automatic,First Owner,5.0,18.0,1969.0,190.0,Volvo,7,1
2016,2000000.0,68089.0,Petrol,Trustmark Dealer,Automatic,First Owner,5.0,19.16,2494.0,157.7,Toyota,10,1
2013,225000.0,58343.0,Petrol,Trustmark Dealer,Manual,First Owner,5.0,21.79,998.0,67.05,Maruti,13,1
2018,740000.0,38817.0,Diesel,Dealer,Manual,First Owner,5.0,27.39,1248.0,74.0,Maruti,8,1
2016,550000.0,56494.0,Petrol,Trustmark Dealer,Manual,First Owner,5.0,18.2,1199.0,88.7,Honda,10,1
2013,750000.0,79328.0,Diesel,Trustmark Dealer,Manual,Second Owner,7.0,12.99,2494.0,100.6,Toyota,13,2
2019,650000.0,5621.0,Petrol,Trustmark Dealer,Automatic,First Owner,5.0,22.0,1197.0,81.8,Maruti,7,1
2017,625000.0,25538.0,Petrol,Trustmark Dealer,Manual,First Owner,5.0,16.78,1496.0,88.73,Toyota,9,1
2018,600000.0,69779.0,Petrol,Dealer,Automatic,First Owner,5.0,22.0,1197.0,81.8,Maruti,8,1
2017,450000.0,56290.0,Diesel,Dealer,Manual,First Owner,5.0,24.0,1186.0,73.97,Hyundai,9,1
2019,5200000.0,7500.0,Diesel,Dealer,Automatic,First Owner,5.0,16.78,1995.0,190.0,Bmw,7,1
2019,5200000.0,8500.0,Diesel,Dealer,Automatic,First Owner,5.0,16.78,1995.0,190.0,Bmw,7,1
2019,779000.0,7032.0,Petrol,Trustmark Dealer,Automatic,First Owner,5.0,19.0,1199.0,88.76,Honda,7,1
2016,645000.0,11000.0,Petrol,Dealer,Automatic,First Owner,5.0,14.3,1598.0,103.5,Skoda,10,1
2018,2475000.0,2000.0,Diesel,Dealer,Automatic,First Owner,5.0,16.8,1984.0,150.0,Volvo,8,1
2013,335000.0,90000.0,Diesel,Individual,Manual,Second Owner,5.0,22.9,1248.0,74.0,Maruti,13,2
2016,488000.0,80000.0,Petrol,Individual,Manual,Second Owner,5.0,20.85,1197.0,83.14,Maruti,10,2
2008,111000.0,110000.0,Petrol,Individual,Manual,Third Owner,5.0,15.6,1586.0,104.68,Maruti,18,3
2015,600000.0,70000.0,Diesel,Individual,Manual,First Owner,5.0,26.21,1248.0,88.5,Maruti,11,1
2020,570000.0,5000.0,Petrol,Individual,Manual,First Owner,5.0,21.21,1197.0,81.8,Maruti,6,1
2007,110000.0,75000.0,Petrol,Individual,Manual,Second Owner,5.0,17.8,1086.0,63.0,Hyundai,19,2
2014,434999.0,50000.0,Petrol,Individual,Manual,First Owner,5.0,18.6,1197.0,85.8,Maruti,12,1
2014,229999.0,70000.0,Petrol,Individual,Manual,First Owner,5.0,21.1,814.0,55.2,Hyundai,12,1
2014,490000.0,90000.0,Diesel,Individual,Manual,Second Owner,5.0,20.45,1461.0,83.8,Nissan,12,2
2011,300000.0,100000.0,Petrol,Individual,Manual,Second Owner,5.0,17.5,1298.0,85.8,Maruti,15,2
2017,350000.0,90000.0,Petrol,Individual,Manual,First Owner,5.0,17.8,1199.0,76.8,Chevrolet,9,1
2019,580000.0,35000.0,Petrol,Individual,Manual,First Owner,5.0,17.5,1199.0,88.7,Honda,7,1
2017,385000.0,155000.0,Diesel,Individual,Manual,First Owner,5.0,25.0,1396.0,69.01,Tata,9,1
2019,434999.0,19500.0,Petrol,Dealer,Manual,First Owner,5.0,20.3,1086.0,68.07,Hyundai,7,1
2018,3200000.0,50000.0,Diesel,Individual,Manual,First Owner,7.0,14.24,2755.0,174.5,Toyota,8,1
2015,495000.0,30000.0,Petrol,Dealer,Manual,First Owner,5.0,18.6,1197.0,81.83,Hyundai,11,1
2016,575000.0,53000.0,Diesel,Dealer,Manual,First Owner,5.0,22.54,1396.0,88.73,Hyundai,10,1
2013,200000.0,120000.0,Diesel,Individual,Manual,Second Owner,5.0,19.09,1405.0,69.01,Tata,13,2
2012,140000.0,120000.0,Diesel,Individual,Manual,Second Owner,5.0,21.03,1461.0,65.0,Mahindra,14,2
2012,300000.0,64000.0,Diesel,Individual,Manual,Second Owner,5.0,17.8,1399.0,67.0,Ford,14,2
2015,350000.0,50000.0,Petrol,Individual,Manual,First Owner,5.0,18.2,1199.0,82.4,Chevrolet,11,1
2015,250000.0,80000.0,Diesel,Individual,Manual,Second Owner,5.0,19.09,1405.0,69.01,Tata,11,2
2013,280000.0,80000.0,Diesel,Individual,Manual,First Owner,5.0,21.02,1248.0,88.76,Tata,13,1
2017,600000.0,5000.0,Petrol,Individual,Manual,First Owner,5.0,20.14,1197.0,81.86,Hyundai,9,1
2015,700000.0,25000.0,Petrol,Individual,Manual,First Owner,5.0,17.01,1591.0,121.4,Hyundai,11,1
2014,560000.0,72000.0,Diesel,Dealer,Manual,First Owner,5.0,26.0,1498.0,98.6,Honda,12,1
2016,565000.0,72000.0,Diesel,Dealer,Manual,First Owner,5.0,19.3,1248.0,82.0,Maruti,10,1
2017,880000.0,65000.0,Diesel,Individual,Manual,First Owner,8.0,19.98,1461.0,108.5,Renault,9,1
2005,250000.0,80000.0,Diesel,Individual,Manual,First Owner,7.0,13.6,2523.0,63.0,Mahindra,21,1
2016,550000.0,120000.0,Diesel,Individual,Manual,First Owner,9.0,15.96,2523.0,62.1,Mahindra,10,1
2018,530000.0,60000.0,Diesel,Individual,Manual,First Owner,5.0,25.4,1186.0,73.97,Hyundai,8,1
2013,750000.0,110000.0,Diesel,Individual,Manual,Second Owner,7.0,15.1,2179.0,140.0,Mahindra,13,2
2017,310000.0,35000.0,Petrol,Individual,Manual,First Owner,5.0,24.7,796.0,47.3,Maruti,9,1
2014,620000.0,130000.0,Diesel,Individual,Manual,First Owner,7.0,20.77,1248.0,88.8,Maruti,12,1
2013,400000.0,188000.0,Diesel,Individual,Manual,Second Owner,5.0,22.9,1248.0,74.0,Maruti,13,2
2008,67000.0,80000.0,Diesel,Individual,Manual,Second Owner,5.0,17.2,1396.0,53.5,Tata,18,2
2015,480000.0,80000.0,Diesel,Individual,Manual,First Owner,5.0,25.83,1498.0,99.0,Ford,11,1
2008,110000.0,48676.0,Petrol,Individual,Manual,First Owner,8.0,19.7,796.0,35.0,Maruti,18,1
2006,105000.0,60000.0,Petrol,Individual,Manual,Third Owner,5.0,19.3,1248.0,82.0,Hyundai,20,3
2018,475000.0,40000.0,Petrol,Individual,Manual,First Owner,7.0,20.62,1198.0,67.0,Datsun,8,1
2012,275000.0,120000.0,Diesel,Individual,Manual,Second Owner,5.0,19.3,1248.0,82.0,Toyota,14,2
2003,40000.0,70000.0,Diesel,Individual,Manual,First Owner,5.0,19.3,1248.0,82.0,Tata,23,1
2018,300000.0,15000.0,Petrol,Individual,Manual,Second Owner,5.0,24.7,796.0,47.3,Maruti,8,2
2007,100000.0,70000.0,Petrol,Individual,Manual,First Owner,5.0,19.7,796.0,46.3,Maruti,19,1
2011,70000.0,80000.0,Diesel,Individual,Manual,Second Owner,5.0,17.0,1405.0,71.0,Tata,15,2
2017,900000.0,60000.0,Diesel,Individual,Manual,First Owner,5.0,22.77,1498.0,98.59,Ford,9,1
2017,650000.0,120000.0,Diesel,Individual,Manual,Second Owner,5.0,23.59,1364.0,67.04,Toyota,9,2
2003,55000.0,120000.0,Petrol,Individual,Manual,Third Owner,5.0,19.3,1248.0,82.0,Hyundai,23,3
2000,50000.0,180000.0,Petrol,Individual,Manual,Fourth & Above Owner,5.0,17.3,993.0,60.0,Maruti,26,4
2016,550000.0,70000.0,Petrol,Individual,Manual,First Owner,5.0,18.9,1197.0,82.0,Hyundai,10,1
2013,475000.0,225000.0,Diesel,Individual,Manual,First Owner,5.0,20.46,1461.0,83.8,Renault,13,1
2019,425000.0,15000.0,Petrol,Individual,Manual,First Owner,5.0,20.3,1086.0,68.0,Hyundai,7,1
2017,900000.0,65000.0,Diesel,Individual,Manual,First Owner,5.0,28.09,1248.0,88.5,Maruti,9,1
2015,516000.0,90000.0,Petrol,Individual,Manual,First Owner,5.0,18.6,1197.0,81.83,Hyundai,11,1
2011,150000.0,70000.0,Petrol,Individual,Manual,Second Owner,5.0,16.5,1172.0,65.0,Tata,15,2
2016,400000.0,30000.0,Petrol,Individual,Manual,First Owner,5.0,20.51,998.0,67.04,Maruti,10,1
2016,800000.0,79500.0,Diesel,Individual,Manual,First Owner,7.0,15.4,2179.0,120.0,Mahindra,10,1
2007,165000.0,90000.0,Petrol,Individual,Manual,Third Owner,5.0,17.8,1086.0,63.0,Hyundai,19,3
2015,1000000.0,110000.0,Diesel,Individual,Manual,First Owner,5.0,20.45,1461.0,83.8,Nissan,11,1
2015,440000.0,110000.0,Diesel,Individual,Manual,First Owner,5.0,26.59,1248.0,74.0,Maruti,11,1
2011,390000.0,153000.0,Diesel,Individual,Manual,First Owner,5.0,22.32,1582.0,126.32,Hyundai,15,1
2008,136000.0,200185.0,Petrol,Individual,Manual,First Owner,5.0,16.6,1388.0,68.0,Ford,18,1
2013,475000.0,149000.0,Diesel,Individual,Manual,First Owner,5.0,23.4,1248.0,74.0,Maruti,13,1
2016,515000.0,100000.0,Diesel,Individual,Manual,First Owner,5.0,25.83,1498.0,99.0,Ford,10,1
2012,175000.0,90000.0,Diesel,Individual,Manual,Second Owner,7.0,15.42,1405.0,70.0,Tata,14,2
2012,380000.0,80000.0,Diesel,Individual,Manual,Fourth & Above Owner,5.0,21.5,1248.0,88.8,Maruti,14,4
2012,405000.0,150000.0,Diesel,Individual,Manual,First Owner,5.0,19.3,1248.0,82.0,Toyota,14,1
2018,535000.0,12000.0,Petrol,Individual,Manual,First Owner,5.0,20.89,1197.0,81.8,Maruti,8,1
2011,215000.0,40000.0,Petrol,Individual,Manual,Second Owner,5.0,20.36,1197.0,78.9,Hyundai,15,2
1997,70000.0,100000.0,Petrol,Individual,Manual,Second Owner,5.0,17.3,993.0,60.0,Maruti,29,2
2017,445000.0,27000.0,Petrol,Individual,Manual,First Owner,5.0,18.9,1197.0,81.86,Hyundai,9,1
2015,335000.0,120000.0,Petrol,Individual,Manual,First Owner,5.0,20.51,998.0,67.04,Maruti,11,1
2015,600000.0,80000.0,Diesel,Individual,Manual,First Owner,7.0,15.96,2523.0,62.1,Mahindra,11,1
2014,300000.0,49025.0,Petrol,Individual,Manual,First Owner,5.0,15.37,1196.0,73.0,Maruti,12,1
2015,110000.0,15000.0,Petrol,Individual,Manual,First Owner,4.0,25.4,624.0,37.5,Tata,11,1
2014,240000.0,90000.0,Petrol,Individual,Manual,Second Owner,5.0,23.95,998.0,67.05,Maruti,12,2
2016,300000.0,90000.0,Petrol,Individual,Manual,First Owner,5.0,23.84,1199.0,84.0,Tata,10,1
2010,2000000.0,90000.0,Diesel,Individual,Automatic,Second Owner,5.0,14.49,2993.0,258.0,Bmw,16,2
2007,50000.0,80000.0,Diesel,Individual,Manual,Third Owner,5.0,17.2,1396.0,53.5,Tata,19,3
2009,295000.0,195000.0,Diesel,Individual,Manual,Second Owner,10.0,14.8,2499.0,80.0,Chevrolet,17,2
2006,310000.0,90000.0,Diesel,Individual,Manual,Third Owner,8.0,10.5,2179.0,120.0,Mahindra,20,3
1997,29999.0,80000.0,Petrol,Individual,Manual,Third Owner,4.0,16.1,796.0,37.0,Maruti,29,3
2016,925000.0,22000.0,Petrol,Individual,Manual,First Owner,5.0,17.8,1497.0,117.3,Honda,10,1
2016,640000.0,70000.0,Diesel,Individual,Manual,First Owner,5.0,24.3,1248.0,88.5,Maruti,10,1
2012,350000.0,35000.0,Petrol,Individual,Manual,First Owner,5.0,17.5,1197.0,85.8,Maruti,14,1
2013,385000.0,120000.0,Petrol,Individual,Manual,First Owner,5.0,19.1,1197.0,85.8,Maruti,13,1
2013,409999.0,100000.0,Diesel,Individual,Manual,Second Owner,5.0,23.4,1248.0,74.0,Maruti,13,2
2016,1300000.0,40000.0,Diesel,Individual,Automatic,First Owner,7.0,16.0,2179.0,140.0,Mahindra,10,1
2009,210000.0,60000.0,Petrol,Individual,Manual,Third Owner,5.0,15.3,1596.0,101.0,Ford,17,3
2007,300000.0,110000.0,Diesel,Individual,Manual,First Owner,7.0,10.5,2179.0,120.0,Mahindra,19,1
2008,450000.0,112000.0,Diesel,Individual,Manual,First Owner,9.0,10.5,2609.0,120.0,Mahindra,18,1
2011,170000.0,70000.0,Diesel,Individual,Manual,Second Owner,5.0,20.0,1399.0,68.0,Ford,15,2
2014,650000.0,140000.0,Diesel,Individual,Manual,First Owner,5.0,25.1,1498.0,98.6,Honda,12,1
1997,125000.0,94000.0,Petrol,Individual,Automatic,Fourth & Above Owner,5.0,15.9,1298.0,85.0,Maruti,29,4
2012,145000.0,70000.0,Petrol,Individual,Manual,First Owner,5.0,19.7,796.0,46.3,Maruti,14,1
2018,681000.0,27000.0,Diesel,Individual,Manual,First Owner,5.0,20.14,1498.0,88.0,Volkswagen,8,1
2015,635000.0,173000.0,Diesel,Individual,Manual,First Owner,5.0,25.1,1498.0,98.6,Honda,11,1
2010,140000.0,80000.0,Petrol,Individual,Manual,Second Owner,5.0,19.7,796.0,46.3,Maruti,16,2
2016,750000.0,86000.0,Diesel,Individual,Manual,Third Owner,5.0,26.0,1498.0,98.6,Honda,10,3
2015,611000.0,80000.0,Diesel,Individual,Manual,Second Owner,5.0,26.0,1498.0,98.6,Honda,11,2
2007,110000.0,120000.0,Petrol,Individual,Manual,Third Owner,5.0,19.7,796.0,46.3,Maruti,19,3
2006,100000.0,100000.0,Petrol,Individual,Automatic,Second Owner,5.0,16.0,1061.0,64.0,Maruti,20,2
2014,225000.0,120000.0,Diesel,Individual,Manual,First Owner,5.0,22.3,1248.0,74.0,Tata,12,1
2010,250000.0,190000.0,Diesel,Individual,Manual,Third Owner,5.0,16.2,1493.0,110.0,Hyundai,16,3
2011,385000.0,120000.0,Diesel,Individual,Manual,Second Owner,8.0,14.0,2523.0,75.0,Mahindra,15,2
2012,135000.0,70000.0,Petrol,Individual,Manual,First Owner,5.0,19.7,796.0,46.3,Maruti,14,1
2006,65000.0,100000.0,Petrol,Individual,Manual,Second Owner,5.0,19.7,796.0,46.3,Maruti,20,2
2016,260000.0,120000.0,Petrol,Individual,Manual,First Owner,5.0,23.95,998.0,67.05,Maruti,10,1
2014,465000.0,120000.0,Diesel,Individual,Manual,Second Owner,5.0,23.4,1248.0,74.0,Maruti,12,2
2007,150000.0,80000.0,Petrol,Individual,Manual,Fourth & Above Owner,5.0,19.3,1248.0,82.0,Maruti,19,4
2017,430000.0,20000.0,Petrol,Individual,Manual,Second Owner,6.0,18.15,1198.0,82.0,Mahindra,9,2
2009,200000.0,81000.0,Petrol,Individual,Manual,Fourth & Above Owner,5.0,17.0,1197.0,80.0,Hyundai,17,4
2011,125000.0,90000.0,Petrol,Individual,Manual,Second Owner,5.0,18.6,1199.0,79.4,Chevrolet,15,2
2001,45000.0,60000.0,Petrol,Individual,Manual,Second Owner,4.0,16.1,796.0,37.0,Maruti,25,2
2012,124000.0,40000.0,Petrol,Individual,Manual,Second Owner,5.0,18.6,1199.0,79.4,Chevrolet,14,2
2007,80000.0,80000.0,Petrol,Individual,Manual,Third Owner,5.0,15.3,1193.0,65.3,Tata,19,3
2014,545000.0,35000.0,CNG,Individual,Manual,First Owner,7.0,22.8,1373.0,80.9,Maruti,12,1
2019,1050000.0,20000.0,Diesel,Individual,Manual,First Owner,7.0,25.47,1248.0,88.5,Maruti,7,1
2015,200000.0,50000.0,Petrol,Individual,Manual,First Owner,5.0,18.2,1199.0,82.4,Chevrolet,11,1
2015,1100000.0,77000.0,Diesel,Individual,Automatic,Second Owner,7.0,16.0,2179.0,140.0,Mahindra,11,2
2014,750000.0,50000.0,Diesel,Individual,Manual,First Owner,7.0,15.1,2179.0,140.0,Mahindra,12,1
2016,425000.0,13500.0,Petrol,Individual,Manual,First Owner,5.0,23.84,1199.0,84.0,Tata,10,1
2016,300000.0,38000.0,Petrol,Individual,Manual,First Owner,5.0,24.7,796.0,47.3,Maruti,10,1
2019,1200000.0,14000.0,Diesel,Individual,Manual,First Owner,7.0,25.47,1248.0,88.5,Maruti,7,1
2009,240000.0,70000.0,Petrol,Individual,Manual,First Owner,5.0,13.5,1799.0,130.0,Honda,17,1
2016,450000.0,55000.0,Diesel,Individual,Manual,Second Owner,6.0,25.32,1198.0,77.0,Mahindra,10,2
2006,80000.0,150000.0,Petrol,Individual,Manual,Fourth & Above Owner,5.0,18.9,998.0,67.1,Maruti,20,4
2013,500000.0,160000.0,Diesel,Individual,Manual,First Owner,7.0,15.96,2523.0,62.1,Mahindra,13,1
2013,295000.0,50000.0,Diesel,Individual,Manual,First Owner,5.0,22.1,1248.0,76.9,Chevrolet,13,1
2008,100000.0,120000.0,Diesel,Individual,Manual,Third Owner,5.0,19.09,1396.0,69.0,Tata,18,3
2013,700000.0,76460.0,Diesel,Individual,Manual,First Owner,5.0,22.32,1582.0,126.32,Hyundai,13,1
2011,180000.0,125000.0,Diesel,Individual,Manual,Second Owner,5.0,20.0,1399.0,68.0,Ford,15,2
2012,225000.0,110000.0,Diesel,Individual,Manual,Second Owner,5.0,20.8,1461.0,65.0,Mahindra,14,2
2017,310000.0,25000.0,Petrol,Individual,Manual,First Owner,5.0,21.1,814.0,55.2,Hyundai,9,1
2015,625000.0,30000.0,Diesel,Individual,Manual,First Owner,5.0,26.0,1498.0,98.6,Honda,11,1
2013,275000.0,70000.0,LPG,Individual,Manual,Second Owner,5.0,19.2,1086.0,68.05,Hyundai,13,2
2013,245000.0,110000.0,Petrol,Individual,Manual,Second Owner,5.0,19.81,1086.0,68.05,Hyundai,13,2
2010,160000.0,200000.0,Petrol,Individual,Manual,First Owner,5.0,19.0,998.0,67.1,Maruti,16,1
2014,250000.0,80000.0,Petrol,Individual,Manual,First Owner,5.0,21.1,814.0,55.2,Hyundai,12,1
2014,450000.0,76000.0,Diesel,Individual,Manual,First Owner,5.0,25.8,1498.0,98.6,Honda,12,1
2007,85000.0,150000.0,Diesel,Individual,Manual,Second Owner,5.0,17.2,1396.0,53.5,Tata,19,2
2018,1938000.0,35000.0,Diesel,Individual,Manual,First Owner,7.0,13.68,2393.0,147.8,Toyota,8,1
2016,550000.0,40000.0,Petrol,Individual,Manual,First Owner,5.0,18.6,1197.0,81.83,Hyundai,10,1
2015,551000.0,110000.0,Diesel,Individual,Manual,First Owner,5.0,22.77,1498.0,98.59,Ford,11,1
2019,500000.0,60000.0,Petrol,Individual,Manual,First Owner,5.0,20.14,1197.0,81.86,Hyundai,7,1
2018,585000.0,15000.0,Petrol,Individual,Manual,First Owner,5.0,17.8,1198.0,86.7,Honda,8,1
2013,172000.0,120000.0,Petrol,Individual,Manual,First Owner,5.0,16.36,1495.0,93.7,Hyundai,13,1
2012,360000.0,100000.0,Diesel,Individual,Manual,Second Owner,5.0,22.32,1582.0,126.32,Hyundai,14,2
2017,350000.0,24000.0,Diesel,Individual,Manual,Second Owner,5.0,27.28,1047.0,69.0,Tata,9,2
2018,700000.0,53000.0,Diesel,Individual,Manual,First Owner,5.0,23.0,1498.0,98.96,Ford,8,1
2011,148000.0,40000.0,Petrol,Individual,Manual,Third Owner,5.0,19.7,796.0,46.3,Maruti,15,3
2016,330000.0,47370.0,CNG,Individual,Manual,First Owner,5.0,21.94,1196.0,63.0,Maruti,10,1
2007,110000.0,120000.0,Diesel,Individual,Manual,Second Owner,5.0,18.7,1896.0,66.0,Skoda,19,2
2015,450000.0,100000.0,Diesel,Individual,Manual,First Owner,5.0,25.2,1248.0,73.94,Maruti,11,1
2009,260000.0,80000.0,Diesel,Individual,Manual,Second Owner,7.0,11.5,1991.0,147.9,Chevrolet,17,2
2011,200000.0,91000.0,Petrol,Individual,Manual,Second Owner,5.0,20.36,1197.0,78.9,Hyundai,15,2
2019,430000.0,20000.0,CNG,Individual,Manual,First Owner,4.0,32.26,998.0,58.3,Maruti,7,1
2013,550000.0,80000.0,Diesel,Individual,Manual,Second Owner,8.0,12.05,2179.0,120.0,Mahindra,13,2
2013,245000.0,80000.0,Diesel,Individual,Manual,First Owner,5.0,23.2,1248.0,73.94,Maruti,13,1
2016,320000.0,80000.0,CNG,Individual,Manual,First Owner,5.0,21.94,1196.0,61.7,Maruti,10,1
2008,120000.0,110000.0,CNG,Individual,Manual,Third Owner,5.0,13.2,1495.0,94.0,Hyundai,18,3
2013,615000.0,120000.0,Diesel,Individual,Manual,First Owner,5.0,22.7,1582.0,126.24,Hyundai,13,1
2013,600000.0,90000.0,Diesel,Individual,Automatic,First Owner,5.0,17.2,1968.0,138.1,Skoda,13,1
2010,300000.0,120000.0,Petrol,Individual,Manual,Second Owner,5.0,14.3,1798.0,160.0,Volkswagen,16,2
2016,400000.0,45217.0,Diesel,Dealer,Manual,First Owner,5.0,25.83,1498.0,99.0,Ford,10,1
2017,1000000.0,60000.0,Diesel,Individual,Automatic,Second Owner,5.0,17.01,1582.0,126.2,Hyundai,9,2
2012,525000.0,70000.0,Petrol,Individual,Manual,Second Owner,5.0,13.44,2359.0,198.25,Hyundai,14,2
2013,300000.0,133000.0,Diesel,Individual,Manual,First Owner,5.0,20.3,1248.0,75.0,Fiat,13,1
2011,220000.0,117000.0,Diesel,Individual,Manual,Second Owner,5.0,20.3,1248.0,75.0,Fiat,15,2
2015,850000.0,173000.0,Diesel,Individual,Manual,First Owner,7.0,16.0,2179.0,140.0,Mahindra,11,1
2011,500000.0,35000.0,Petrol,Individual,Manual,First Owner,5.0,17.0,1497.0,118.0,Honda,15,1
2003,59000.0,70000.0,Petrol,Individual,Manual,Second Owner,5.0,13.2,1495.0,94.0,Hyundai,23,2
2011,130000.0,60000.0,Petrol,Individual,Manual,Third Owner,5.0,19.7,796.0,46.3,Maruti,15,3
2016,375000.0,120000.0,Petrol,Individual,Manual,Second Owner,5.0,16.2,1199.0,74.0,Volkswagen,10,2
2009,180000.0,163000.0,Diesel,Dealer,Manual,First Owner,5.0,19.3,1248.0,82.0,Ford,17,1
2011,220000.0,222300.0,Diesel,Individual,Manual,First Owner,5.0,22.07,1199.0,73.9,Volkswagen,15,1
2013,625000.0,100000.0,Diesel,Individual,Manual,Second Owner,7.0,12.99,2494.0,100.57,Toyota,13,2
2013,295000.0,120000.0,Diesel,Individual,Manual,First Owner,5.0,23.2,1248.0,73.94,Maruti,13,1
2011,350000.0,160000.0,Diesel,Individual,Manual,First Owner,5.0,19.3,1248.0,82.0,Maruti,15,1
2010,235000.0,90000.0,Diesel,Individual,Manual,First Owner,9.0,14.0,1948.0,90.0,Tata,16,1
2012,500000.0,225000.0,Petrol,Individual,Manual,Second Owner,5.0,13.44,2359.0,198.25,Hyundai,14,2
2017,509999.0,20000.0,Petrol,Individual,Manual,First Owner,5.0,22.0,1197.0,81.8,Maruti,9,1
2020,370000.0,16000.0,CNG,Individual,Manual,First Owner,5.0,33.0,796.0,47.3,Maruti,6,1
2016,370000.0,30000.0,Petrol,Individual,Manual,Second Owner,5.0,18.9,1197.0,82.0,Hyundai,10,2
2009,180000.0,50000.0,Petrol,Individual,Manual,First Owner,5.0,19.3,1248.0,82.0,Maruti,17,1
2012,300000.0,210000.0,Diesel,Individual,Manual,First Owner,7.0,17.21,1493.0,100.0,Mahindra,14,1
2015,350000.0,20000.0,Petrol,Individual,Manual,First Owner,5.0,19.81,1086.0,68.05,Hyundai,11,1
2018,395000.0,20000.0,Petrol,Individual,Manual,First Owner,5.0,23.01,999.0,67.0,Renault,8,1
2015,850000.0,100000.0,Diesel,Individual,Manual,First Owner,8.0,12.99,2494.0,100.6,Toyota,11,1
2015,1150000.0,40000.0,Diesel,Individual,Manual,First Owner,7.0,12.99,2494.0,100.6,Toyota,11,1
2016,3500000.0,35000.0,Diesel,Individual,Automatic,First Owner,5.0,14.74,2993.0,270.9,Jaguar,10,1
2012,280000.0,120000.0,Diesel,Individual,Manual,Second Owner,5.0,20.54,1598.0,103.6,Volkswagen,14,2
2018,775000.0,50000.0,Diesel,Individual,Manual,Second Owner,7.0,18.49,1493.0,100.0,Mahindra,8,2
2012,420000.0,100000.0,Diesel,Individual,Manual,Second Owner,5.0,22.32,1582.0,126.32,Hyundai,14,2
2010,310000.0,91000.0,Petrol,Individual,Manual,Second Owner,5.0,17.0,1497.0,118.0,Honda,16,2
2017,1550000.0,50000.0,Diesel,Individual,Manual,First Owner,5.0,17.1,1956.0,170.0,Jeep,9,1
2015,375000.0,67000.0,Diesel,Individual,Manual,First Owner,5.0,20.4,1248.0,91.7,Fiat,11,1
2015,500000.0,40000.0,Petrol,Individual,Manual,First Owner,5.0,18.9,1197.0,82.0,Hyundai,11,1
2013,300000.0,100000.0,Diesel,Individual,Manual,Second Owner,5.0,23.2,1248.0,73.94,Maruti,13,2
2008,155000.0,120000.0,Petrol,Individual,Manual,Second Owner,5.0,17.7,1497.0,78.0,Honda,18,2
2013,350000.0,185000.0,Diesel,Individual,Manual,First Owner,5.0,23.4,1248.0,74.0,Maruti,13,1
2016,950000.0,75000.0,Diesel,Individual,Automatic,Third Owner,7.0,16.0,2179.0,140.0,Mahindra,10,3
2015,350000.0,80000.0,Diesel,Individual,Manual,Third Owner,5.0,24.0,1120.0,70.0,Hyundai,11,3
2019,1900000.0,30000.0,Diesel,Individual,Automatic,First Owner,5.0,12.4,1999.0,147.9,Isuzu,7,1
2020,537000.0,5000.0,Petrol,Individual,Manual,First Owner,5.0,17.0,1198.0,108.5,Tata,6,1
2019,585000.0,10000.0,Petrol,Individual,Manual,First Owner,5.0,18.78,999.0,75.0,Volkswagen,7,1
2002,56000.0,60000.0,Petrol,Individual,Manual,First Owner,5.0,19.3,1248.0,82.0,Hyundai,24,1
2012,350000.0,140000.0,Diesel,Individual,Manual,First Owner,7.0,20.77,1248.0,88.76,Maruti,14,1
2019,700000.0,19000.0,Petrol,Individual,Manual,First Owner,5.0,18.6,1197.0,81.86,Hyundai,7,1
2017,849000.0,44600.0,Diesel,Dealer,Manual,First Owner,7.0,24.52,1248.0,88.5,Maruti,9,1
2014,574000.0,28080.0,Petrol,Dealer,Automatic,First Owner,5.0,0.0,1197.0,103.25,Volkswagen,12,1
2014,484999.0,28800.0,Petrol,Dealer,Manual,First Owner,5.0,18.6,1197.0,81.83,Hyundai,12,1
2018,360000.0,21900.0,Petrol,Dealer,Manual,First Owner,5.0,20.71,799.0,53.26,Renault,8,1
2014,575000.0,28100.0,Petrol,Dealer,Automatic,First Owner,5.0,0.0,1197.0,103.25,Volkswagen,12,1
2014,550000.0,110000.0,Diesel,Individual,Manual,Second Owner,5.0,26.0,1498.0,98.6,Honda,12,2
2016,700000.0,100000.0,Diesel,Individual,Manual,First Owner,5.0,22.54,1396.0,88.73,Hyundai,10,1
2019,825000.0,7673.0,Diesel,Individual,Automatic,First Owner,5.0,28.4,1248.0,74.02,Maruti,7,1
2008,114999.0,100000.0,Petrol,Individual,Manual,Second Owner,5.0,18.9,1061.0,67.0,Maruti,18,2
2009,150000.0,75000.0,Petrol,Individual,Manual,Second Owner,5.0,15.0,1368.0,90.0,Tata,17,2
2018,851000.0,50000.0,Diesel,Individual,Automatic,First Owner,5.0,28.4,1248.0,74.02,Maruti,8,1
2014,550000.0,40000.0,Petrol,Individual,Manual,First Owner,5.0,17.43,1396.0,105.5,Hyundai,12,1
2016,890000.0,40000.0,Diesel,Individual,Manual,First Owner,7.0,24.52,1248.0,88.5,Maruti,10,1
2012,265000.0,100000.0,Petrol,Individual,Manual,Second Owner,5.0,18.5,1197.0,80.0,Hyundai,14,2
2014,900000.0,110000.0,Diesel,Individual,Manual,First Owner,7.0,15.4,1997.0,120.0,Mahindra,12,1
2013,210000.0,96272.0,Diesel,Individual,Manual,First Owner,5.0,25.44,936.0,57.6,Chevrolet,13,1
2015,1650000.0,74000.0,Diesel,Individual,Automatic,First Owner,5.0,18.88,1995.0,184.0,Bmw,11,1
2011,750000.0,168000.0,Diesel,Individual,Manual,Second Owner,7.0,12.8,2494.0,102.0,Toyota,15,2
2019,675000.0,7000.0,Petrol,Individual,Manual,First Owner,5.0,19.4,1194.0,94.93,Ford,7,1
2017,715000.0,60000.0,Diesel,Individual,Manual,First Owner,5.0,21.19,1396.0,88.73,Hyundai,9,1
2013,227999.0,60000.0,Diesel,Individual,Manual,Second Owner,5.0,25.0,1396.0,69.01,Tata,13,2
2015,400000.0,22500.0,Petrol,Individual,Manual,First Owner,5.0,20.51,998.0,67.04,Maruti,11,1
2020,925000.0,7400.0,Diesel,Individual,Automatic,First Owner,5.0,24.3,1248.0,88.5,Maruti,6,1
2011,275000.0,70000.0,Petrol,Individual,Manual,Third Owner,5.0,17.5,1298.0,85.8,Maruti,15,3
2009,175000.0,67000.0,Petrol,Individual,Manual,First Owner,5.0,18.9,1061.0,67.0,Maruti,17,1
2009,155000.0,110000.0,Diesel,Individual,Manual,Third Owner,5.0,17.7,1399.0,68.0,Ford,17,3
2012,325000.0,175000.0,Diesel,Individual,Manual,Second Owner,5.0,21.5,1248.0,88.8,Maruti,14,2
2014,700000.0,120000.0,Diesel,Individual,Manual,First Owner,9.0,12.05,2179.0,120.0,Mahindra,12,1
2008,50000.0,120000.0,Diesel,Individual,Manual,Third Owner,5.0,17.5,1396.0,70.0,Tata,18,3
2012,450000.0,225000.0,Diesel,Individual,Manual,First Owner,9.0,12.05,2179.0,120.0,Mahindra,14,1
2014,645000.0,150360.0,Diesel,Individual,Manual,First Owner,5.0,22.32,1582.0,126.32,Hyundai,12,1
2017,597000.0,15000.0,Diesel,Individual,Manual,First Owner,5.0,24.7,1047.0,69.0,Tata,9,1
2018,400000.0,30000.0,Petrol,Individual,Automatic,Second Owner,5.0,24.04,999.0,67.0,Renault,8,2
2009,300000.0,150000.0,Diesel,Individual,Manual,First Owner,5.0,17.8,1248.0,75.0,Maruti,17,1
2015,573000.0,100000.0,Diesel,Individual,Manual,Second Owner,5.0,25.2,1248.0,74.0,Maruti,11,2
2011,180000.0,70000.0,Petrol,Individual,Manual,First Owner,5.0,20.92,998.0,67.1,Maruti,15,1
2011,70000.0,40000.0,Petrol,Individual,Manual,First Owner,4.0,26.0,624.0,35.0,Tata,15,1
2008,500000.0,154000.0,Diesel,Individual,Manual,Third Owner,8.0,12.8,2494.0,102.0,Toyota,18,3
2004,110000.0,110000.0,Petrol,Individual,Manual,Second Owner,5.0,14.4,1599.0,94.0,Hyundai,22,2
2013,450000.0,120000.0,Diesel,Individual,Manual,Second Owner,7.0,20.77,1248.0,88.76,Maruti,13,2
2013,310000.0,145000.0,Diesel,Individual,Manual,First Owner,7.0,15.3,2956.0,83.83,Tata,13,1
2017,400000.0,30000.0,Diesel,Individual,Manual,First Owner,6.0,25.32,1198.0,77.0,Mahindra,9,1
2014,390000.0,90000.0,Diesel,Individual,Manual,Second Owner,5.0,22.9,1248.0,74.0,Maruti,12,2
2011,122000.0,110000.0,Petrol,Individual,Manual,Fourth & Above Owner,5.0,19.7,796.0,46.3,Maruti,15,4
2016,741000.0,70000.0,Diesel,Individual,Manual,First Owner,7.0,15.4,1997.0,120.0,Mahindra,10,1
2012,330000.0,40000.0,Diesel,Individual,Manual,Second Owner,5.0,23.0,1396.0,90.0,Hyundai,14,2
2010,300000.0,166000.0,Diesel,Individual,Manual,Third Owner,8.0,12.05,2179.0,120.0,Mahindra,16,3
2011,215000.0,100000.0,Petrol,Individual,Manual,Third Owner,5.0,20.36,1197.0,78.9,Hyundai,15,3
2009,150000.0,75000.0,Petrol,Individual,Manual,Third Owner,5.0,18.9,1061.0,67.0,Maruti,17,3
2013,250000.0,42130.0,Petrol,Individual,Manual,First Owner,5.0,21.1,814.0,55.2,Hyundai,13,1
2010,180000.0,53000.0,Petrol,Individual,Manual,Second Owner,5.0,21.1,1197.0,85.8,Maruti,16,2
2006,150000.0,106000.0,Petrol,Individual,Manual,Second Owner,5.0,17.3,993.0,60.0,Maruti,20,2
2005,275000.0,96000.0,Petrol,Individual,Manual,Second Owner,5.0,13.4,1794.0,125.0,Toyota,21,2
2019,556000.0,10000.0,Petrol,Individual,Manual,First Owner,5.0,21.01,1197.0,81.8,Maruti,7,1
2016,550000.0,37000.0,Petrol,Individual,Manual,First Owner,5.0,20.85,1197.0,83.14,Maruti,10,1
2018,1500000.0,20000.0,Diesel,Individual,Automatic,First Owner,7.0,16.0,2179.0,138.0,Mahindra,8,1
2017,549000.0,35000.0,Petrol,Individual,Manual,First Owner,5.0,17.71,1197.0,78.9,Toyota,9,1
2016,630000.0,50000.0,Petrol,Individual,Manual,First Owner,5.0,18.6,1197.0,81.83,Hyundai,10,1
2020,679000.0,5000.0,Diesel,Individual,Manual,First Owner,2.0,0.0,2523.0,70.0,Mahindra,6,1
2011,320000.0,85000.0,Petrol,Individual,Manual,First Owner,5.0,19.3,1248.0,82.0,Maruti,15,1
2017,1125000.0,47000.0,Diesel,Individual,Manual,Second Owner,5.0,19.67,1582.0,126.2,Hyundai,9,2
2017,680000.0,71000.0,Diesel,Individual,Manual,First Owner,5.0,27.39,1248.0,74.0,Maruti,9,1
2017,1050000.0,50000.0,Diesel,Individual,Manual,First Owner,5.0,25.6,1498.0,97.9,Honda,9,1
2015,450000.0,57000.0,Diesel,Individual,Manual,First Owner,5.0,23.0,1248.0,88.7,Tata,11,1
2010,210000.0,43000.0,Petrol,Individual,Manual,First Owner,5.0,18.9,998.0,67.1,Maruti,16,1
2014,470000.0,60000.0,Diesel,Individual,Manual,First Owner,5.0,23.4,1248.0,74.0,Maruti,12,1
2014,470000.0,60000.0,Petrol,Individual,Manual,First Owner,5.0,19.1,1197.0,85.8,Maruti,12,1
2015,550000.0,40000.0,Diesel,Individual,Manual,First Owner,5.0,22.54,1396.0,88.73,Hyundai,11,1
2011,204999.0,60000.0,Petrol,Individual,Manual,First Owner,5.0,19.0,998.0,66.1,Maruti,15,1
2015,950000.0,30000.0,Petrol,Individual,Automatic,First Owner,5.0,18.0,1497.0,117.3,Honda,11,1
2015,550000.0,160000.0,Diesel,Individual,Manual,Second Owner,5.0,22.54,1396.0,88.73,Hyundai,11,2
2007,270000.0,147500.0,Diesel,Individual,Manual,Second Owner,7.0,12.8,2494.0,102.0,Toyota,19,2
2013,280000.0,90000.0,Diesel,Individual,Manual,Third Owner,5.0,22.07,1199.0,73.9,Volkswagen,13,3
2015,630000.0,70000.0,Diesel,Individual,Manual,Second Owner,5.0,28.09,1248.0,88.5,Maruti,11,2
2007,220000.0,70000.0,Petrol,Individual,Manual,First Owner,5.0,17.7,1497.0,78.0,Honda,19,1
2014,320000.0,120000.0,Diesel,Individual,Manual,First Owner,7.0,14.95,2489.0,93.7,Mahindra,12,1
2013,225000.0,75000.0,Petrol,Individual,Manual,Second Owner,5.0,21.1,814.0,55.2,Hyundai,13,2
2010,380000.0,85000.0,Petrol,Individual,Manual,Second Owner,5.0,17.0,1497.0,118.0,Honda,16,2
2012,380000.0,70000.0,Diesel,Individual,Manual,Third Owner,5.0,19.3,1248.0,73.9,Maruti,14,3
2017,600000.0,29000.0,Diesel,Individual,Manual,First Owner,5.0,22.0,1498.0,108.495,Volkswagen,9,1
2014,620000.0,40000.0,Diesel,Individual,Manual,Second Owner,7.0,13.1,2499.0,141.0,Ford,12,2
2012,500000.0,90000.0,Diesel,Individual,Automatic,First Owner,5.0,19.08,1582.0,126.32,Hyundai,14,1
2015,700000.0,40000.0,Diesel,Individual,Automatic,First Owner,7.0,18.49,1493.0,100.0,Mahindra,11,1
2015,550000.0,138000.0,Diesel,Individual,Manual,First Owner,5.0,22.77,1498.0,98.59,Ford,11,1
2016,600000.0,70000.0,Diesel,Individual,Manual,First Owner,5.0,25.2,1248.0,74.0,Maruti,10,1
2019,550000.0,30000.0,Petrol,Individual,Manual,Second Owner,5.0,19.44,999.0,75.0,Volkswagen,7,2
2013,475000.0,125000.0,Diesel,Individual,Manual,Third Owner,5.0,22.32,1582.0,126.3,Hyundai,13,3
2015,615000.0,120000.0,Diesel,Individual,Manual,Second Owner,5.0,26.0,1498.0,98.6,Honda,11,2
2013,385000.0,180000.0,Diesel,Individual,Manual,Second Owner,5.0,23.4,1248.0,74.0,Maruti,13,2
2015,500000.0,20000.0,Petrol,Individual,Manual,First Owner,5.0,17.57,1193.0,88.7,Tata,11,1
2012,450000.0,80000.0,Diesel,Individual,Manual,First Owner,5.0,19.87,1461.0,83.8,Renault,14,1
2014,969999.0,110000.0,Diesel,Individual,Manual,Second Owner,7.0,12.99,2494.0,100.6,Toyota,12,2
2013,580000.0,80000.0,Diesel,Individual,Manual,Second Owner,5.0,22.32,1582.0,126.32,Hyundai,13,2
2017,550000.0,40000.0,Diesel,Individual,Manual,First Owner,5.0,23.59,1364.0,67.05,Toyota,9,1
2018,780000.0,30000.0,Petrol,Individual,Manual,First Owner,5.0,17.5,1199.0,88.7,Honda,8,1
2014,500000.0,80000.0,Diesel,Individual,Manual,First Owner,5.0,25.01,1498.0,89.75,Ford,12,1
2011,270000.0,140000.0,Diesel,Individual,Manual,Second Owner,5.0,20.0,1968.0,108.5,Skoda,15,2
2017,335000.0,25000.0,Petrol,Individual,Manual,First Owner,5.0,23.95,998.0,67.05,Maruti,9,1
2017,755000.0,20000.0,Diesel,Individual,Manual,First Owner,5.0,28.4,1248.0,74.02,Maruti,9,1
2016,651000.0,42323.0,Diesel,Dealer,Manual,First Owner,5.0,21.19,1396.0,88.76,Hyundai,10,1
2011,1075000.0,42545.0,Diesel,Dealer,Automatic,First Owner,5.0,19.62,1998.0,190.0,Bmw,15,1
2016,690000.0,32000.0,Diesel,Dealer,Manual,First Owner,5.0,25.1,1248.0,88.5,Maruti,10,1
2017,589000.0,41232.0,Diesel,Dealer,Manual,First Owner,5.0,26.59,1248.0,74.0,Maruti,9,1
2015,445000.0,40200.0,Diesel,Dealer,Manual,First Owner,7.0,21.0,1498.0,74.96,Mahindra,11,1
2013,475000.0,48000.0,Diesel,Dealer,Manual,Second Owner,5.0,21.7,1498.0,98.96,Ford,13,2
2014,465000.0,27233.0,Diesel,Dealer,Manual,First Owner,5.0,27.4,1498.0,98.63,Honda,12,1
2011,225000.0,35000.0,Petrol,Individual,Manual,First Owner,5.0,15.0,1368.0,90.0,Tata,15,1
2005,310000.0,200000.0,Diesel,Individual,Manual,Second Owner,8.0,12.8,2494.0,102.0,Toyota,21,2
2016,445000.0,63000.0,Diesel,Dealer,Manual,First Owner,9.0,15.3,2956.0,83.8,Tata,10,1
2015,445000.0,62000.0,Diesel,Dealer,Manual,First Owner,7.0,21.0,1498.0,74.96,Mahindra,11,1
2012,450000.0,68240.0,Diesel,Dealer,Manual,First Owner,7.0,13.93,2956.0,138.1,Tata,14,1
2008,450000.0,78000.0,Diesel,Dealer,Manual,First Owner,7.0,15.4,1997.0,120.0,Mahindra,18,1
2017,525000.0,38000.0,Diesel,Dealer,Manual,Second Owner,5.0,19.3,1248.0,82.0,Maruti,9,2
2010,200000.0,35000.0,Petrol,Dealer,Manual,First Owner,5.0,18.9,998.0,67.1,Maruti,16,1
2018,611000.0,9000.0,Petrol,Dealer,Manual,First Owner,5.0,19.1,1197.0,85.8,Maruti,8,1
2016,819999.0,39000.0,Diesel,Dealer,Manual,First Owner,5.0,19.67,1582.0,126.2,Hyundai,10,1
2016,825000.0,39000.0,Diesel,Dealer,Manual,First Owner,5.0,21.38,1396.0,88.7,Hyundai,10,1
2015,599000.0,92651.0,Diesel,Dealer,Manual,First Owner,5.0,21.7,1498.0,98.96,Ford,11,1
2018,490000.0,28000.0,Petrol,Dealer,Manual,First Owner,5.0,16.1,1197.0,85.0,Maruti,8,1
2017,340000.0,30000.0,Petrol,Individual,Manual,First Owner,5.0,21.1,814.0,55.2,Hyundai,9,1
2009,1000000.0,80000.0,Petrol,Individual,Automatic,Third Owner,5.0,10.93,3498.0,272.0,Mercedes-Benz,17,3
2018,1237000.0,46000.0,Diesel,Individual,Manual,First Owner,5.0,19.67,1582.0,126.2,Hyundai,8,1
2013,350000.0,70000.0,Diesel,Individual,Manual,Second Owner,5.0,22.07,1199.0,73.9,Volkswagen,13,2
2000,31000.0,56194.0,Petrol,Individual,Manual,Fourth & Above Owner,4.0,16.1,796.0,37.0,Maruti,26,4
2018,695000.0,40000.0,Petrol,Individual,Manual,First Owner,5.0,22.0,1197.0,81.8,Maruti,8,1
2015,270000.0,40000.0,Petrol,Individual,Manual,First Owner,5.0,22.74,796.0,47.3,Maruti,11,1
2016,790000.0,120000.0,Diesel,Individual,Manual,First Owner,7.0,24.52,1248.0,88.5,Maruti,10,1
2016,590000.0,120000.0,Diesel,Individual,Manual,First Owner,5.0,25.2,1248.0,74.0,Maruti,10,1
2017,635000.0,120000.0,Petrol,Individual,Automatic,First Owner,5.0,21.21,1197.0,81.8,Maruti,9,1
2015,540000.0,110000.0,Diesel,Individual,Manual,Second Owner,7.0,15.96,2523.0,62.1,Mahindra,11,2
2012,265000.0,67000.0,Diesel,Individual,Manual,Second Owner,5.0,23.08,1461.0,63.12,Renault,14,2
2014,600000.0,50000.0,Diesel,Individual,Manual,First Owner,5.0,23.4,1248.0,74.0,Maruti,12,1
2012,409999.0,100000.0,Diesel,Individual,Manual,Second Owner,5.0,22.32,1582.0,126.3,Hyundai,14,2
2015,525000.0,80000.0,Diesel,Individual,Manual,Second Owner,5.0,23.59,1364.0,67.05,Toyota,11,2
2011,150000.0,50000.0,Diesel,Individual,Manual,First Owner,5.0,18.5,1399.0,68.0,Ford,15,1
2007,55000.0,70000.0,Petrol,Individual,Manual,Third Owner,5.0,15.9,1298.0,85.0,Maruti,19,3
2011,130000.0,70000.0,Petrol,Individual,Manual,Second Owner,5.0,14.0,796.0,35.0,Maruti,15,2
2017,925000.0,50000.0,Diesel,Individual,Manual,First Owner,5.0,24.3,1248.0,88.5,Maruti,9,1
2017,690000.0,65000.0,Diesel,Individual,Manual,Second Owner,7.0,21.04,1461.0,83.8,Renault,9,2
2012,560000.0,200000.0,Diesel,Individual,Manual,Second Owner,7.0,20.77,1248.0,88.76,Maruti,14,2
2018,950000.0,7500.0,Diesel,Individual,Manual,First Owner,5.0,28.09,1248.0,88.5,Maruti,8,1
2017,695000.0,65000.0,Diesel,Individual,Manual,Second Owner,7.0,21.04,1461.0,83.8,Renault,9,2
2013,450000.0,35000.0,Petrol,Individual,Manual,Second Owner,5.0,18.6,1197.0,85.8,Maruti,13,2
2013,2000000.0,60000.0,Diesel,Individual,Automatic,First Owner,5.0,16.2,2993.0,235.0,Bmw,13,1
2009,229999.0,71000.0,Petrol,Individual,Manual,First Owner,5.0,16.1,1197.0,85.0,Maruti,17,1
2017,300000.0,30000.0,Petrol,Individual,Manual,First Owner,5.0,23.95,998.0,67.05,Maruti,9,1
2012,200000.0,50000.0,Petrol,Individual,Manual,Second Owner,5.0,19.7,796.0,46.3,Maruti,14,2
2008,725000.0,80000.0,Diesel,Individual,Automatic,Second Owner,5.0,14.84,2143.0,170.0,Mercedes-Benz,18,2
2011,235000.0,90000.0,Petrol,Individual,Manual,Second Owner,5.0,18.06,1198.0,75.0,Nissan,15,2
2017,666000.0,13000.0,Petrol,Individual,Manual,First Owner,5.0,18.6,1197.0,81.83,Hyundai,9,1
2000,65000.0,100000.0,Petrol,Individual,Manual,Third Owner,4.0,16.1,796.0,37.0,Maruti,26,3
2004,85000.0,80000.0,Petrol,Individual,Manual,Third Owner,5.0,19.3,1248.0,82.0,Hyundai,22,3
2018,834000.0,30000.0,Diesel,Individual,Manual,First Owner,5.0,25.5,1498.0,98.6,Honda,8,1
2012,430000.0,120000.0,Diesel,Individual,Manual,First Owner,7.0,15.96,2523.0,62.1,Mahindra,14,1
2010,360000.0,120000.0,Diesel,Individual,Manual,Second Owner,5.0,17.8,1248.0,75.0,Maruti,16,2
2014,240000.0,70000.0,Petrol,Individual,Manual,First Owner,5.0,21.1,814.0,55.2,Hyundai,12,1
2016,210000.0,210000.0,Diesel,Individual,Manual,First Owner,5.0,25.2,1248.0,74.0,Maruti,10,1
2010,135000.0,148000.0,Diesel,Individual,Manual,Second Owner,5.0,19.09,1396.0,69.0,Tata,16,2
2017,700000.0,54188.0,Diesel,Individual,Manual,First Owner,7.0,18.49,1493.0,100.0,Mahindra,9,1
2017,750000.0,60000.0,Diesel,Individual,Manual,First Owner,7.0,18.49,1493.0,100.0,Mahindra,9,1
2012,425000.0,90000.0,Diesel,Individual,Manual,First Owner,5.0,20.5,1598.0,103.5,Skoda,14,1
2011,150000.0,100000.0,Petrol,Individual,Manual,Third Owner,5.0,18.6,1199.0,79.4,Chevrolet,15,3
2014,215000.0,40000.0,Petrol,Individual,Manual,First Owner,5.0,21.1,814.0,55.2,Hyundai,12,1
2014,225000.0,35000.0,Petrol,Individual,Manual,First Owner,5.0,20.63,1198.0,67.0,Datsun,12,1
2017,330000.0,20000.0,Petrol,Individual,Manual,First Owner,5.0,23.01,999.0,67.0,Renault,9,1
2007,54000.0,144000.0,LPG,Individual,Manual,Second Owner,5.0,10.9,796.0,32.8,Maruti,19,2
2014,374000.0,54043.0,Petrol,Dealer,Automatic,First Owner,5.0,18.9,1197.0,81.86,Hyundai,12,1
2012,549000.0,66657.0,Diesel,Dealer,Automatic,First Owner,5.0,22.32,1582.0,126.32,Hyundai,14,1
2016,390000.0,42000.0,Diesel,Individual,Manual,Second Owner,5.0,19.09,1405.0,69.01,Tata,10,2
2013,455999.0,35582.0,Petrol,Dealer,Manual,First Owner,5.0,18.5,1197.0,82.85,Hyundai,13,1
2013,453000.0,54327.0,Petrol,Dealer,Automatic,Second Owner,5.0,17.2,1197.0,103.6,Volkswagen,13,2
2016,579000.0,7949.0,Petrol,Dealer,Manual,First Owner,5.0,17.0,1198.0,73.75,Volkswagen,10,1
2010,258000.0,59734.0,Petrol,Dealer,Automatic,First Owner,5.0,16.95,1197.0,78.9,Hyundai,16,1
2012,428000.0,49185.0,Petrol,Dealer,Manual,First Owner,5.0,16.8,1497.0,116.4,Honda,14,1
2011,262000.0,56389.0,Petrol,Dealer,Manual,First Owner,5.0,20.36,1197.0,78.9,Hyundai,15,1
2013,389000.0,58245.0,Petrol,Dealer,Manual,First Owner,5.0,16.47,1198.0,73.9,Volkswagen,13,1
2015,346000.0,36422.0,Petrol,Dealer,Manual,First Owner,5.0,18.44,1198.0,75.0,Nissan,11,1
2011,339000.0,42535.0,Petrol,Dealer,Manual,First Owner,5.0,16.7,1198.0,88.8,Honda,15,1
2011,272000.0,40736.0,Petrol,Dealer,Automatic,First Owner,5.0,16.95,1197.0,78.9,Hyundai,15,1
2012,369000.0,56246.0,Petrol,Dealer,Manual,First Owner,5.0,18.6,1197.0,85.8,Maruti,14,1
2011,277000.0,55403.0,Petrol,Dealer,Manual,First Owner,5.0,18.6,1197.0,85.8,Maruti,15,1
2018,535000.0,30000.0,Petrol,Individual,Manual,First Owner,5.0,20.3,1199.0,84.0,Tata,8,1
2015,265000.0,67000.0,Petrol,Individual,Manual,First Owner,5.0,23.95,998.0,67.05,Maruti,11,1
2013,400000.0,70000.0,Petrol,Individual,Manual,First Owner,5.0,17.01,1591.0,121.3,Hyundai,13,1
2014,459999.0,90000.0,Diesel,Individual,Manual,Second Owner,5.0,24.0,1120.0,70.0,Hyundai,12,2
2019,667000.0,7500.0,Petrol,Individual,Manual,First Owner,5.0,18.6,1197.0,81.86,Hyundai,7,1
2011,300000.0,80000.0,Diesel,Individual,Manual,Second Owner,7.0,11.57,2179.0,138.1,Tata,15,2
2012,229999.0,186000.0,Diesel,Individual,Manual,First Owner,5.0,23.57,1396.0,70.0,Tata,14,1
2016,200000.0,110000.0,Diesel,Individual,Manual,Second Owner,5.0,25.0,1396.0,69.0,Tata,10,2
2005,150000.0,120000.0,Diesel,Individual,Manual,Third Owner,5.0,17.8,1399.0,68.0,Ford,21,3
2012,280000.0,105358.0,Diesel,Individual,Manual,Third Owner,5.0,17.8,1399.0,67.0,Ford,14,3
2014,590000.0,70000.0,Petrol,Individual,Manual,Second Owner,5.0,18.6,1197.0,81.83,Hyundai,12,2
2010,142000.0,49200.0,Petrol,Individual,Manual,Second Owner,5.0,19.81,1086.0,68.05,Hyundai,16,2
2017,850000.0,40000.0,Petrol,Individual,Manual,First Owner,5.0,17.4,1497.0,117.6,Honda,9,1
2014,600000.0,40000.0,Diesel,Individual,Manual,Second Owner,7.0,24.2,1498.0,98.6,Honda,12,2
2017,700000.0,40000.0,Diesel,Individual,Manual,First Owner,7.0,18.49,1493.0,100.0,Mahindra,9,1
2013,200000.0,70000.0,Petrol,Individual,Manual,First Owner,5.0,18.6,1199.0,79.4,Chevrolet,13,1
2016,900000.0,110000.0,Diesel,Individual,Manual,First Owner,5.0,19.67,1582.0,126.2,Hyundai,10,1
2014,220000.0,100000.0,Petrol,Individual,Manual,First Owner,5.0,23.95,998.0,67.05,Maruti,12,1
2018,650000.0,10000.0,Petrol,Individual,Automatic,Second Owner,5.0,18.9,1197.0,81.86,Hyundai,8,2
2017,3100000.0,70000.0,Diesel,Individual,Automatic,First Owner,7.0,15.04,2755.0,174.5,Toyota,9,1
2016,1500000.0,100600.0,Diesel,Individual,Manual,Second Owner,8.0,13.68,2393.0,147.8,Toyota,10,2
2012,1800000.0,50000.0,Diesel,Individual,Automatic,First Owner,5.0,16.09,1995.0,184.0,Bmw,14,1
2014,800000.0,136000.0,Diesel,Individual,Manual,First Owner,7.0,15.1,2179.0,140.0,Mahindra,12,1
2017,2100000.0,48000.0,Diesel,Individual,Automatic,Second Owner,5.0,17.9,2143.0,136.0,Mercedes-Benz,9,2
2010,250000.0,110000.0,Diesel,Individual,Manual,Third Owner,5.0,17.8,1399.0,68.0,Ford,16,3
2012,550000.0,86000.0,Diesel,Individual,Manual,First Owner,5.0,19.01,1461.0,108.45,Renault,14,1
2009,125000.0,141000.0,Petrol,Individual,Manual,Second Owner,5.0,19.7,796.0,46.3,Maruti,17,2
2011,450000.0,80000.0,Petrol,Individual,Manual,Third Owner,5.0,17.0,1497.0,118.0,Honda,15,3
2015,850000.0,140000.0,Diesel,Individual,Manual,First Owner,7.0,16.0,2179.0,140.0,Mahindra,11,1
2014,459999.0,65000.0,Diesel,Individual,Manual,Second Owner,5.0,23.4,1248.0,74.0,Maruti,12,2
2014,434999.0,110000.0,Diesel,Individual,Manual,Second Owner,5.0,23.4,1248.0,74.0,Maruti,12,2
2008,120000.0,100000.0,Diesel,Individual,Manual,Second Owner,5.0,17.0,1405.0,70.0,Tata,18,2
2015,600000.0,80000.0,Diesel,Individual,Manual,First Owner,5.0,25.2,1248.0,74.0,Maruti,11,1
2008,135000.0,90000.0,Petrol,Individual,Manual,Second Owner,5.0,18.9,998.0,67.1,Maruti,18,2
2016,550000.0,44000.0,Petrol,Individual,Manual,First Owner,5.0,18.16,1196.0,86.8,Ford,10,1
2014,385000.0,25000.0,Petrol,Individual,Manual,First Owner,5.0,23.1,998.0,67.04,Maruti,12,1
2016,800000.0,25000.0,Petrol,Individual,Manual,First Owner,5.0,15.29,1591.0,121.3,Hyundai,10,1
2016,780000.0,35000.0,Diesel,Individual,Manual,First Owner,5.0,22.54,1396.0,88.73,Hyundai,10,1
2008,100000.0,195000.0,Petrol,Individual,Manual,Second Owner,5.0,19.7,796.0,46.3,Maruti,18,2
2017,650000.0,60000.0,Diesel,Individual,Manual,First Owner,5.0,22.54,1396.0,88.73,Hyundai,9,1
2004,50000.0,50000.0,Petrol,Individual,Manual,First Owner,4.0,16.1,796.0,37.0,Maruti,22,1
2012,425000.0,100000.0,Diesel,Individual,Manual,Second Owner,5.0,22.32,1582.0,126.32,Hyundai,14,2
2015,500000.0,70000.0,Diesel,Individual,Manual,First Owner,5.0,20.4,1248.0,91.7,Fiat,11,1
2017,590000.0,30000.0,Diesel,Individual,Manual,First Owner,5.0,25.2,1248.0,74.0,Maruti,9,1
2016,459999.0,27000.0,Petrol,Individual,Manual,First Owner,5.0,23.1,998.0,67.04,Maruti,10,1
2020,578000.0,5000.0,Petrol,Individual,Manual,First Owner,5.0,21.21,1197.0,81.8,Maruti,6,1
2012,550000.0,110000.0,Diesel,Individual,Manual,Second Owner,7.0,20.77,1248.0,88.76,Maruti,14,2
2013,465000.0,80000.0,Petrol,Individual,Manual,Second Owner,5.0,16.8,1497.0,116.3,Honda,13,2
2018,890000.0,80000.0,Diesel,Individual,Manual,First Owner,7.0,16.5,1493.0,70.0,Mahindra,8,1
2014,250000.0,110000.0,Diesel,Individual,Manual,First Owner,5.0,20.8,1461.0,65.0,Mahindra,12,1
2018,420000.0,35000.0,Petrol,Individual,Automatic,First Owner,5.0,20.51,998.0,67.0,Maruti,8,1
2017,550000.0,20000.0,Petrol,Individual,Manual,First Owner,5.0,21.21,1197.0,81.8,Maruti,9,1
2018,270000.0,20000.0,Petrol,Individual,Manual,First Owner,5.0,24.7,796.0,47.3,Maruti,8,1
2018,700000.0,7800.0,Petrol,Individual,Automatic,First Owner,5.0,22.0,1197.0,81.8,Maruti,8,1
2017,500000.0,20000.0,Petrol,Individual,Manual,First Owner,5.0,20.4,1197.0,81.8,Maruti,9,1
2019,1250000.0,15000.0,Diesel,Individual,Manual,First Owner,7.0,17.6,2179.0,147.94,Tata,7,1
2013,320000.0,31377.0,Petrol,Individual,Manual,Second Owner,5.0,18.5,1197.0,82.85,Hyundai,13,2
2018,700000.0,50000.0,Diesel,Individual,Manual,First Owner,5.0,28.4,1248.0,74.02,Maruti,8,1
2015,290000.0,60000.0,Petrol,Individual,Manual,First Owner,5.0,20.51,998.0,67.04,Maruti,11,1
2012,550000.0,100000.0,Petrol,Individual,Automatic,First Owner,5.0,14.53,1794.0,138.1,Toyota,14,1
2012,265000.0,60000.0,Petrol,Individual,Manual,First Owner,5.0,19.4,1198.0,86.8,Honda,14,1
2018,830000.0,5000.0,Petrol,Individual,Automatic,First Owner,5.0,21.4,1197.0,83.1,Maruti,8,1
2017,800000.0,60000.0,Diesel,Individual,Manual,First Owner,7.0,14.1,2179.0,147.94,Tata,9,1
2011,160000.0,25000.0,Petrol,Individual,Manual,Second Owner,5.0,19.7,796.0,46.3,Maruti,15,2
2018,335000.0,30000.0,Petrol,Individual,Manual,First Owner,5.0,25.17,799.0,53.3,Renault,8,1
2017,329000.0,80000.0,Petrol,Individual,Manual,Second Owner,5.0,20.63,1198.0,67.0,Datsun,9,2
2017,775000.0,75000.0,Diesel,Individual,Manual,First Owner,5.0,24.3,1248.0,88.5,Maruti,9,1
2020,524000.0,32000.0,Petrol,Individual,Manual,First Owner,5.0,20.14,1197.0,81.86,Hyundai,6,1
2015,245000.0,40000.0,Petrol,Individual,Manual,First Owner,5.0,22.74,796.0,47.3,Maruti,11,1
2012,275000.0,93000.0,Petrol,Individual,Manual,Second Owner,5.0,17.0,1197.0,80.0,Hyundai,14,2
2015,610000.0,50000.0,Diesel,Individual,Manual,Second Owner,5.0,21.19,1396.0,88.73,Hyundai,11,2
2015,615000.0,60000.0,Diesel,Individual,Manual,First Owner,5.0,26.59,1248.0,74.0,Maruti,11,1
2014,684000.0,60000.0,Diesel,Individual,Manual,Second Owner,7.0,20.77,1248.0,88.8,Maruti,12,2
2014,680000.0,64000.0,Diesel,Individual,Manual,Second Owner,7.0,20.77,1248.0,88.8,Maruti,12,2
2014,500000.0,120000.0,Diesel,Individual,Manual,First Owner,5.0,20.45,1461.0,83.8,Renault,12,1
2014,520000.0,120000.0,Diesel,Individual,Manual,First Owner,5.0,20.45,1461.0,83.8,Renault,12,1
2012,390000.0,140000.0,Diesel,Individual,Manual,Second Owner,5.0,19.3,1248.0,82.0,Toyota,14,2
2012,434999.0,135000.0,Diesel,Individual,Manual,Third Owner,5.0,19.3,1248.0,82.0,Toyota,14,3
2010,350000.0,166000.0,Diesel,Individual,Manual,Second Owner,5.0,19.3,1248.0,82.0,Maruti,16,2
2018,675000.0,60000.0,Diesel,Individual,Manual,First Owner,5.0,24.4,1498.0,98.63,Ford,8,1
2011,1350000.0,81500.0,Diesel,Individual,Automatic,Second Owner,5.0,14.84,2143.0,167.62,Mercedes-Benz,15,2
2011,1350000.0,80000.0,Diesel,Individual,Automatic,First Owner,5.0,15.8,2148.0,170.0,Mercedes-Benz,15,1
2019,675000.0,5000.0,Petrol,Individual,Manual,First Owner,5.0,21.21,1197.0,81.8,Maruti,7,1
2016,725000.0,30000.0,Diesel,Individual,Manual,First Owner,5.0,21.7,1498.0,98.96,Ford,10,1
2019,1200000.0,15000.0,Diesel,Individual,Manual,First Owner,5.0,20.0,1497.0,115.0,Mahindra,7,1
2018,650000.0,40000.0,Diesel,Dealer,Manual,First Owner,5.0,20.14,1498.0,88.0,Volkswagen,8,1
2019,1090000.0,16500.0,Petrol,Dealer,Manual,First Owner,5.0,17.0,1197.0,110.0,Mahindra,7,1
2017,1100000.0,67000.0,Diesel,Individual,Automatic,First Owner,5.0,17.01,1582.0,126.2,Hyundai,9,1
2017,670000.0,48000.0,Diesel,Individual,Manual,First Owner,5.0,22.54,1396.0,88.73,Hyundai,9,1
2018,780000.0,35000.0,Diesel,Individual,Manual,First Owner,5.0,22.54,1396.0,88.73,Hyundai,8,1
2017,720000.0,60000.0,Diesel,Individual,Manual,First Owner,5.0,28.09,1248.0,88.5,Maruti,9,1
2018,610000.0,52000.0,Petrol,Dealer,Manual,First Owner,5.0,22.0,1197.0,81.8,Maruti,8,1
2017,600000.0,29000.0,Diesel,Individual,Manual,First Owner,5.0,22.0,1498.0,108.495,Volkswagen,9,1
2016,535000.0,50000.0,Diesel,Individual,Manual,First Owner,5.0,19.87,1461.0,83.8,Renault,10,1
2009,142000.0,110000.0,Petrol,Individual,Manual,First Owner,5.0,20.36,1197.0,78.9,Hyundai,17,1
2017,515000.0,23000.0,Petrol,Individual,Manual,First Owner,5.0,21.4,1197.0,83.1,Maruti,9,1
2016,335000.0,40000.0,Petrol,Dealer,Manual,First Owner,5.0,20.63,1198.0,67.0,Datsun,10,1
2017,957000.0,60000.0,Diesel,Individual,Manual,First Owner,5.0,21.38,1396.0,88.7,Hyundai,9,1
2017,605000.0,127000.0,Diesel,Individual,Manual,First Owner,5.0,28.4,1248.0,74.02,Maruti,9,1
2013,316000.0,140000.0,Diesel,Individual,Manual,First Owner,5.0,21.02,1248.0,88.76,Tata,13,1
2019,675000.0,5000.0,Petrol,Individual,Manual,First Owner,7.0,20.0,999.0,72.0,Renault,7,1
2015,520000.0,70000.0,Diesel,Individual,Manual,First Owner,5.0,26.59,1248.0,74.0,Maruti,11,1
2011,265000.0,60000.0,Diesel,Individual,Manual,First Owner,5.0,19.3,1248.0,73.9,Maruti,15,1
2016,395000.0,40000.0,Petrol,Individual,Manual,Second Owner,5.0,16.2,1199.0,74.0,Volkswagen,10,2
2016,385000.0,40000.0,Petrol,Individual,Manual,Second Owner,5.0,16.2,1199.0,74.0,Volkswagen,10,2
2009,142000.0,70000.0,Petrol,Individual,Manual,Second Owner,5.0,18.9,1061.0,67.0,Maruti,17,2
2009,160000.0,35000.0,Petrol,Individual,Manual,First Owner,5.0,19.81,1086.0,68.05,Hyundai,17,1
2012,180000.0,50000.0,Diesel,Individual,Manual,Third Owner,5.0,19.09,1396.0,69.0,Tata,14,3
2013,480000.0,42462.0,Petrol,Dealer,Manual,First Owner,5.0,16.8,1497.0,116.3,Honda,13,1
2015,470000.0,54723.0,Diesel,Dealer,Manual,First Owner,5.0,25.2,1248.0,74.0,Maruti,11,1
2018,480000.0,20375.0,Petrol,Dealer,Manual,First Owner,5.0,20.89,1197.0,81.8,Maruti,8,1
2013,450000.0,43978.0,Diesel,Dealer,Manual,Second Owner,5.0,28.4,1248.0,74.0,Maruti,13,2
2017,520000.0,28832.0,Diesel,Dealer,Manual,First Owner,5.0,23.4,1248.0,74.0,Maruti,9,1
2019,700000.0,3177.0,Petrol,Dealer,Manual,First Owner,5.0,18.5,1194.0,94.93,Ford,7,1
2015,400000.0,39414.0,Petrol,Dealer,Manual,First Owner,5.0,18.9,1197.0,81.86,Hyundai,11,1
2012,200000.0,30078.0,Petrol,Dealer,Manual,First Owner,5.0,15.3,1396.0,70.0,Tata,14,1
2012,250000.0,44588.0,Petrol,Dealer,Manual,First Owner,5.0,21.1,814.0,55.2,Hyundai,14,1
2015,400000.0,49907.0,Petrol,Dealer,Manual,First Owner,5.0,21.63,998.0,67.04,Maruti,11,1
2013,371000.0,67082.0,Petrol,Dealer,Manual,Second Owner,5.0,21.21,1197.0,81.8,Maruti,13,2
2016,450000.0,40000.0,Petrol,Individual,Manual,First Owner,5.0,18.9,1197.0,82.0,Hyundai,10,1
2016,570000.0,112879.0,Diesel,Dealer,Manual,Second Owner,5.0,23.0,1498.0,98.96,Ford,10,2
2013,300000.0,80000.0,Petrol,Individual,Manual,Second Owner,5.0,19.4,1198.0,86.8,Honda,13,2
2017,620000.0,25000.0,Petrol,Individual,Manual,First Owner,5.0,18.6,1197.0,81.83,Hyundai,9,1
2018,949000.0,10200.0,Petrol,Individual,Manual,First Owner,5.0,17.4,1497.0,117.6,Honda,8,1
2018,750000.0,60000.0,Diesel,Individual,Manual,First Owner,7.0,16.5,1493.0,70.0,Mahindra,8,1
2017,350000.0,20000.0,Petrol,Individual,Manual,Second Owner,5.0,23.1,998.0,67.04,Maruti,9,2
2017,1250000.0,60000.0,Diesel,Individual,Manual,First Owner,7.0,16.0,2179.0,140.0,Mahindra,9,1
2016,270000.0,30000.0,Petrol,Individual,Manual,Third Owner,5.0,23.01,999.0,67.0,Renault,10,3
2013,235000.0,40000.0,Petrol,Individual,Manual,Second Owner,5.0,21.1,814.0,55.2,Hyundai,13,2
2016,500000.0,60000.0,Petrol,Individual,Manual,First Owner,5.0,20.4,1197.0,81.8,Maruti,10,1
2012,220000.0,111000.0,Petrol,Individual,Manual,First Owner,5.0,19.7,796.0,46.3,Maruti,14,1
2014,380000.0,70000.0,Diesel,Individual,Manual,Second Owner,5.0,23.4,1248.0,74.0,Maruti,12,2
2010,160000.0,100000.0,Petrol,Individual,Manual,Third Owner,5.0,20.92,998.0,67.1,Maruti,16,3
2010,160000.0,100000.0,Petrol,Individual,Manual,Third Owner,5.0,20.92,998.0,67.1,Maruti,16,3
2017,339000.0,25000.0,Petrol,Individual,Manual,First Owner,5.0,20.3,998.0,68.05,Hyundai,9,1
2011,229999.0,100000.0,Petrol,Individual,Manual,First Owner,5.0,15.3,1596.0,99.6,Ford,15,1
2016,400000.0,35000.0,Diesel,Individual,Manual,First Owner,6.0,25.32,1198.0,77.0,Mahindra,10,1
2018,470000.0,25000.0,Diesel,Individual,Manual,First Owner,5.0,25.4,1186.0,73.97,Hyundai,8,1
2003,45000.0,58000.0,Petrol,Individual,Manual,First Owner,4.0,16.1,796.0,37.0,Maruti,23,1
2019,575000.0,20000.0,Petrol,Individual,Manual,First Owner,5.0,19.4,1194.0,94.93,Ford,7,1
2019,325000.0,1300.0,Petrol,Individual,Manual,First Owner,5.0,22.5,999.0,67.0,Datsun,7,1
1997,50000.0,120000.0,Petrol,Individual,Manual,Second Owner,4.0,16.1,796.0,37.0,Maruti,29,2
2014,350000.0,15000.0,Petrol,Individual,Manual,First Owner,5.0,20.51,998.0,67.04,Maruti,12,1
2017,2711000.0,9000.0,Diesel,Dealer,Automatic,First Owner,5.0,13.6,1999.0,177.0,Jaguar,9,1
2019,5150000.0,20000.0,Petrol,Dealer,Automatic,First Owner,5.0,22.37,2487.0,214.56,Lexus,7,1
2017,3200000.0,45000.0,Diesel,Dealer,Automatic,First Owner,5.0,19.33,1999.0,177.0,Jaguar,9,1
2015,503000.0,110000.0,Diesel,Individual,Manual,First Owner,7.0,14.1,2179.0,147.94,Tata,11,1
2019,3800000.0,20000.0,Diesel,Individual,Automatic,First Owner,5.0,18.0,1969.0,190.0,Volvo,7,1
2016,2000000.0,68089.0,Petrol,Trustmark Dealer,Automatic,First Owner,5.0,19.16,2494.0,157.7,Toyota,10,1
2013,225000.0,58343.0,Petrol,Trustmark Dealer,Manual,First Owner,5.0,21.79,998.0,67.05,Maruti,13,1
2018,740000.0,38817.0,Diesel,Dealer,Manual,First Owner,5.0,27.39,1248.0,74.0,Maruti,8,1
2016,550000.0,56494.0,Petrol,Trustmark Dealer,Manual,First Owner,5.0,18.2,1199.0,88.7,Honda,10,1
2013,750000.0,79328.0,Diesel,Trustmark Dealer,Manual,Second Owner,7.0,12.99,2494.0,100.6,Toyota,13,2
2019,650000.0,5621.0,Petrol,Trustmark Dealer,Automatic,First Owner,5.0,22.0,1197.0,81.8,Maruti,7,1
2017,625000.0,25538.0,Petrol,Trustmark Dealer,Manual,First Owner,5.0,16.78,1496.0,88.73,Toyota,9,1
2018,600000.0,69779.0,Petrol,Dealer,Automatic,First Owner,5.0,22.0,1197.0,81.8,Maruti,8,1
2017,450000.0,56290.0,Diesel,Dealer,Manual,First Owner,5.0,24.0,1186.0,73.97,Hyundai,9,1
2019,5200000.0,7500.0,Diesel,Dealer,Automatic,First Owner,5.0,16.78,1995.0,190.0,Bmw,7,1
2019,5200000.0,8500.0,Diesel,Dealer,Automatic,First Owner,5.0,16.78,1995.0,190.0,Bmw,7,1
2019,779000.0,7032.0,Petrol,Trustmark Dealer,Automatic,First Owner,5.0,19.0,1199.0,88.76,Honda,7,1
2016,645000.0,11000.0,Petrol,Dealer,Automatic,First Owner,5.0,14.3,1598.0,103.5,Skoda,10,1
2018,2475000.0,2000.0,Diesel,Dealer,Automatic,First Owner,5.0,16.8,1984.0,150.0,Volvo,8,1
2016,300000.0,25000.0,Petrol,Individual,Manual,First Owner,5.0,25.17,799.0,53.3,Renault,10,1
2014,540000.0,150000.0,Diesel,Individual,Manual,First Owner,5.0,19.01,1461.0,108.5,Nissan,12,1
2018,580000.0,10000.0,Petrol,Individual,Manual,First Owner,5.0,23.1,998.0,67.04,Maruti,8,1
2015,1000000.0,70000.0,Diesel,Individual,Manual,First Owner,5.0,19.67,1582.0,126.2,Hyundai,11,1
2017,459999.0,80000.0,Diesel,Individual,Manual,First Owner,5.0,22.95,1248.0,74.0,Tata,9,1
2015,635000.0,50000.0,Diesel,Individual,Manual,First Owner,5.0,25.2,1248.0,74.0,Maruti,11,1
2014,650000.0,83000.0,Diesel,Individual,Manual,Third Owner,5.0,22.32,1582.0,126.32,Hyundai,12,3
2013,525000.0,116000.0,Diesel,Individual,Manual,Second Owner,5.0,23.4,1248.0,74.0,Maruti,13,2
2015,350000.0,60000.0,Petrol,Individual,Manual,Third Owner,5.0,15.8,1172.0,67.1,Fiat,11,3
2008,320000.0,175802.0,Diesel,Individual,Manual,Third Owner,5.0,19.3,1248.0,73.9,Maruti,18,3
2006,450000.0,192000.0,Diesel,Individual,Manual,Fourth & Above Owner,8.0,12.8,2494.0,102.0,Toyota,20,4
2011,227000.0,73840.0,Petrol,Individual,Manual,First Owner,5.0,15.04,1598.0,103.6,Volkswagen,15,1
2011,325000.0,162000.0,Diesel,Individual,Manual,Second Owner,8.0,13.6,2523.0,63.0,Mahindra,15,2
2018,275000.0,20000.0,Petrol,Individual,Automatic,First Owner,5.0,23.0,999.0,67.0,Datsun,8,1
2013,300000.0,75000.0,Petrol,Individual,Manual,Third Owner,5.0,18.9,1197.0,82.0,Hyundai,13,3
2011,400000.0,225000.0,Diesel,Individual,Manual,Third Owner,8.0,12.05,2179.0,120.0,Mahindra,15,3
2015,550000.0,120000.0,Diesel,Individual,Manual,Second Owner,5.0,20.34,1498.0,103.2,Volkswagen,11,2
2016,550000.0,20000.0,Petrol,Individual,Manual,First Owner,5.0,20.4,1197.0,81.8,Maruti,10,1
2017,900000.0,40000.0,Diesel,Individual,Automatic,First Owner,5.0,21.66,1498.0,108.6,Skoda,9,1
2010,165000.0,20000.0,Petrol,Individual,Manual,First Owner,5.0,19.7,796.0,46.3,Maruti,16,1
2014,210000.0,70000.0,Petrol,Individual,Manual,First Owner,5.0,21.1,814.0,55.2,Hyundai,12,1
2016,650000.0,30000.0,Diesel,Individual,Manual,First Owner,5.0,19.64,1461.0,108.45,Renault,10,1
2014,680000.0,120000.0,Diesel,Individual,Manual,First Owner,7.0,15.1,2179.0,140.0,Mahindra,12,1
2019,390000.0,25000.0,Petrol,Individual,Manual,First Owner,5.0,23.01,999.0,67.0,Renault,7,1
2016,260000.0,80000.0,Petrol,Individual,Manual,First Owner,5.0,25.17,799.0,53.3,Renault,10,1
2013,450000.0,67000.0,Petrol,Individual,Manual,First Owner,5.0,19.1,1197.0,85.8,Maruti,13,1
2008,130000.0,120000.0,Petrol,Individual,Manual,Second Owner,5.0,19.81,1086.0,68.05,Hyundai,18,2
2019,890000.0,9000.0,Diesel,Individual,Manual,First Owner,5.0,24.3,1248.0,88.5,Maruti,7,1
2019,3800000.0,20000.0,Diesel,Individual,Automatic,First Owner,5.0,18.0,1969.0,190.0,Volvo,7,1
2010,225000.0,80000.0,Petrol,Individual,Manual,Second Owner,5.0,14.0,1595.0,102.0,Volkswagen,16,2
2018,3200000.0,60000.0,Diesel,Individual,Automatic,First Owner,7.0,15.04,2755.0,174.5,Toyota,8,1
2010,210000.0,120000.0,Diesel,Individual,Manual,First Owner,5.0,21.12,1248.0,88.8,Tata,16,1
2014,3500000.0,60000.0,Diesel,Individual,Automatic,First Owner,7.0,11.0,2982.0,170.3,Toyota,12,1
2014,750000.0,80000.0,Diesel,Individual,Manual,Second Owner,5.0,25.1,1498.0,98.6,Honda,12,2
2011,350000.0,120000.0,Diesel,Individual,Manual,Second Owner,10.0,12.2,2499.0,80.0,Chevrolet,15,2
2019,2000000.0,24857.0,Petrol,Dealer,Automatic,Test Drive Car,5.0,16.5,1799.0,139.46,Honda,7,0
2017,270000.0,26442.0,Petrol,Individual,Manual,First Owner,5.0,20.3,998.0,68.05,Hyundai,9,1
2017,700000.0,35000.0,Petrol,Individual,Manual,First Owner,7.0,17.5,1373.0,91.1,Maruti,9,1
2010,130000.0,28000.0,Petrol,Individual,Manual,Second Owner,5.0,19.7,796.0,46.3,Maruti,16,2
2015,650000.0,80000.0,Diesel,Individual,Manual,First Owner,7.0,20.77,1248.0,88.8,Maruti,11,1
2005,55000.0,39000.0,Petrol,Individual,Manual,First Owner,5.0,19.7,796.0,46.3,Maruti,21,1
2017,475000.0,20000.0,Petrol,Individual,Automatic,First Owner,5.0,20.51,998.0,67.0,Maruti,9,1
2013,325000.0,50000.0,Diesel,Individual,Manual,First Owner,5.0,21.64,1461.0,84.8,Nissan,13,1
2017,615000.0,40000.0,Petrol,Individual,Automatic,First Owner,5.0,19.0,1199.0,88.7,Honda,9,1
2015,390000.0,15000.0,Petrol,Individual,Manual,First Owner,5.0,18.9,1197.0,82.0,Hyundai,11,1
2019,650000.0,15000.0,Petrol,Individual,Automatic,First Owner,5.0,22.0,1197.0,81.8,Maruti,7,1
2015,440000.0,30000.0,Petrol,Individual,Manual,First Owner,5.0,20.4,1197.0,81.8,Maruti,11,1
2014,600000.0,70000.0,Diesel,Individual,Manual,First Owner,5.0,26.0,1498.0,98.6,Honda,12,1
2012,170000.0,80000.0,Petrol,Individual,Manual,First Owner,5.0,16.2,995.0,62.1,Chevrolet,14,1
2013,499000.0,80000.0,Diesel,Individual,Manual,First Owner,9.0,15.96,2523.0,63.0,Mahindra,13,1
2012,525000.0,120000.0,Diesel,Individual,Manual,First Owner,5.0,22.54,1396.0,88.73,Hyundai,14,1
2015,580000.0,90000.0,Diesel,Individual,Manual,First Owner,5.0,20.45,1461.0,83.8,Nissan,11,1
2016,420000.0,110000.0,Diesel,Individual,Manual,Second Owner,7.0,18.2,1248.0,73.74,Chevrolet,10,2
2015,1300000.0,120000.0,Diesel,Individual,Manual,First Owner,7.0,12.99,2494.0,100.6,Toyota,11,1
2016,800000.0,80000.0,Diesel,Individual,Manual,First Owner,5.0,23.9,1582.0,126.2,Hyundai,10,1
2020,600000.0,5000.0,Petrol,Individual,Manual,First Owner,5.0,21.21,1197.0,81.8,Maruti,6,1
2017,400000.0,50000.0,Petrol,Individual,Manual,First Owner,5.0,18.5,1198.0,86.8,Honda,9,1
2017,700000.0,65000.0,Diesel,Individual,Manual,First Owner,5.0,26.59,1248.0,74.0,Maruti,9,1
2017,800000.0,35000.0,Diesel,Individual,Manual,First Owner,5.0,27.39,1248.0,74.0,Maruti,9,1
2015,600000.0,90000.0,Diesel,Individual,Manual,First Owner,5.0,27.3,1498.0,98.6,Honda,11,1
2016,580000.0,100000.0,Diesel,Individual,Manual,First Owner,5.0,25.2,1248.0,74.0,Maruti,10,1
2016,350000.0,15000.0,Petrol,Individual,Manual,First Owner,5.0,25.17,799.0,53.3,Renault,10,1
2011,204999.0,147000.0,Diesel,Individual,Manual,First Owner,5.0,20.0,1399.0,68.0,Ford,15,1
2017,1350000.0,20000.0,Diesel,Individual,Manual,First Owner,7.0,16.0,2179.0,140.0,Mahindra,9,1
2009,310000.0,120000.0,Diesel,Individual,Manual,Second Owner,5.0,23.0,1396.0,90.0,Hyundai,17,2
2011,700000.0,225000.0,Diesel,Individual,Manual,Second Owner,7.0,12.8,2494.0,102.0,Toyota,15,2
2016,459999.0,69000.0,Diesel,Individual,Manual,Second Owner,5.0,25.83,1498.0,99.0,Ford,10,2
2017,860000.0,80000.0,Diesel,Individual,Manual,First Owner,5.0,28.09,1248.0,88.5,Maruti,9,1
2012,275000.0,97000.0,LPG,Individual,Manual,Third Owner,5.0,19.0,1086.0,68.1,Hyundai,14,3
2016,390000.0,15000.0,Petrol,Individual,Manual,First Owner,5.0,25.17,799.0,53.3,Renault,10,1
2018,1525000.0,50000.0,Diesel,Individual,Manual,First Owner,7.0,17.6,2179.0,153.86,Tata,8,1
2005,110000.0,50800.0,Petrol,Dealer,Manual,Second Owner,5.0,19.7,796.0,46.3,Maruti,21,2
2017,484999.0,10000.0,Petrol,Dealer,Manual,First Owner,5.0,23.1,998.0,67.04,Maruti,9,1
2018,5200000.0,30000.0,Diesel,Individual,Automatic,First Owner,4.0,17.09,2993.0,261.4,Bmw,8,1
2012,185000.0,60000.0,Petrol,Individual,Manual,Second Owner,5.0,19.7,796.0,46.3,Maruti,14,2
2018,665000.0,40142.0,Diesel,Dealer,Manual,First Owner,5.0,24.4,1120.0,71.0,Hyundai,8,1
2019,721000.0,9400.0,Petrol,Dealer,Manual,First Owner,5.0,18.6,1197.0,81.83,Hyundai,7,1
2016,390000.0,62000.0,Diesel,Dealer,Manual,First Owner,5.0,25.32,1198.0,77.0,Mahindra,10,1
2011,190000.0,90000.0,Diesel,Dealer,Manual,First Owner,5.0,18.8,1248.0,90.0,Tata,15,1
2019,975000.0,12584.0,Diesel,Dealer,Manual,First Owner,6.0,16.55,2498.0,105.0,Mahindra,7,1
2016,275000.0,49000.0,Petrol,Dealer,Manual,First Owner,5.0,19.02,1198.0,67.05,Datsun,10,1
2016,315000.0,32000.0,Petrol,Dealer,Manual,First Owner,5.0,24.7,796.0,47.3,Maruti,10,1
2019,685000.0,4300.0,Petrol,Dealer,Manual,First Owner,5.0,18.6,1197.0,81.86,Hyundai,7,1
2019,595000.0,14548.0,Petrol,Dealer,Manual,First Owner,5.0,21.21,1197.0,81.8,Maruti,7,1
2018,900000.0,44772.0,Diesel,Dealer,Manual,Second Owner,5.0,23.0,1498.0,98.96,Ford,8,2
2018,950000.0,48500.0,Diesel,Dealer,Manual,First Owner,7.0,25.47,1248.0,88.5,Maruti,8,1
2016,275000.0,38000.0,Petrol,Dealer,Manual,First Owner,5.0,24.7,796.0,47.3,Maruti,10,1
2017,570000.0,28782.0,Petrol,Dealer,Manual,First Owner,5.0,18.6,1197.0,81.83,Hyundai,9,1
2018,700000.0,28451.0,Petrol,Dealer,Manual,First Owner,5.0,18.6,1197.0,81.83,Hyundai,8,1
2018,910000.0,36500.0,Diesel,Dealer,Manual,First Owner,5.0,24.3,1248.0,88.5,Maruti,8,1
2018,751000.0,44885.0,Diesel,Dealer,Manual,First Owner,5.0,26.59,1248.0,74.0,Maruti,8,1
2014,225000.0,35000.0,Petrol,Individual,Manual,First Owner,5.0,21.1,814.0,55.2,Hyundai,12,1
2009,135000.0,110000.0,Diesel,Individual,Manual,Second Owner,5.0,17.0,1405.0,71.0,Tata,17,2
2017,825000.0,79000.0,Diesel,Dealer,Manual,First Owner,7.0,25.47,1248.0,88.5,Maruti,9,1
2015,1650000.0,91000.0,Diesel,Dealer,Automatic,Second Owner,7.0,12.55,2982.0,168.5,Toyota,11,2
2018,875000.0,50000.0,Diesel,Dealer,Manual,First Owner,5.0,24.3,1248.0,88.5,Maruti,8,1
2016,650000.0,81000.0,Diesel,Dealer,Manual,Second Owner,5.0,28.09,1248.0,88.5,Maruti,10,2
2019,1450000.0,22000.0,Petrol,Dealer,Automatic,First Owner,5.0,16.0,1368.0,160.0,Jeep,7,1
2017,975000.0,41000.0,Diesel,Dealer,Manual,First Owner,5.0,20.5,1582.0,126.2,Hyundai,9,1
2019,925000.0,50000.0,Diesel,Dealer,Manual,First Owner,7.0,24.52,1248.0,88.5,Maruti,7,1
2016,725000.0,66000.0,Diesel,Dealer,Manual,First Owner,7.0,20.77,1248.0,88.8,Maruti,10,1
2013,550000.0,65000.0,Diesel,Dealer,Manual,First Owner,7.0,20.77,1248.0,88.76,Maruti,13,1
2014,550000.0,76000.0,Diesel,Dealer,Manual,First Owner,5.0,22.54,1396.0,88.73,Hyundai,12,1
2013,750000.0,95000.0,Diesel,Dealer,Manual,First Owner,7.0,12.8,2494.0,102.0,Toyota,13,1
2013,475000.0,55000.0,Petrol,Dealer,Manual,Second Owner,5.0,17.0,1497.0,118.0,Honda,13,2
2017,325000.0,65000.0,Petrol,Dealer,Manual,First Owner,7.0,19.02,1198.0,67.05,Datsun,9,1
2017,725000.0,76000.0,Diesel,Dealer,Manual,First Owner,7.0,25.47,1248.0,88.5,Maruti,9,1
2018,775000.0,47000.0,Petrol,Dealer,Manual,Second Owner,7.0,16.02,1373.0,93.7,Maruti,8,2
2017,625000.0,70000.0,Diesel,Dealer,Manual,First Owner,5.0,23.4,1248.0,74.0,Maruti,9,1
2009,195000.0,56000.0,Petrol,Dealer,Manual,Second Owner,5.0,19.3,1248.0,82.0,Hyundai,17,2
2014,470000.0,89000.0,Diesel,Dealer,Manual,First Owner,5.0,22.9,1248.0,74.0,Maruti,12,1
2017,1750000.0,98000.0,Diesel,Dealer,Manual,First Owner,7.0,13.68,2393.0,147.51,Toyota,9,1
2016,1650000.0,90000.0,Diesel,Dealer,Manual,First Owner,7.0,13.68,2393.0,147.51,Toyota,10,1
2018,1050000.0,70000.0,Diesel,Individual,Manual,First Owner,5.0,21.38,1396.0,88.7,Hyundai,8,1
2013,380000.0,57000.0,Diesel,Individual,Manual,First Owner,5.0,22.9,1248.0,74.0,Maruti,13,1
2017,650000.0,70000.0,Diesel,Individual,Manual,First Owner,5.0,26.59,1248.0,74.0,Maruti,9,1
2016,275000.0,49200.0,Petrol,Individual,Manual,First Owner,5.0,21.1,814.0,55.2,Hyundai,10,1
2009,220000.0,125000.0,Petrol,Individual,Manual,Second Owner,5.0,13.5,1799.0,130.0,Honda,17,2
2008,200000.0,60000.0,Petrol,Individual,Manual,Second Owner,5.0,19.81,1086.0,68.05,Hyundai,18,2
2015,315000.0,120000.0,Petrol,Individual,Manual,Second Owner,5.0,15.37,1196.0,73.0,Maruti,11,2
2004,90000.0,110000.0,Petrol,Individual,Manual,Third Owner,5.0,19.7,796.0,46.3,Maruti,22,3
2007,120000.0,70000.0,Petrol,Individual,Manual,Second Owner,5.0,18.9,1061.0,67.0,Maruti,19,2
2006,90000.0,168000.0,Petrol,Individual,Manual,Second Owner,5.0,18.9,998.0,67.1,Maruti,20,2
2018,1500000.0,30000.0,Diesel,Individual,Manual,First Owner,7.0,16.0,2179.0,140.0,Mahindra,8,1
2015,370000.0,60000.0,Diesel,Individual,Manual,First Owner,5.0,24.0,1120.0,70.0,Hyundai,11,1
2016,595000.0,131111.0,Diesel,Individual,Manual,First Owner,5.0,25.2,1248.0,74.0,Maruti,10,1
2007,150000.0,120000.0,Diesel,Individual,Manual,Second Owner,5.0,19.2,1461.0,65.0,Mahindra,19,2
2012,400000.0,58400.0,Diesel,Individual,Manual,Second Owner,5.0,19.3,1248.0,73.9,Maruti,14,2
2016,310000.0,23400.0,Petrol,Individual,Manual,Second Owner,5.0,23.95,998.0,67.1,Maruti,10,2
2018,385000.0,50000.0,Petrol,Individual,Manual,First Owner,5.0,23.1,998.0,67.04,Maruti,8,1
2005,105000.0,158107.0,Petrol,Individual,Manual,Second Owner,5.0,19.3,1248.0,82.0,Maruti,21,2
2014,750000.0,90000.0,Diesel,Individual,Manual,First Owner,7.0,15.1,2179.0,140.0,Mahindra,12,1
2019,521000.0,3010.0,Petrol,Individual,Automatic,First Owner,5.0,20.3,1086.0,68.0,Hyundai,7,1
2010,180000.0,80000.0,Diesel,Individual,Manual,First Owner,5.0,21.12,1248.0,88.8,Tata,16,1
2011,220000.0,155000.0,Diesel,Individual,Manual,Second Owner,5.0,17.8,1399.0,68.0,Ford,15,2
1998,40000.0,70000.0,Petrol,Individual,Manual,Second Owner,4.0,16.1,796.0,37.0,Maruti,28,2
2018,540000.0,4000.0,Petrol,Individual,Manual,First Owner,5.0,18.9,1197.0,81.86,Hyundai,8,1
2007,140000.0,35000.0,Petrol,Individual,Manual,Second Owner,5.0,19.7,796.0,46.3,Maruti,19,2
2003,200000.0,121000.0,Petrol,Individual,Manual,First Owner,5.0,17.3,993.0,60.0,Maruti,23,1
2015,650000.0,110000.0,Diesel,Individual,Manual,Second Owner,5.0,22.77,1498.0,98.59,Ford,11,2
2010,229999.0,170000.0,Diesel,Individual,Manual,Second Owner,5.0,17.8,1399.0,68.0,Ford,16,2
2010,305000.0,175000.0,Diesel,Individual,Manual,Third Owner,5.0,17.8,1248.0,75.0,Maruti,16,3
2018,1400000.0,30000.0,Diesel,Individual,Manual,First Owner,7.0,16.0,1997.0,140.0,Mahindra,8,1
2008,200000.0,163000.0,Diesel,Individual,Manual,First Owner,5.0,17.8,1399.0,68.0,Ford,18,1
2008,200000.0,163000.0,Diesel,Individual,Manual,First Owner,5.0,17.8,1399.0,68.0,Ford,18,1
2010,465000.0,77088.0,Diesel,Individual,Manual,First Owner,8.0,14.0,2489.0,95.0,Mahindra,16,1
2011,210000.0,110000.0,Diesel,Individual,Manual,Third Owner,5.0,23.08,1461.0,63.1,Nissan,15,3
2016,570000.0,136511.0,Diesel,Individual,Manual,First Owner,7.0,15.96,2523.0,62.1,Mahindra,10,1
2015,570000.0,80000.0,Petrol,Individual,Manual,First Owner,7.0,16.02,1373.0,93.7,Maruti,11,1
2015,650000.0,60000.0,Petrol,Individual,Manual,First Owner,7.0,16.02,1373.0,93.7,Maruti,11,1
2016,620000.0,36000.0,Petrol,Individual,Manual,First Owner,5.0,20.85,1197.0,83.14,Maruti,10,1
2012,250000.0,65000.0,Petrol,Individual,Manual,Second Owner,5.0,18.9,998.0,67.1,Maruti,14,2
2011,1000000.0,50000.0,Diesel,Individual,Automatic,First Owner,5.0,17.05,1995.0,184.0,Bmw,15,1
2012,300000.0,60000.0,LPG,Individual,Manual,First Owner,5.0,26.2,998.0,58.2,Maruti,14,1
2013,300000.0,82500.0,Diesel,Individual,Manual,First Owner,5.0,20.3,1248.0,75.0,Fiat,13,1
2018,810000.0,30000.0,Diesel,Individual,Manual,Second Owner,5.0,23.0,1498.0,98.96,Ford,8,2
2011,270000.0,100000.0,Diesel,Individual,Manual,Third Owner,5.0,18.3,1991.0,147.9,Chevrolet,15,3
2015,470000.0,70000.0,Diesel,Individual,Manual,Second Owner,5.0,26.59,1248.0,74.0,Maruti,11,2
2017,400000.0,85000.0,Diesel,Individual,Manual,First Owner,5.0,20.65,1248.0,88.7,Tata,9,1
2014,300000.0,60000.0,Petrol,Individual,Manual,Second Owner,5.0,20.51,998.0,67.04,Maruti,12,2
2015,170000.0,20000.0,Petrol,Individual,Manual,Third Owner,5.0,22.74,796.0,47.3,Maruti,11,3
2014,455999.0,80000.0,Diesel,Individual,Manual,First Owner,5.0,19.01,1461.0,108.45,Renault,12,1
2009,121000.0,100000.0,Diesel,Individual,Manual,Second Owner,8.0,13.0,2489.0,95.0,Mahindra,17,2
2002,35000.0,75000.0,Petrol,Individual,Manual,Second Owner,5.0,19.3,1248.0,82.0,Hyundai,24,2
2005,85000.0,100000.0,Petrol,Individual,Manual,First Owner,5.0,19.3,1248.0,82.0,Maruti,21,1
2016,650000.0,80000.0,Diesel,Individual,Manual,Second Owner,5.0,24.3,1248.0,88.5,Maruti,10,2
2017,350000.0,35000.0,Petrol,Individual,Manual,First Owner,5.0,17.57,1193.0,88.7,Tata,9,1
2013,125000.0,139000.0,Diesel,Individual,Manual,First Owner,5.0,25.44,936.0,57.6,Chevrolet,13,1
2005,80000.0,90000.0,Petrol,Individual,Automatic,Second Owner,5.0,19.7,796.0,46.3,Maruti,21,2
2009,120000.0,120000.0,Petrol,Individual,Manual,First Owner,5.0,19.3,1248.0,82.0,Maruti,17,1
2008,250000.0,100000.0,Petrol,Individual,Manual,First Owner,5.0,17.7,1497.0,78.0,Honda,18,1
2011,225000.0,90000.0,Diesel,Individual,Manual,First Owner,5.0,20.54,1598.0,103.6,Volkswagen,15,1
2007,215000.0,105000.0,Diesel,Individual,Manual,Second Owner,7.0,13.6,2523.0,63.0,Mahindra,19,2
2017,450000.0,40000.0,Diesel,Individual,Manual,Second Owner,5.0,25.4,1186.0,73.97,Hyundai,9,2
2017,509999.0,90000.0,Petrol,Individual,Manual,First Owner,5.0,20.14,1197.0,81.86,Hyundai,9,1
2015,245000.0,36710.0,Petrol,Individual,Manual,Second Owner,5.0,22.74,796.0,47.3,Maruti,11,2
2018,400000.0,50000.0,Diesel,Individual,Manual,First Owner,8.0,23.5,909.0,45.0,Mahindra,8,1
2016,620000.0,28180.0,Diesel,Dealer,Manual,First Owner,5.0,23.65,1248.0,88.5,Maruti,10,1
2017,650000.0,44000.0,Diesel,Dealer,Manual,First Owner,5.0,23.65,1248.0,88.5,Maruti,9,1
2019,1700000.0,15000.0,Diesel,Individual,Manual,First Owner,5.0,17.0,1956.0,138.1,Tata,7,1
2019,590000.0,4000.0,Petrol,Individual,Manual,First Owner,7.0,19.72,1198.0,67.0,Datsun,7,1
2014,370000.0,30000.0,Diesel,Individual,Manual,First Owner,5.0,23.2,1248.0,73.94,Maruti,12,1
2013,350000.0,15000.0,Petrol,Individual,Manual,First Owner,5.0,18.6,1197.0,85.8,Maruti,13,1
2017,580000.0,20000.0,Petrol,Individual,Manual,First Owner,5.0,21.4,1197.0,83.1,Maruti,9,1
2018,450000.0,56000.0,Petrol,Individual,Manual,First Owner,5.0,18.9,1197.0,81.86,Hyundai,8,1
2017,600000.0,19000.0,Petrol,Individual,Manual,First Owner,5.0,17.19,1197.0,81.86,Hyundai,9,1
2016,2400000.0,30000.0,Diesel,Individual,Automatic,First Owner,7.0,12.62,2198.0,158.0,Ford,10,1
2017,450000.0,70000.0,Petrol,Individual,Manual,First Owner,5.0,18.6,1197.0,81.83,Hyundai,9,1
2009,150000.0,30000.0,Diesel,Individual,Manual,First Owner,5.0,19.09,1396.0,69.0,Tata,17,1
2019,400000.0,15000.0,Petrol,Individual,Manual,First Owner,5.0,15.37,1196.0,73.0,Maruti,7,1
2013,185000.0,85000.0,Petrol,Individual,Manual,First Owner,5.0,22.74,796.0,47.3,Maruti,13,1
2018,625000.0,50000.0,Petrol,Individual,Automatic,First Owner,5.0,22.0,1197.0,81.8,Maruti,8,1
2019,700000.0,20000.0,Petrol,Individual,Manual,First Owner,5.0,17.19,1197.0,81.86,Hyundai,7,1
2017,390000.0,25000.0,Petrol,Individual,Manual,First Owner,5.0,20.51,998.0,67.04,Maruti,9,1
2018,625000.0,25000.0,Petrol,Individual,Manual,First Owner,5.0,17.0,1198.0,108.5,Tata,8,1
2014,400000.0,50000.0,Petrol,Individual,Manual,First Owner,5.0,19.1,1197.0,85.8,Maruti,12,1
2011,380000.0,150000.0,Diesel,Individual,Manual,Fourth & Above Owner,5.0,23.0,1396.0,90.0,Hyundai,15,4
2009,400000.0,90000.0,Petrol,Individual,Automatic,First Owner,5.0,14.53,1794.0,138.1,Toyota,17,1
2019,620000.0,100000.0,Petrol,Individual,Manual,First Owner,5.0,17.57,1193.0,88.7,Tata,7,1
2008,190000.0,180000.0,Diesel,Individual,Manual,Second Owner,5.0,17.8,1399.0,67.0,Ford,18,2
2013,210000.0,50000.0,Petrol,Individual,Manual,Second Owner,5.0,22.74,796.0,47.3,Maruti,13,2
2012,270000.0,80000.0,Diesel,Individual,Manual,Third Owner,5.0,23.2,1248.0,73.94,Maruti,14,3
1999,45000.0,100000.0,Petrol,Individual,Manual,Third Owner,5.0,17.3,993.0,60.0,Maruti,27,3
2014,220000.0,93000.0,Petrol,Individual,Manual,Second Owner,5.0,21.1,814.0,55.2,Hyundai,12,2
2014,550000.0,11500.0,Diesel,Individual,Manual,First Owner,9.0,15.96,2523.0,63.0,Mahindra,12,1
2013,370000.0,120000.0,Petrol,Individual,Manual,First Owner,5.0,18.5,1197.0,82.85,Hyundai,13,1
2006,95000.0,100000.0,Petrol,Individual,Automatic,Second Owner,5.0,19.3,1248.0,82.0,Hyundai,20,2
2015,650000.0,50000.0,Diesel,Individual,Manual,First Owner,9.0,14.95,2489.0,93.7,Mahindra,11,1
2012,550000.0,120000.0,Petrol,Individual,Manual,First Owner,5.0,16.8,1497.0,116.3,Honda,14,1
2010,225000.0,100000.0,Diesel,Individual,Manual,Second Owner,5.0,17.8,1399.0,68.0,Ford,16,2
2004,40000.0,57000.0,Petrol,Individual,Manual,Second Owner,4.0,16.1,796.0,37.0,Maruti,22,2
2016,280000.0,60000.0,Petrol,Individual,Manual,First Owner,5.0,21.1,814.0,55.2,Hyundai,10,1
2017,570000.0,44077.0,Petrol,Dealer,Automatic,First Owner,5.0,17.01,1499.0,110.5,Ford,9,1
2017,290000.0,90000.0,Petrol,Individual,Manual,Second Owner,5.0,24.7,796.0,47.3,Maruti,9,2
2018,720000.0,50000.0,Diesel,Individual,Manual,Second Owner,5.0,21.19,1396.0,88.73,Hyundai,8,2
2017,800000.0,60000.0,Diesel,Individual,Manual,First Owner,5.0,22.77,1498.0,98.59,Ford,9,1
2012,265000.0,20000.0,Petrol,Individual,Manual,Third Owner,5.0,19.81,1086.0,68.05,Hyundai,14,3
2010,135000.0,90000.0,Petrol,Individual,Manual,Third Owner,5.0,19.7,796.0,46.3,Maruti,16,3
2016,350000.0,70000.0,Diesel,Individual,Manual,Second Owner,5.0,25.83,1498.0,99.0,Ford,10,2
2008,200000.0,80000.0,Petrol,Individual,Manual,Second Owner,5.0,19.3,1248.0,82.0,Maruti,18,2
2016,490000.0,80000.0,Diesel,Individual,Manual,First Owner,8.0,18.2,1248.0,73.74,Chevrolet,10,1
2012,450000.0,72000.0,Diesel,Individual,Manual,Second Owner,5.0,22.32,1582.0,126.32,Hyundai,14,2
2016,950000.0,50000.0,Diesel,Individual,Manual,First Owner,7.0,15.4,1997.0,120.0,Mahindra,10,1
2012,355000.0,90000.0,Petrol,Individual,Manual,Second Owner,5.0,17.5,1298.0,85.8,Maruti,14,2
2019,700000.0,17000.0,Petrol,Individual,Manual,First Owner,5.0,18.6,1197.0,81.86,Hyundai,7,1
2012,459999.0,70000.0,Diesel,Individual,Manual,First Owner,8.0,12.05,2179.0,120.0,Mahindra,14,1
2012,350000.0,74000.0,Diesel,Individual,Manual,Second Owner,5.0,22.07,1199.0,73.9,Volkswagen,14,2
2006,85000.0,60000.0,Petrol,Individual,Manual,Second Owner,5.0,19.7,796.0,46.3,Maruti,20,2
2016,290000.0,15000.0,Petrol,Individual,Manual,First Owner,5.0,22.74,796.0,47.3,Maruti,10,1
2019,1000000.0,72000.0,Diesel,Individual,Manual,First Owner,5.0,25.5,1498.0,98.6,Honda,7,1
2008,85000.0,25000.0,Petrol,Individual,Manual,Second Owner,5.0,16.84,1193.0,64.4,Tata,18,2
2003,65000.0,114000.0,Petrol,Individual,Manual,First Owner,5.0,19.7,796.0,46.3,Maruti,23,1
2005,75000.0,120000.0,Petrol,Individual,Manual,First Owner,5.0,13.0,1493.0,100.0,Honda,21,1
2003,100000.0,225000.0,Diesel,Individual,Manual,Second Owner,5.0,18.7,1896.0,66.0,Skoda,23,2
2009,170000.0,55768.0,Diesel,Individual,Manual,First Owner,5.0,17.0,1405.0,71.0,Tata,17,1
2017,525000.0,40000.0,Petrol,Individual,Automatic,First Owner,5.0,18.9,1197.0,81.86,Hyundai,9,1
2020,265000.0,70000.0,Petrol,Individual,Manual,Second Owner,5.0,21.79,998.0,67.05,Maruti,6,2
2018,459999.0,50000.0,Petrol,Individual,Manual,First Owner,5.0,20.3,1199.0,84.0,Tata,8,1
2017,250000.0,20000.0,Petrol,Individual,Manual,First Owner,5.0,23.95,998.0,67.05,Maruti,9,1
2013,395000.0,70000.0,Diesel,Individual,Manual,Second Owner,5.0,23.4,1248.0,74.0,Maruti,13,2
2014,375000.0,60000.0,Petrol,Individual,Manual,First Owner,5.0,18.9,1197.0,82.0,Hyundai,12,1
2009,120000.0,120000.0,Diesel,Individual,Manual,First Owner,5.0,17.0,1405.0,71.0,Tata,17,1
2011,290000.0,110000.0,Diesel,Individual,Manual,Second Owner,5.0,21.1,1248.0,73.9,Maruti,15,2
2017,409999.0,60000.0,Petrol,Individual,Manual,First Owner,5.0,23.84,1199.0,84.0,Tata,9,1
2009,200000.0,30000.0,Petrol,Individual,Manual,First Owner,5.0,16.5,995.0,63.0,Chevrolet,17,1
2018,900000.0,35000.0,Diesel,Individual,Manual,First Owner,5.0,21.13,1498.0,108.6,Skoda,8,1
2003,50000.0,50000.0,Petrol,Individual,Manual,Third Owner,4.0,16.1,796.0,37.0,Maruti,23,3
2012,450000.0,100000.0,Diesel,Individual,Manual,First Owner,5.0,19.01,1461.0,108.45,Renault,14,1
2012,650000.0,80000.0,Diesel,Individual,Manual,Third Owner,7.0,15.1,2179.0,140.0,Mahindra,14,3
2014,300000.0,84000.0,Diesel,Individual,Manual,Second Owner,5.0,20.14,1498.0,88.5,Volkswagen,12,2
2014,425000.0,60000.0,Diesel,Individual,Manual,First Owner,5.0,25.01,1498.0,89.75,Ford,12,1
1998,55000.0,50000.0,Petrol,Individual,Manual,Second Owner,5.0,17.3,993.0,60.0,Maruti,28,2
2011,200000.0,60000.0,Petrol,Individual,Manual,Second Owner,5.0,20.36,1197.0,78.9,Hyundai,15,2
2015,975000.0,100000.0,Diesel,Individual,Manual,First Owner,7.0,16.0,2179.0,140.0,Mahindra,11,1
2013,450000.0,70000.0,Diesel,Individual,Manual,First Owner,7.0,15.96,2523.0,62.1,Mahindra,13,1
2014,600000.0,82500.0,Diesel,Individual,Manual,Second Owner,7.0,15.96,2523.0,62.1,Mahindra,12,2
2014,550000.0,76000.0,Diesel,Individual,Manual,First Owner,9.0,15.96,2523.0,62.1,Mahindra,12,1
2011,180000.0,87000.0,Diesel,Individual,Manual,First Owner,5.0,18.0,1248.0,75.0,Tata,15,1
2010,300000.0,120000.0,Diesel,Individual,Manual,First Owner,7.0,14.0,2498.0,112.0,Mahindra,16,1
2016,350000.0,70000.0,Petrol,Individual,Manual,Second Owner,5.0,17.57,1193.0,88.7,Tata,10,2
2014,465000.0,90000.0,Diesel,Individual,Manual,First Owner,5.0,23.4,1248.0,74.0,Maruti,12,1
2010,200000.0,188000.0,Diesel,Individual,Manual,Second Owner,5.0,21.12,1248.0,88.8,Tata,16,2
2014,350000.0,120000.0,Diesel,Individual,Manual,Second Owner,8.0,18.2,1248.0,73.8,Chevrolet,12,2
2015,650000.0,80000.0,Petrol,Individual,Manual,First Owner,5.0,17.4,1497.0,117.3,Honda,11,1
2010,150000.0,123278.0,Petrol,Individual,Manual,Second Owner,5.0,20.36,1197.0,78.9,Hyundai,16,2
2014,560000.0,100000.0,Diesel,Individual,Manual,Second Owner,5.0,26.0,1498.0,98.6,Honda,12,2
2015,625000.0,90000.0,Diesel,Individual,Manual,First Owner,5.0,21.19,1396.0,88.73,Hyundai,11,1
2012,220000.0,110000.0,Diesel,Individual,Manual,First Owner,5.0,20.0,1399.0,68.0,Ford,14,1
2013,250000.0,110000.0,Diesel,Individual,Manual,First Owner,5.0,20.0,1399.0,68.1,Ford,13,1
2018,575000.0,70000.0,Diesel,Individual,Manual,First Owner,5.0,20.65,1248.0,88.7,Tata,8,1
2015,1050000.0,65000.0,Diesel,Individual,Manual,First Owner,7.0,15.1,2179.0,140.0,Mahindra,11,1
2015,3000000.0,70000.0,Diesel,Individual,Automatic,Second Owner,5.0,16.36,2179.0,187.7,Jaguar,11,2
2012,200000.0,90000.0,Diesel,Individual,Manual,Third Owner,7.0,11.57,2179.0,138.1,Tata,14,3
2016,262000.0,50000.0,Petrol,Individual,Manual,First Owner,5.0,22.74,796.0,47.3,Maruti,10,1
2018,299000.0,33000.0,Petrol,Individual,Manual,First Owner,5.0,21.1,814.0,55.2,Hyundai,8,1
2015,250000.0,26500.0,Petrol,Individual,Manual,First Owner,5.0,22.74,796.0,47.3,Maruti,11,1
2011,140000.0,60000.0,Petrol,Individual,Manual,Fourth & Above Owner,5.0,17.92,1086.0,62.1,Hyundai,15,4
2013,360000.0,70000.0,Diesel,Individual,Manual,Third Owner,5.0,23.4,1248.0,74.0,Maruti,13,3
2015,210000.0,80000.0,Petrol,Individual,Manual,First Owner,5.0,20.63,1198.0,67.06,Datsun,11,1
2017,600000.0,60000.0,Diesel,Individual,Manual,First Owner,5.0,22.54,1396.0,88.73,Hyundai,9,1
2011,210000.0,100000.0,Diesel,Individual,Manual,First Owner,5.0,19.5,1199.0,75.0,Skoda,15,1
2011,300000.0,80000.0,Diesel,Individual,Manual,Second Owner,5.0,20.54,1598.0,103.6,Volkswagen,15,2
2016,450000.0,35000.0,Petrol,Individual,Manual,First Owner,5.0,18.9,1197.0,82.0,Hyundai,10,1
2018,3200000.0,35000.0,Diesel,Individual,Automatic,First Owner,7.0,10.91,3198.0,197.0,Ford,8,1
2019,550000.0,10000.0,Petrol,Individual,Manual,First Owner,5.0,18.9,1197.0,81.86,Hyundai,7,1
2011,100000.0,80000.0,Diesel,Individual,Manual,First Owner,5.0,18.0,1248.0,75.0,Tata,15,1
2012,185000.0,50000.0,Petrol,Individual,Manual,Second Owner,5.0,21.1,814.0,55.2,Hyundai,14,2
2006,80000.0,90000.0,Petrol,Individual,Manual,Second Owner,5.0,17.3,1061.0,64.0,Maruti,20,2
2017,295000.0,80000.0,Petrol,Individual,Manual,First Owner,5.0,24.7,796.0,47.3,Maruti,9,1
2017,360000.0,25000.0,Petrol,Individual,Manual,First Owner,5.0,23.01,999.0,67.0,Renault,9,1
2014,210000.0,70000.0,Petrol,Individual,Manual,First Owner,5.0,20.92,998.0,67.1,Maruti,12,1
2019,585000.0,80000.0,Petrol,Individual,Automatic,First Owner,5.0,17.4,1197.0,81.86,Hyundai,7,1
2016,560000.0,50000.0,Diesel,Individual,Manual,First Owner,5.0,20.14,1498.0,88.7,Volkswagen,10,1
2015,600000.0,70000.0,Diesel,Individual,Manual,First Owner,5.0,26.0,1498.0,98.6,Honda,11,1
2017,330000.0,60000.0,Petrol,Individual,Manual,First Owner,5.0,20.63,1198.0,67.0,Datsun,9,1
2019,990000.0,15000.0,Petrol,Individual,Manual,First Owner,5.0,17.0,1591.0,121.3,Hyundai,7,1
2012,300000.0,90000.0,Diesel,Individual,Manual,First Owner,5.0,23.59,1364.0,67.1,Toyota,14,1
2018,650000.0,28000.0,Petrol,Individual,Manual,First Owner,5.0,17.0,1198.0,108.5,Tata,8,1
2019,695000.0,20000.0,Petrol,Individual,Automatic,First Owner,5.0,17.4,1197.0,81.86,Hyundai,7,1
2014,300000.0,60000.0,Diesel,Individual,Manual,First Owner,5.0,24.0,1120.0,70.0,Hyundai,12,1
2015,270000.0,22000.0,Petrol,Individual,Manual,First Owner,5.0,22.74,796.0,47.3,Maruti,11,1
2010,185000.0,70000.0,Diesel,Individual,Manual,Second Owner,7.0,11.57,2179.0,138.1,Tata,16,2
2013,200000.0,80000.0,Diesel,Individual,Manual,First Owner,5.0,22.1,1248.0,76.9,Chevrolet,13,1
2019,459999.0,35000.0,CNG,Individual,Manual,First Owner,5.0,26.6,998.0,58.16,Maruti,7,1
2018,860000.0,60000.0,Diesel,Individual,Manual,First Owner,5.0,21.5,1497.0,108.5,Tata,8,1
2018,400000.0,20000.0,Petrol,Individual,Manual,First Owner,5.0,23.84,1199.0,84.0,Tata,8,1
2013,240000.0,142000.0,Diesel,Individual,Manual,Second Owner,5.0,23.2,1248.0,73.94,Maruti,13,2
2015,570000.0,72000.0,Diesel,Individual,Manual,First Owner,5.0,26.59,1248.0,74.0,Maruti,11,1
2018,850000.0,90000.0,Diesel,Individual,Manual,First Owner,5.0,23.0,1498.0,98.96,Ford,8,1
2011,155000.0,80000.0,Diesel,Individual,Manual,Third Owner,5.0,20.0,1399.0,68.0,Ford,15,3
2011,270000.0,125000.0,Diesel,Individual,Manual,First Owner,5.0,23.0,1396.0,90.0,Hyundai,15,1
2015,610000.0,33000.0,Petrol,Individual,Manual,First Owner,5.0,20.73,1373.0,91.1,Maruti,11,1
2015,1000000.0,50000.0,Diesel,Individual,Manual,First Owner,5.0,19.67,1582.0,126.2,Hyundai,11,1
2012,450000.0,120000.0,Diesel,Individual,Manual,Second Owner,9.0,12.05,2179.0,120.0,Mahindra,14,2
2018,500000.0,35000.0,Diesel,Individual,Manual,First Owner,5.0,25.4,1186.0,73.97,Hyundai,8,1
2018,700000.0,43000.0,Diesel,Individual,Manual,First Owner,5.0,27.4,1498.0,98.63,Honda,8,1
2007,135000.0,60000.0,Petrol,Individual,Manual,First Owner,5.0,19.7,796.0,46.3,Maruti,19,1
2012,430000.0,148000.0,Diesel,Individual,Manual,Second Owner,9.0,12.05,2179.0,120.0,Mahindra,14,2
2014,625000.0,70000.0,Diesel,Individual,Manual,Second Owner,5.0,22.32,1582.0,126.32,Hyundai,12,2
2011,280000.0,96000.0,Petrol,Individual,Manual,First Owner,5.0,16.95,1498.0,97.7,Nissan,15,1
2015,800000.0,70000.0,Diesel,Individual,Manual,First Owner,7.0,15.4,1997.0,120.0,Mahindra,11,1
2012,220000.0,70000.0,Diesel,Individual,Manual,Second Owner,5.0,23.2,1248.0,73.94,Maruti,14,2
2017,620000.0,18484.0,Petrol,Individual,Manual,First Owner,5.0,20.89,1197.0,81.8,Maruti,9,1
2011,300000.0,70000.0,Diesel,Individual,Manual,First Owner,7.0,13.93,2179.0,138.03,Tata,15,1
2010,180000.0,25000.0,Petrol,Individual,Manual,Second Owner,5.0,19.7,796.0,46.3,Maruti,16,2
2013,250000.0,120000.0,Diesel,Individual,Manual,Third Owner,5.0,22.07,1199.0,73.9,Volkswagen,13,3
2017,480000.0,55000.0,Petrol,Individual,Manual,First Owner,5.0,20.85,1197.0,83.14,Maruti,9,1
2019,885000.0,10000.0,Petrol,Individual,Manual,Second Owner,5.0,17.0,1497.0,121.31,Ford,7,2
2020,550000.0,60000.0,Diesel,Individual,Manual,First Owner,6.0,25.32,1198.0,77.0,Mahindra,6,1
2018,800000.0,30000.0,Diesel,Individual,Manual,First Owner,5.0,28.4,1248.0,74.02,Maruti,8,1
2013,180000.0,65000.0,Petrol,Individual,Manual,First Owner,5.0,17.92,1086.0,62.1,Hyundai,13,1
2010,200000.0,27000.0,Petrol,Individual,Manual,First Owner,5.0,19.3,1248.0,82.0,Maruti,16,1
2012,380000.0,50000.0,Diesel,Individual,Manual,Second Owner,5.0,21.9,1396.0,88.76,Hyundai,14,2
2019,520000.0,2560.0,Petrol,Individual,Automatic,First Owner,5.0,24.0,1199.0,83.81,Tata,7,1
2004,90000.0,60000.0,Petrol,Individual,Manual,First Owner,5.0,19.7,796.0,46.3,Maruti,22,1
2016,330000.0,80000.0,Petrol,Individual,Manual,Second Owner,5.0,20.51,998.0,67.04,Maruti,10,2
1999,40000.0,50000.0,Petrol,Individual,Manual,Second Owner,4.0,16.1,796.0,37.0,Maruti,27,2
2015,370000.0,120000.0,Diesel,Individual,Manual,First Owner,8.0,18.2,1248.0,73.8,Chevrolet,11,1
2009,290000.0,120000.0,Petrol,Individual,Manual,Second Owner,5.0,16.8,1497.0,116.3,Honda,17,2
2013,215000.0,47000.0,Petrol,Individual,Manual,Second Owner,5.0,21.1,814.0,55.2,Hyundai,13,2
2017,1282000.0,45000.0,Diesel,Individual,Manual,First Owner,7.0,17.6,2179.0,153.86,Tata,9,1
2012,610000.0,90000.0,Diesel,Individual,Manual,First Owner,8.0,12.8,2494.0,102.0,Toyota,14,1
2013,380000.0,110000.0,Diesel,Individual,Manual,Second Owner,5.0,21.27,1396.0,88.76,Hyundai,13,2
2017,1250000.0,95000.0,Diesel,Individual,Manual,First Owner,7.0,15.4,1997.0,120.0,Mahindra,9,1
2012,400000.0,103655.0,Diesel,Individual,Manual,Second Owner,5.0,22.32,1582.0,126.3,Hyundai,14,2
2018,700000.0,25000.0,Petrol,Individual,Automatic,Second Owner,5.0,17.4,1197.0,81.86,Hyundai,8,2
2014,650000.0,80000.0,Diesel,Individual,Manual,First Owner,5.0,19.01,1461.0,108.45,Renault,12,1
2014,95000.0,50000.0,Petrol,Individual,Manual,Second Owner,4.0,25.4,624.0,37.5,Tata,12,2
2015,1147000.0,56975.0,Diesel,Individual,Manual,First Owner,7.0,16.0,2179.0,140.0,Mahindra,11,1
2010,150000.0,110000.0,Petrol,Individual,Manual,First Owner,5.0,0.0,1086.0,62.0,Hyundai,16,1
2008,120000.0,80000.0,Petrol,Individual,Manual,Third Owner,5.0,19.7,796.0,46.3,Maruti,18,3
2003,130000.0,74770.0,CNG,Individual,Manual,Third Owner,5.0,19.3,1248.0,82.0,Hyundai,23,3
2010,180000.0,187000.0,Diesel,Dealer,Manual,Second Owner,5.0,17.8,1399.0,68.0,Ford,16,2
2013,325000.0,69000.0,Diesel,Dealer,Manual,First Owner,5.0,18.6,1388.0,67.0,Ford,13,1
2015,550000.0,206000.0,Diesel,Dealer,Manual,First Owner,5.0,22.77,1498.0,98.59,Ford,11,1
2018,950000.0,27000.0,Diesel,Dealer,Manual,First Owner,5.0,22.77,1498.0,98.59,Ford,8,1
2014,500000.0,132000.0,Diesel,Dealer,Manual,Second Owner,5.0,22.7,1498.0,89.84,Ford,12,2
2017,725000.0,75000.0,Diesel,Dealer,Manual,First Owner,5.0,26.1,1498.0,99.23,Ford,9,1
2015,500000.0,18000.0,Petrol,Dealer,Manual,Second Owner,5.0,18.5,1194.0,94.93,Ford,11,2
2011,180000.0,218000.0,Diesel,Individual,Manual,First Owner,5.0,21.0,1461.0,64.1,Mahindra,15,1
2016,650000.0,10000.0,Diesel,Individual,Manual,First Owner,5.0,22.54,1396.0,88.73,Hyundai,10,1
2010,285000.0,80000.0,Diesel,Individual,Manual,First Owner,5.0,17.8,1248.0,75.0,Maruti,16,1
2011,210000.0,215000.0,Diesel,Individual,Manual,First Owner,5.0,21.0,1461.0,64.1,Mahindra,15,1
2012,200000.0,137000.0,Diesel,Individual,Manual,First Owner,5.0,17.8,1399.0,67.0,Ford,14,1
2011,295000.0,65000.0,Diesel,Individual,Manual,Second Owner,5.0,20.54,1598.0,103.6,Volkswagen,15,2
2007,160000.0,120000.0,Petrol,Individual,Manual,Third Owner,5.0,17.7,1497.0,78.0,Honda,19,3
2017,450000.0,10000.0,Petrol,Individual,Automatic,First Owner,5.0,23.1,998.0,67.04,Maruti,9,1
2016,385000.0,20000.0,Petrol,Individual,Manual,First Owner,7.0,20.62,1198.0,67.0,Datsun,10,1
2011,350000.0,93500.0,Diesel,Individual,Manual,Second Owner,5.0,18.6,1388.0,67.0,Ford,15,2
2017,2711000.0,9000.0,Diesel,Dealer,Automatic,First Owner,5.0,13.6,1999.0,177.0,Jaguar,9,1
2019,5150000.0,20000.0,Petrol,Dealer,Automatic,First Owner,5.0,22.37,2487.0,214.56,Lexus,7,1
2017,3200000.0,45000.0,Diesel,Dealer,Automatic,First Owner,5.0,19.33,1999.0,177.0,Jaguar,9,1
2015,503000.0,110000.0,Diesel,Individual,Manual,First Owner,7.0,14.1,2179.0,147.94,Tata,11,1
2019,3800000.0,20000.0,Diesel,Individual,Automatic,First Owner,5.0,18.0,1969.0,190.0,Volvo,7,1
2016,2000000.0,68089.0,Petrol,Trustmark Dealer,Automatic,First Owner,5.0,19.16,2494.0,157.7,Toyota,10,1
2013,225000.0,58343.0,Petrol,Trustmark Dealer,Manual,First Owner,5.0,21.79,998.0,67.05,Maruti,13,1
2018,740000.0,38817.0,Diesel,Dealer,Manual,First Owner,5.0,27.39,1248.0,74.0,Maruti,8,1
2016,550000.0,56494.0,Petrol,Trustmark Dealer,Manual,First Owner,5.0,18.2,1199.0,88.7,Honda,10,1
2013,750000.0,79328.0,Diesel,Trustmark Dealer,Manual,Second Owner,7.0,12.99,2494.0,100.6,Toyota,13,2
2019,650000.0,5621.0,Petrol,Trustmark Dealer,Automatic,First Owner,5.0,22.0,1197.0,81.8,Maruti,7,1
2017,625000.0,25538.0,Petrol,Trustmark Dealer,Manual,First Owner,5.0,16.78,1496.0,88.73,Toyota,9,1
2018,600000.0,69779.0,Petrol,Dealer,Automatic,First Owner,5.0,22.0,1197.0,81.8,Maruti,8,1
2017,450000.0,56290.0,Diesel,Dealer,Manual,First Owner,5.0,24.0,1186.0,73.97,Hyundai,9,1
2019,5200000.0,7500.0,Diesel,Dealer,Automatic,First Owner,5.0,16.78,1995.0,190.0,Bmw,7,1
2019,5200000.0,8500.0,Diesel,Dealer,Automatic,First Owner,5.0,16.78,1995.0,190.0,Bmw,7,1
2019,779000.0,7032.0,Petrol,Trustmark Dealer,Automatic,First Owner,5.0,19.0,1199.0,88.76,Honda,7,1
2016,645000.0,11000.0,Petrol,Dealer,Automatic,First Owner,5.0,14.3,1598.0,103.5,Skoda,10,1
2018,2475000.0,2000.0,Diesel,Dealer,Automatic,First Owner,5.0,16.8,1984.0,150.0,Volvo,8,1
2017,2711000.0,9000.0,Diesel,Dealer,Automatic,First Owner,5.0,13.6,1999.0,177.0,Jaguar,9,1
2019,5150000.0,20000.0,Petrol,Dealer,Automatic,First Owner,5.0,22.37,2487.0,214.56,Lexus,7,1
2017,3200000.0,45000.0,Diesel,Dealer,Automatic,First Owner,5.0,19.33,1999.0,177.0,Jaguar,9,1
2015,503000.0,110000.0,Diesel,Individual,Manual,First Owner,7.0,14.1,2179.0,147.94,Tata,11,1
2019,3800000.0,20000.0,Diesel,Individual,Automatic,First Owner,5.0,18.0,1969.0,190.0,Volvo,7,1
2016,2000000.0,68089.0,Petrol,Trustmark Dealer,Automatic,First Owner,5.0,19.16,2494.0,157.7,Toyota,10,1
2013,225000.0,58343.0,Petrol,Trustmark Dealer,Manual,First Owner,5.0,21.79,998.0,67.05,Maruti,13,1
2018,740000.0,38817.0,Diesel,Dealer,Manual,First Owner,5.0,27.39,1248.0,74.0,Maruti,8,1
2016,550000.0,56494.0,Petrol,Trustmark Dealer,Manual,First Owner,5.0,18.2,1199.0,88.7,Honda,10,1
2013,750000.0,79328.0,Diesel,Trustmark Dealer,Manual,Second Owner,7.0,12.99,2494.0,100.6,Toyota,13,2
2019,650000.0,5621.0,Petrol,Trustmark Dealer,Automatic,First Owner,5.0,22.0,1197.0,81.8,Maruti,7,1
2017,625000.0,25538.0,Petrol,Trustmark Dealer,Manual,First Owner,5.0,16.78,1496.0,88.73,Toyota,9,1
2018,600000.0,69779.0,Petrol,Dealer,Automatic,First Owner,5.0,22.0,1197.0,81.8,Maruti,8,1
2017,450000.0,56290.0,Diesel,Dealer,Manual,First Owner,5.0,24.0,1186.0,73.97,Hyundai,9,1
2019,5200000.0,7500.0,Diesel,Dealer,Automatic,First Owner,5.0,16.78,1995.0,190.0,Bmw,7,1
2019,5200000.0,8500.0,Diesel,Dealer,Automatic,First Owner,5.0,16.78,1995.0,190.0,Bmw,7,1
2019,779000.0,7032.0,Petrol,Trustmark Dealer,Automatic,First Owner,5.0,19.0,1199.0,88.76,Honda,7,1
2016,645000.0,11000.0,Petrol,Dealer,Automatic,First Owner,5.0,14.3,1598.0,103.5,Skoda,10,1
2018,2475000.0,2000.0,Diesel,Dealer,Automatic,First Owner,5.0,16.8,1984.0,150.0,Volvo,8,1
2019,558000.0,70000.0,Diesel,Individual,Manual,First Owner,5.0,28.4,1248.0,74.02,Maruti,7,1
2010,165000.0,56000.0,Petrol,Individual,Manual,Third Owner,5.0,17.92,1086.0,62.1,Hyundai,16,3
2012,300000.0,80000.0,Diesel,Individual,Manual,Second Owner,5.0,21.9,1396.0,88.76,Hyundai,14,2
2019,500000.0,5000.0,Petrol,Individual,Manual,First Owner,5.0,20.3,1086.0,68.0,Hyundai,7,1
2012,900000.0,100000.0,Diesel,Individual,Manual,First Owner,7.0,15.1,2179.0,140.0,Mahindra,14,1
2008,830000.0,60000.0,Diesel,Individual,Automatic,Third Owner,5.0,11.0,2993.0,235.0,Bmw,18,3
2008,890000.0,70000.0,Diesel,Individual,Automatic,Third Owner,5.0,19.3,1248.0,82.0,Bmw,18,3
2014,640000.0,65000.0,Diesel,Individual,Manual,Second Owner,5.0,21.14,1498.0,103.52,Skoda,12,2
2015,900000.0,70000.0,Diesel,Individual,Manual,Third Owner,7.0,15.4,2179.0,120.0,Mahindra,11,3
2013,450000.0,60000.0,Diesel,Individual,Manual,First Owner,7.0,18.2,1248.0,73.8,Chevrolet,13,1
2018,825000.0,82000.0,Diesel,Individual,Manual,First Owner,5.0,28.09,1248.0,88.5,Maruti,8,1
2013,500000.0,80000.0,Diesel,Individual,Manual,Second Owner,7.0,13.7,2179.0,138.1,Tata,13,2
2017,325000.0,5000.0,Petrol,Individual,Manual,Second Owner,6.0,18.15,1198.0,82.0,Mahindra,9,2
2014,450000.0,133000.0,Diesel,Individual,Manual,First Owner,5.0,19.01,1461.0,108.45,Renault,12,1
2017,675000.0,25000.0,Petrol,Individual,Manual,Second Owner,5.0,17.5,1199.0,88.7,Honda,9,2
2017,415000.0,15000.0,Petrol,Individual,Manual,First Owner,5.0,17.57,1193.0,88.7,Tata,9,1
2017,1100000.0,40000.0,Diesel,Individual,Manual,First Owner,5.0,21.38,1396.0,88.7,Hyundai,9,1
2016,500000.0,35000.0,Petrol,Individual,Manual,First Owner,5.0,17.0,1198.0,73.75,Volkswagen,10,1
2014,509999.0,70000.0,Diesel,Individual,Manual,Second Owner,7.0,15.96,2523.0,62.1,Mahindra,12,2
2007,200000.0,152000.0,Diesel,Individual,Manual,Fourth & Above Owner,9.0,10.5,2609.0,120.0,Mahindra,19,4
2007,60000.0,100000.0,Petrol,Individual,Manual,Second Owner,4.0,16.1,796.0,37.0,Maruti,19,2
2013,500000.0,80000.0,Diesel,Individual,Manual,Second Owner,5.0,22.32,1582.0,126.3,Hyundai,13,2
2009,45000.0,100000.0,Diesel,Individual,Manual,Second Owner,5.0,17.2,1396.0,53.5,Tata,17,2
2017,270000.0,50000.0,Petrol,Individual,Manual,First Owner,5.0,25.17,799.0,53.3,Renault,9,1
2017,550000.0,40000.0,Petrol,Individual,Manual,First Owner,5.0,17.19,1197.0,81.86,Hyundai,9,1
2016,235000.0,60000.0,Petrol,Individual,Manual,First Owner,5.0,23.01,999.0,67.0,Renault,10,1
2018,600000.0,40000.0,Petrol,Individual,Manual,First Owner,5.0,18.6,1197.0,81.83,Hyundai,8,1
2015,525000.0,60000.0,Diesel,Individual,Manual,First Owner,5.0,27.3,1498.0,98.6,Honda,11,1
2012,325000.0,90000.0,Diesel,Individual,Manual,First Owner,5.0,22.9,1248.0,74.0,Maruti,14,1
2014,420000.0,90000.0,Diesel,Individual,Manual,First Owner,5.0,23.4,1248.0,74.0,Maruti,12,1
2014,229999.0,60000.0,Petrol,Individual,Manual,Second Owner,5.0,20.92,998.0,67.1,Maruti,12,2
2013,375000.0,80000.0,Diesel,Individual,Manual,Fourth & Above Owner,5.0,23.4,1248.0,74.0,Maruti,13,4
2012,750000.0,120000.0,Diesel,Individual,Manual,First Owner,8.0,12.05,2179.0,120.0,Mahindra,14,1
2018,400000.0,40000.0,Petrol,Individual,Manual,First Owner,5.0,23.84,1199.0,84.0,Tata,8,1
2013,600000.0,91000.0,Diesel,Individual,Manual,First Owner,7.0,15.1,2179.0,140.0,Mahindra,13,1
2008,110000.0,80000.0,Petrol,Individual,Manual,Third Owner,5.0,17.8,1086.0,63.0,Hyundai,18,3
2007,45000.0,73257.0,Petrol,Individual,Manual,First Owner,4.0,16.1,796.0,37.0,Maruti,19,1
2019,722000.0,80000.0,Diesel,Individual,Manual,First Owner,2.0,0.0,2523.0,70.0,Mahindra,7,1
2020,500000.0,15000.0,Petrol,Individual,Manual,First Owner,5.0,23.84,1199.0,83.83,Tata,6,1
2007,250000.0,110000.0,Diesel,Individual,Manual,Second Owner,5.0,18.1,1493.0,110.0,Hyundai,19,2
2018,950000.0,40000.0,Diesel,Individual,Manual,First Owner,5.0,21.13,1498.0,108.6,Skoda,8,1
2013,375000.0,212000.0,Diesel,Individual,Manual,First Owner,5.0,21.64,1461.0,84.8,Nissan,13,1
2018,780000.0,30000.0,Diesel,Individual,Manual,First Owner,5.0,28.4,1248.0,74.02,Maruti,8,1
2018,575000.0,30000.0,Petrol,Individual,Manual,First Owner,5.0,20.3,1086.0,68.0,Hyundai,8,1
2017,563000.0,30000.0,Petrol,Individual,Manual,Second Owner,5.0,18.6,1197.0,81.83,Hyundai,9,2
2017,450000.0,15000.0,Petrol,Individual,Manual,First Owner,5.0,23.84,1199.0,84.0,Tata,9,1
2020,2300000.0,1000.0,Diesel,Individual,Automatic,First Owner,7.0,13.68,2393.0,147.51,Toyota,6,1
1999,80000.0,26320.0,Petrol,Individual,Manual,First Owner,4.0,16.1,796.0,37.0,Maruti,27,1
2010,320000.0,135000.0,Diesel,Individual,Manual,Second Owner,5.0,23.0,1396.0,90.0,Hyundai,16,2
2008,375000.0,100000.0,Petrol,Individual,Manual,Third Owner,5.0,13.5,1799.0,130.0,Honda,18,3
2017,400000.0,120000.0,Petrol,Individual,Manual,First Owner,5.0,15.37,1196.0,73.0,Maruti,9,1
2011,600000.0,225000.0,Diesel,Individual,Manual,First Owner,7.0,14.0,2498.0,112.0,Mahindra,15,1
2016,315000.0,60000.0,Petrol,Individual,Manual,Second Owner,5.0,23.01,999.0,67.0,Renault,10,2
2012,1100000.0,80000.0,Diesel,Individual,Automatic,Second Owner,5.0,16.07,1995.0,181.0,Bmw,14,2
2010,350000.0,190000.0,Diesel,Individual,Manual,Second Owner,5.0,19.3,1248.0,73.9,Maruti,16,2
2016,375000.0,120000.0,Petrol,Individual,Manual,First Owner,5.0,15.37,1196.0,73.0,Maruti,10,1
2013,1050000.0,217000.0,Diesel,Individual,Manual,Second Owner,8.0,12.99,2494.0,100.6,Toyota,13,2
2005,130000.0,90000.0,Diesel,Individual,Manual,Third Owner,5.0,19.3,1248.0,82.0,Ford,21,3
2015,350000.0,29000.0,Petrol,Individual,Manual,First Owner,5.0,23.1,998.0,67.04,Maruti,11,1
2011,170000.0,120000.0,CNG,Individual,Manual,Fourth & Above Owner,5.0,19.3,1248.0,82.0,Hyundai,15,4
2010,120000.0,120000.0,Petrol,Individual,Manual,Third Owner,5.0,18.9,1061.0,67.0,Maruti,16,3
2015,819999.0,90000.0,Diesel,Individual,Manual,First Owner,7.0,16.0,2179.0,140.0,Mahindra,11,1
2018,700000.0,30000.0,Petrol,Individual,Manual,First Owner,5.0,18.6,1197.0,81.83,Hyundai,8,1
2018,451999.0,30000.0,Petrol,Individual,Automatic,Second Owner,5.0,23.1,998.0,67.04,Maruti,8,2
2016,500000.0,56000.0,Petrol,Individual,Manual,Third Owner,5.0,18.9,1197.0,82.0,Hyundai,10,3
2015,1250000.0,90000.0,Diesel,Individual,Manual,First Owner,8.0,12.99,2494.0,100.6,Toyota,11,1
2015,500000.0,120000.0,Diesel,Individual,Manual,First Owner,7.0,18.49,1493.0,100.0,Mahindra,11,1
2015,490000.0,60000.0,Diesel,Individual,Manual,First Owner,5.0,25.2,1248.0,74.0,Maruti,11,1
2008,200000.0,147000.0,Diesel,Individual,Manual,Second Owner,5.0,19.3,1248.0,73.9,Maruti,18,2
2012,240000.0,35000.0,Petrol,Individual,Manual,First Owner,5.0,18.9,998.0,67.1,Maruti,14,1
2018,655000.0,19500.0,Petrol,Individual,Manual,First Owner,5.0,18.6,1197.0,81.83,Hyundai,8,1
2018,620000.0,38426.0,Petrol,Individual,Manual,First Owner,5.0,17.19,1197.0,81.86,Hyundai,8,1
2015,450000.0,35000.0,Petrol,Individual,Manual,Second Owner,5.0,20.4,1197.0,83.11,Maruti,11,2
2014,310000.0,35000.0,Petrol,Individual,Manual,Second Owner,5.0,20.51,998.0,67.04,Maruti,12,2
2007,150000.0,50000.0,Petrol,Individual,Manual,Third Owner,5.0,19.7,796.0,46.3,Maruti,19,3
2012,180000.0,120000.0,Diesel,Individual,Manual,First Owner,5.0,25.44,936.0,57.6,Chevrolet,14,1
2011,150000.0,120000.0,Diesel,Individual,Manual,First Owner,5.0,19.4,1405.0,70.0,Tata,15,1
2011,160000.0,112000.0,Diesel,Individual,Manual,Second Owner,5.0,20.0,1399.0,68.0,Ford,15,2
2013,600000.0,70000.0,Diesel,Individual,Manual,Third Owner,8.0,14.0,2523.0,75.0,Mahindra,13,3
2012,380000.0,145000.0,Diesel,Individual,Manual,First Owner,5.0,20.5,1598.0,103.5,Skoda,14,1
2007,120000.0,135000.0,Diesel,Individual,Manual,First Owner,5.0,17.0,1405.0,70.0,Tata,19,1
2011,350000.0,225000.0,Diesel,Individual,Manual,Second Owner,7.0,12.99,2494.0,100.57,Toyota,15,2
2012,135000.0,146000.0,Diesel,Individual,Manual,First Owner,5.0,19.61,1405.0,70.0,Tata,14,1
2018,610000.0,10000.0,Petrol,Individual,Manual,First Owner,5.0,18.9,1197.0,81.86,Hyundai,8,1
2020,260000.0,50000.0,Diesel,Individual,Manual,First Owner,5.0,20.14,1498.0,88.5,Volkswagen,6,1
2017,500000.0,25000.0,Petrol,Individual,Manual,First Owner,5.0,20.14,1197.0,81.86,Hyundai,9,1
2016,220000.0,20000.0,Petrol,Individual,Manual,First Owner,5.0,23.01,999.0,67.0,Renault,10,1
2006,121000.0,70000.0,Petrol,Individual,Manual,Second Owner,5.0,13.5,1799.0,130.0,Honda,20,2
2017,350000.0,50000.0,Diesel,Individual,Manual,First Owner,5.0,25.0,1396.0,69.01,Tata,9,1
2018,2200000.0,25000.0,Diesel,Individual,Automatic,Second Owner,5.0,15.17,1968.0,181.0,Audi,8,2
2011,280000.0,100000.0,Diesel,Individual,Manual,Second Owner,5.0,23.0,1396.0,90.0,Hyundai,15,2
2020,919999.0,20000.0,Petrol,Individual,Manual,First Owner,5.0,17.0,1198.0,108.5,Tata,6,1
2011,320000.0,155000.0,Diesel,Individual,Manual,First Owner,5.0,23.0,1396.0,90.0,Hyundai,15,1
2012,140000.0,70000.0,Diesel,Individual,Manual,Fourth & Above Owner,5.0,20.0,1399.0,68.0,Ford,14,4
2012,310000.0,25000.0,Diesel,Individual,Manual,Second Owner,5.0,21.5,1248.0,88.8,Maruti,14,2
2006,65000.0,120000.0,Petrol,Individual,Manual,Second Owner,4.0,16.1,796.0,37.0,Maruti,20,2
2013,300000.0,90000.0,Diesel,Individual,Manual,First Owner,7.0,18.2,1248.0,73.8,Chevrolet,13,1
2017,2711000.0,9000.0,Diesel,Dealer,Automatic,First Owner,5.0,13.6,1999.0,177.0,Jaguar,9,1
2019,5150000.0,20000.0,Petrol,Dealer,Automatic,First Owner,5.0,22.37,2487.0,214.56,Lexus,7,1
2017,3200000.0,45000.0,Diesel,Dealer,Automatic,First Owner,5.0,19.33,1999.0,177.0,Jaguar,9,1
2015,503000.0,110000.0,Diesel,Individual,Manual,First Owner,7.0,14.1,2179.0,147.94,Tata,11,1
2019,3800000.0,20000.0,Diesel,Individual,Automatic,First Owner,5.0,18.0,1969.0,190.0,Volvo,7,1
2016,2000000.0,68089.0,Petrol,Trustmark Dealer,Automatic,First Owner,5.0,19.16,2494.0,157.7,Toyota,10,1
2013,225000.0,58343.0,Petrol,Trustmark Dealer,Manual,First Owner,5.0,21.79,998.0,67.05,Maruti,13,1
2018,740000.0,38817.0,Diesel,Dealer,Manual,First Owner,5.0,27.39,1248.0,74.0,Maruti,8,1
2016,550000.0,56494.0,Petrol,Trustmark Dealer,Manual,First Owner,5.0,18.2,1199.0,88.7,Honda,10,1
2013,750000.0,79328.0,Diesel,Trustmark Dealer,Manual,Second Owner,7.0,12.99,2494.0,100.6,Toyota,13,2
2019,650000.0,5621.0,Petrol,Trustmark Dealer,Automatic,First Owner,5.0,22.0,1197.0,81.8,Maruti,7,1
2017,625000.0,25538.0,Petrol,Trustmark Dealer,Manual,First Owner,5.0,16.78,1496.0,88.73,Toyota,9,1
2018,600000.0,69779.0,Petrol,Dealer,Automatic,First Owner,5.0,22.0,1197.0,81.8,Maruti,8,1
2017,450000.0,56290.0,Diesel,Dealer,Manual,First Owner,5.0,24.0,1186.0,73.97,Hyundai,9,1
2019,5200000.0,7500.0,Diesel,Dealer,Automatic,First Owner,5.0,16.78,1995.0,190.0,Bmw,7,1
2019,5200000.0,8500.0,Diesel,Dealer,Automatic,First Owner,5.0,16.78,1995.0,190.0,Bmw,7,1
2019,779000.0,7032.0,Petrol,Trustmark Dealer,Automatic,First Owner,5.0,19.0,1199.0,88.76,Honda,7,1
2016,645000.0,11000.0,Petrol,Dealer,Automatic,First Owner,5.0,14.3,1598.0,103.5,Skoda,10,1
2018,2475000.0,2000.0,Diesel,Dealer,Automatic,First Owner,5.0,16.8,1984.0,150.0,Volvo,8,1
2011,575000.0,110000.0,Diesel,Individual,Manual,Second Owner,7.0,15.1,2179.0,140.0,Mahindra,15,2
2014,440000.0,110000.0,Diesel,Individual,Manual,Second Owner,5.0,13.49,2179.0,138.03,Tata,12,2
2012,380000.0,100000.0,Diesel,Individual,Manual,Second Owner,5.0,22.9,1248.0,74.0,Maruti,14,2
2010,140000.0,116700.0,Petrol,Individual,Manual,Fourth & Above Owner,5.0,15.0,1368.0,90.0,Tata,16,4
2015,475000.0,25000.0,Diesel,Individual,Manual,First Owner,5.0,22.95,1248.0,74.0,Tata,11,1
2011,200000.0,200000.0,Diesel,Individual,Manual,Third Owner,8.0,13.0,2489.0,95.0,Mahindra,15,3
2010,400000.0,176062.0,Diesel,Individual,Manual,First Owner,5.0,17.8,1248.0,75.0,Maruti,16,1
2008,425000.0,225000.0,Diesel,Individual,Manual,Third Owner,8.0,12.8,2494.0,102.0,Toyota,18,3
2003,68000.0,70000.0,Petrol,Individual,Manual,Second Owner,5.0,19.3,1248.0,82.0,Hyundai,23,2
2015,509999.0,82000.0,Diesel,Individual,Manual,First Owner,5.0,25.8,1498.0,98.6,Honda,11,1
2010,275000.0,80000.0,Petrol,Individual,Manual,First Owner,5.0,19.81,1086.0,68.05,Hyundai,16,1
2017,650000.0,40000.0,Diesel,Individual,Manual,Second Owner,7.0,18.2,1248.0,73.74,Chevrolet,9,2
2019,1850000.0,14000.0,Diesel,Individual,Manual,First Owner,5.0,17.1,1956.0,170.0,Jeep,7,1
2014,650000.0,129000.0,Diesel,Individual,Manual,First Owner,5.0,19.72,1461.0,108.45,Renault,12,1
2016,360000.0,60000.0,Diesel,Individual,Manual,Second Owner,5.0,20.5,1248.0,91.7,Fiat,10,2
2018,650000.0,82000.0,Diesel,Individual,Automatic,First Owner,5.0,21.73,1498.0,108.62,Volkswagen,8,1
2013,2000000.0,77500.0,Diesel,Individual,Automatic,Third Owner,5.0,12.7,2179.0,187.7,Land,13,3
2017,675000.0,50000.0,Diesel,Individual,Manual,Second Owner,7.0,18.2,1248.0,73.74,Chevrolet,9,2
2006,50000.0,40000.0,Petrol,Individual,Manual,Third Owner,4.0,16.1,796.0,37.0,Maruti,20,3
2017,445000.0,39500.0,Petrol,Individual,Manual,First Owner,5.0,20.52,1197.0,81.8,Maruti,9,1
2018,750000.0,40000.0,Diesel,Individual,Manual,First Owner,5.0,22.54,1396.0,88.76,Hyundai,8,1
2012,425000.0,56000.0,Diesel,Individual,Manual,Second Owner,5.0,22.9,1248.0,74.0,Maruti,14,2
1997,57000.0,110000.0,Diesel,Individual,Manual,Third Owner,5.0,19.3,1248.0,82.0,Peugeot,29,3
2017,850000.0,54000.0,Diesel,Individual,Manual,First Owner,5.0,22.54,1396.0,88.73,Hyundai,9,1
2016,400000.0,20000.0,Petrol,Individual,Manual,Second Owner,5.0,20.51,998.0,67.04,Maruti,10,2
2014,200000.0,55896.0,Diesel,Individual,Manual,Second Owner,5.0,25.0,1396.0,69.0,Tata,12,2
2016,550000.0,35000.0,Diesel,Individual,Manual,First Owner,5.0,25.8,1498.0,98.6,Honda,10,1
2012,250000.0,97000.0,Petrol,Individual,Manual,Second Owner,5.0,19.4,1198.0,86.8,Honda,14,2
2014,206000.0,120000.0,Petrol,Individual,Manual,Second Owner,5.0,22.74,796.0,47.3,Maruti,12,2
2014,290000.0,50000.0,Petrol,Individual,Manual,First Owner,5.0,21.1,814.0,55.2,Hyundai,12,1
2010,45000.0,30400.0,Petrol,Individual,Manual,Fourth & Above Owner,4.0,26.0,624.0,35.0,Tata,16,4
2019,1200000.0,15000.0,Diesel,Individual,Manual,First Owner,5.0,20.0,1497.0,115.0,Mahindra,7,1
2012,220000.0,110000.0,Diesel,Individual,Manual,Third Owner,5.0,21.64,1461.0,84.8,Nissan,14,3
2008,515000.0,120000.0,Diesel,Individual,Automatic,Second Owner,5.0,14.84,2143.0,170.0,Mercedes-Benz,18,2
2010,170000.0,100000.0,Petrol,Individual,Manual,First Owner,5.0,19.7,796.0,46.3,Maruti,16,1
2010,260000.0,120000.0,Diesel,Individual,Manual,Second Owner,5.0,17.8,1248.0,75.0,Maruti,16,2
2012,315000.0,130000.0,Diesel,Individual,Manual,Second Owner,5.0,20.54,1598.0,103.6,Volkswagen,14,2
2011,225000.0,76000.0,Petrol,Individual,Manual,Second Owner,5.0,20.92,998.0,67.1,Maruti,15,2
2012,420000.0,110000.0,Diesel,Individual,Manual,Third Owner,5.0,19.33,1968.0,138.1,Volkswagen,14,3
2011,525000.0,96000.0,Diesel,Individual,Manual,First Owner,8.0,12.05,2179.0,120.0,Mahindra,15,1
2018,670000.0,90000.0,Diesel,Individual,Automatic,First Owner,5.0,28.4,1248.0,74.0,Maruti,8,1
2012,220000.0,110000.0,Diesel,Individual,Manual,Third Owner,5.0,21.64,1461.0,84.8,Nissan,14,3
2013,250000.0,25000.0,Diesel,Individual,Manual,First Owner,5.0,20.0,1399.0,68.1,Ford,13,1
2009,229999.0,90000.0,Diesel,Individual,Manual,Second Owner,5.0,19.3,1248.0,73.9,Maruti,17,2
2009,229999.0,164000.0,Diesel,Individual,Manual,Second Owner,5.0,19.3,1248.0,73.9,Maruti,17,2
2013,300000.0,120000.0,Petrol,Individual,Manual,Second Owner,5.0,18.0,1198.0,86.7,Honda,13,2
2010,165000.0,66000.0,Petrol,Individual,Manual,Second Owner,5.0,19.0,998.0,66.1,Maruti,16,2
2010,295000.0,225000.0,Diesel,Individual,Manual,First Owner,7.0,13.93,2179.0,138.0,Tata,16,1
2011,360000.0,157000.0,Diesel,Individual,Manual,Second Owner,5.0,22.32,1582.0,126.3,Hyundai,15,2
2011,380000.0,157000.0,Diesel,Individual,Manual,Second Owner,5.0,22.32,1582.0,126.3,Hyundai,15,2
2017,300000.0,35000.0,Petrol,Individual,Manual,First Owner,5.0,23.01,999.0,67.0,Renault,9,1
2008,320000.0,100000.0,Diesel,Individual,Manual,Second Owner,9.0,12.7,2609.0,116.6,Mahindra,18,2
2016,325000.0,70000.0,Petrol,Individual,Manual,Second Owner,7.0,19.44,1198.0,67.0,Datsun,10,2
2010,160000.0,30000.0,Diesel,Individual,Manual,Second Owner,5.0,21.12,1248.0,88.8,Tata,16,2
2018,630000.0,40000.0,Diesel,Individual,Manual,First Owner,7.0,16.5,1493.0,70.0,Mahindra,8,1
2020,600000.0,5000.0,Petrol,Individual,Manual,First Owner,5.0,21.21,1197.0,81.8,Maruti,6,1
2014,229999.0,30000.0,Petrol,Individual,Manual,Second Owner,5.0,22.74,796.0,47.3,Maruti,12,2
2014,440000.0,70000.0,Diesel,Individual,Manual,Second Owner,5.0,22.9,1248.0,74.0,Maruti,12,2
2007,90000.0,60000.0,Petrol,Individual,Manual,Second Owner,5.0,18.0,995.0,62.0,Chevrolet,19,2
2017,750000.0,60000.0,Diesel,Individual,Manual,First Owner,5.0,28.09,1248.0,88.5,Maruti,9,1
2012,330000.0,80000.0,Petrol,Individual,Manual,Second Owner,5.0,16.8,1497.0,116.3,Honda,14,2
2016,715000.0,70000.0,Diesel,Individual,Manual,Second Owner,5.0,28.09,1248.0,88.5,Maruti,10,2
2013,250000.0,150000.0,Diesel,Individual,Manual,Second Owner,5.0,20.86,1199.0,75.0,Skoda,13,2
2007,120000.0,150000.0,Petrol,Individual,Manual,Second Owner,5.0,18.2,1061.0,64.0,Maruti,19,2
2004,100000.0,25000.0,Petrol,Individual,Manual,Third Owner,5.0,14.2,1597.0,92.0,Ford,22,3
2017,850000.0,35000.0,Diesel,Individual,Automatic,Second Owner,5.0,21.72,1498.0,108.6,Skoda,9,2
2018,450000.0,48000.0,Diesel,Individual,Manual,First Owner,5.0,25.4,1186.0,73.97,Hyundai,8,1
2012,240000.0,200000.0,Diesel,Individual,Manual,First Owner,5.0,22.07,1199.0,73.9,Volkswagen,14,1
2000,30000.0,90000.0,Petrol,Individual,Manual,Third Owner,5.0,19.3,1248.0,82.0,Hyundai,26,3
2015,600000.0,135000.0,Diesel,Individual,Manual,First Owner,5.0,26.59,1248.0,74.0,Maruti,11,1
2016,280000.0,110000.0,Diesel,Individual,Manual,Second Owner,7.0,18.2,1248.0,73.74,Chevrolet,10,2
2012,465000.0,146000.0,Diesel,Individual,Manual,Second Owner,5.0,22.32,1582.0,126.32,Hyundai,14,2
2018,350000.0,44000.0,Petrol,Individual,Manual,First Owner,5.0,24.7,796.0,47.3,Maruti,8,1
2013,325000.0,70000.0,Petrol,Individual,Manual,First Owner,5.0,20.36,1197.0,78.9,Hyundai,13,1
2004,50000.0,225000.0,Diesel,Individual,Manual,First Owner,5.0,16.8,1405.0,62.0,Tata,22,1
2006,110000.0,120000.0,Petrol,Individual,Manual,Third Owner,5.0,19.7,796.0,46.3,Maruti,20,3
2013,220000.0,80000.0,Diesel,Individual,Manual,First Owner,5.0,23.03,1396.0,69.0,Tata,13,1
2015,515000.0,60000.0,Diesel,Individual,Manual,First Owner,7.0,15.96,2523.0,62.1,Mahindra,11,1
2018,750000.0,40000.0,Petrol,Individual,Manual,First Owner,5.0,20.73,1373.0,91.1,Maruti,8,1
2018,350000.0,25000.0,Petrol,Individual,Manual,First Owner,5.0,21.1,814.0,55.2,Hyundai,8,1
2019,488999.0,15000.0,Petrol,Individual,Manual,First Owner,5.0,18.9,1197.0,81.86,Hyundai,7,1
2017,300000.0,27000.0,Petrol,Individual,Manual,First Owner,5.0,24.7,796.0,47.3,Maruti,9,1
2017,650000.0,35000.0,Diesel,Individual,Manual,Second Owner,5.0,27.39,1248.0,74.0,Maruti,9,2
2014,250000.0,40000.0,Petrol,Individual,Manual,First Owner,5.0,19.0,998.0,66.1,Maruti,12,1
2014,200000.0,40000.0,Petrol,Individual,Manual,Third Owner,5.0,22.74,796.0,47.3,Maruti,12,3
2015,950000.0,75262.0,Diesel,Individual,Manual,First Owner,7.0,15.4,2179.0,120.0,Mahindra,11,1
2012,200000.0,120000.0,Diesel,Individual,Manual,First Owner,5.0,23.03,1396.0,69.0,Tata,14,1
2016,276000.0,60000.0,Petrol,Individual,Manual,First Owner,5.0,20.3,998.0,68.05,Hyundai,10,1
2014,250000.0,40000.0,Petrol,Individual,Manual,First Owner,5.0,21.1,814.0,55.2,Hyundai,12,1
2008,95000.0,80000.0,Petrol,Individual,Manual,Second Owner,5.0,19.7,796.0,46.3,Maruti,18,2
2011,200000.0,70000.0,Diesel,Individual,Manual,Second Owner,5.0,23.57,1396.0,70.0,Tata,15,2
2012,450000.0,100000.0,Diesel,Individual,Manual,Second Owner,5.0,22.32,1582.0,126.32,Hyundai,14,2
2013,900000.0,18000.0,Diesel,Individual,Manual,First Owner,7.0,15.1,2179.0,140.0,Mahindra,13,1
2010,200000.0,175000.0,Diesel,Individual,Manual,First Owner,5.0,19.09,1396.0,69.0,Tata,16,1
2010,200000.0,70000.0,Petrol,Individual,Manual,Second Owner,5.0,20.36,1197.0,78.9,Hyundai,16,2
2011,370000.0,91863.0,Diesel,Individual,Manual,Second Owner,7.0,15.96,2523.0,62.1,Mahindra,15,2
2008,250000.0,100000.0,Petrol,Individual,Manual,First Owner,5.0,15.2,1193.0,65.0,Tata,18,1
2016,290000.0,10000.0,Petrol,Individual,Manual,First Owner,5.0,25.17,799.0,53.3,Renault,10,1
2018,900000.0,35000.0,Diesel,Individual,Manual,First Owner,7.0,24.52,1248.0,88.5,Maruti,8,1
2013,325000.0,120000.0,Diesel,Individual,Manual,Second Owner,5.0,20.0,1399.0,68.1,Ford,13,2
2016,425000.0,30000.0,Petrol,Individual,Manual,First Owner,5.0,18.9,1197.0,82.0,Hyundai,10,1
2016,315000.0,60000.0,Petrol,Individual,Manual,First Owner,5.0,25.17,799.0,53.3,Renault,10,1
2014,300000.0,70000.0,Petrol,Individual,Manual,First Owner,5.0,23.95,998.0,67.05,Maruti,12,1
2013,325000.0,70000.0,Petrol,Individual,Manual,Second Owner,5.0,20.36,1197.0,78.9,Hyundai,13,2
2016,900000.0,130000.0,Diesel,Individual,Manual,First Owner,5.0,21.38,1396.0,88.7,Hyundai,10,1
2016,950000.0,133000.0,Diesel,Individual,Manual,First Owner,5.0,21.38,1396.0,88.7,Hyundai,10,1
2010,320000.0,120000.0,Diesel,Individual,Manual,Third Owner,5.0,20.54,1598.0,103.6,Volkswagen,16,3
2019,500000.0,20000.0,Petrol,Individual,Manual,First Owner,5.0,19.44,999.0,75.0,Volkswagen,7,1
2012,290000.0,25000.0,Petrol,Individual,Manual,First Owner,5.0,15.6,1196.0,70.0,Ford,14,1
2012,60000.0,90000.0,Petrol,Individual,Manual,First Owner,4.0,25.4,624.0,37.48,Tata,14,1
2009,120000.0,140000.0,Petrol,Individual,Manual,Third Owner,5.0,19.0,998.0,66.1,Maruti,17,3
2017,850000.0,103000.0,Diesel,Dealer,Manual,First Owner,5.0,25.6,1498.0,97.9,Honda,9,1
2017,1750000.0,23000.0,Diesel,Dealer,Manual,First Owner,7.0,13.68,2393.0,147.8,Toyota,9,1
2015,600000.0,128000.0,Diesel,Dealer,Manual,First Owner,5.0,26.0,1498.0,98.6,Honda,11,1
2015,620000.0,33000.0,Diesel,Individual,Manual,First Owner,5.0,20.14,1498.0,88.8,Volkswagen,11,1
2009,150000.0,70000.0,Petrol,Individual,Manual,Second Owner,5.0,19.7,796.0,46.3,Maruti,17,2
2011,150000.0,40000.0,Petrol,Individual,Manual,Fourth & Above Owner,5.0,0.0,1086.0,62.0,Hyundai,15,4
2008,135000.0,40000.0,Petrol,Individual,Manual,Fourth & Above Owner,5.0,12.85,1396.0,99.6,Tata,18,4
2011,200000.0,80000.0,Diesel,Individual,Manual,First Owner,5.0,17.0,1405.0,71.0,Tata,15,1
2015,730000.0,70000.0,Diesel,Individual,Manual,First Owner,5.0,26.21,1248.0,88.5,Maruti,11,1
2013,800000.0,100000.0,Diesel,Individual,Manual,First Owner,8.0,12.99,2494.0,100.6,Toyota,13,1
2009,300000.0,90000.0,Diesel,Individual,Manual,Second Owner,8.0,14.0,2498.0,112.0,Mahindra,17,2
2012,190000.0,112000.0,Diesel,Individual,Manual,Second Owner,5.0,20.0,1399.0,68.0,Ford,14,2
2011,350000.0,50000.0,Petrol,Individual,Manual,First Owner,5.0,15.5,1799.0,132.0,Honda,15,1
2015,509999.0,62000.0,Diesel,Individual,Manual,Second Owner,5.0,24.4,1120.0,71.0,Hyundai,11,2
2012,400000.0,90000.0,Diesel,Individual,Manual,First Owner,7.0,20.77,1248.0,88.76,Maruti,14,1
2013,800000.0,80000.0,Diesel,Individual,Manual,First Owner,7.0,12.99,2494.0,100.0,Toyota,13,1
2013,250000.0,50000.0,Diesel,Individual,Manual,First Owner,5.0,21.02,1248.0,88.8,Tata,13,1
2016,930000.0,47552.0,Diesel,Individual,Manual,Second Owner,5.0,19.67,1582.0,126.2,Hyundai,10,2
2016,720000.0,40000.0,Diesel,Individual,Manual,Second Owner,5.0,24.3,1248.0,88.5,Maruti,10,2
2011,225000.0,15000.0,Petrol,Individual,Manual,First Owner,5.0,15.6,1196.0,70.0,Ford,15,1
2019,950000.0,20000.0,Diesel,Individual,Manual,First Owner,5.0,23.0,1498.0,98.96,Ford,7,1
2018,530000.0,52000.0,Petrol,Individual,Manual,First Owner,5.0,17.19,1197.0,81.86,Hyundai,8,1
2016,470000.0,70000.0,Petrol,Individual,Manual,First Owner,5.0,18.6,1197.0,81.83,Hyundai,10,1
2017,650000.0,110000.0,Diesel,Individual,Manual,First Owner,9.0,15.96,2523.0,63.0,Mahindra,9,1
2014,540000.0,77500.0,Diesel,Individual,Manual,Second Owner,7.0,14.0,2179.0,138.1,Tata,12,2
2015,459999.0,100000.0,Diesel,Individual,Manual,Second Owner,5.0,25.2,1248.0,74.0,Maruti,11,2
2019,325000.0,14700.0,Petrol,Individual,Manual,First Owner,5.0,25.17,799.0,53.3,Renault,7,1
2016,240000.0,40000.0,Petrol,Individual,Manual,First Owner,5.0,16.8,796.0,34.2,Maruti,10,1
2017,400000.0,32000.0,Petrol,Individual,Manual,Second Owner,6.0,18.15,1198.0,82.0,Mahindra,9,2
2004,70000.0,70000.0,Petrol,Individual,Manual,Second Owner,5.0,19.7,796.0,46.3,Maruti,22,2
2009,250000.0,80000.0,Petrol,Individual,Manual,First Owner,5.0,17.5,1298.0,85.8,Maruti,17,1
2014,910000.0,80000.0,Diesel,Individual,Manual,Second Owner,8.0,12.99,2494.0,100.6,Toyota,12,2
2018,720000.0,25000.0,Diesel,Individual,Manual,First Owner,5.0,28.4,1248.0,74.02,Maruti,8,1
2015,590000.0,50000.0,Diesel,Individual,Manual,First Owner,5.0,26.59,1248.0,74.0,Maruti,11,1
2015,434000.0,120000.0,Diesel,Individual,Manual,First Owner,10.0,13.58,2499.0,72.4,Chevrolet,11,1
2006,145000.0,170000.0,Diesel,Individual,Manual,First Owner,7.0,13.6,2523.0,63.0,Mahindra,20,1
2018,445000.0,19700.0,Petrol,Individual,Manual,First Owner,5.0,18.15,1198.0,82.0,Mahindra,8,1
2011,191000.0,70000.0,LPG,Individual,Manual,First Owner,5.0,13.45,1086.0,62.1,Hyundai,15,1
2018,372000.0,50000.0,Diesel,Individual,Manual,Fourth & Above Owner,5.0,25.83,1498.0,99.0,Ford,8,4
2005,65000.0,90000.0,Petrol,Individual,Manual,Second Owner,5.0,18.9,998.0,67.1,Maruti,21,2
2007,150000.0,60000.0,Petrol,Individual,Manual,Third Owner,5.0,19.3,1248.0,82.0,Hyundai,19,3
2015,300000.0,140000.0,Diesel,Individual,Manual,First Owner,5.0,20.0,1399.0,68.05,Ford,11,1
2003,125000.0,120000.0,Diesel,Individual,Manual,Third Owner,8.0,12.7,2609.0,116.6,Mahindra,23,3
2017,520000.0,40000.0,Petrol,Individual,Manual,First Owner,5.0,20.3,1199.0,84.0,Tata,9,1
2014,190000.0,70000.0,Petrol,Individual,Manual,Third Owner,5.0,22.74,796.0,47.3,Maruti,12,3
2018,310000.0,7000.0,Petrol,Individual,Manual,First Owner,5.0,22.5,999.0,67.0,Datsun,8,1
2012,750000.0,90000.0,Diesel,Individual,Manual,First Owner,8.0,12.8,2494.0,102.0,Toyota,14,1
2016,750000.0,110000.0,Diesel,Individual,Automatic,First Owner,7.0,18.49,1493.0,100.0,Mahindra,10,1
2019,350000.0,15000.0,Petrol,Individual,Manual,First Owner,5.0,23.95,998.0,67.05,Maruti,7,1
2020,360000.0,5000.0,Petrol,Individual,Manual,First Owner,5.0,22.05,796.0,47.3,Maruti,6,1
2017,285000.0,5000.0,Petrol,Individual,Manual,First Owner,5.0,25.17,799.0,53.3,Renault,9,1
2013,160000.0,70000.0,Petrol,Individual,Manual,Second Owner,5.0,22.74,796.0,47.3,Maruti,13,2
2015,229999.0,60000.0,Petrol,Individual,Manual,Second Owner,7.0,19.44,1198.0,67.0,Datsun,11,2
2007,85000.0,120000.0,Petrol,Individual,Manual,Third Owner,5.0,19.7,796.0,46.3,Maruti,19,3
2018,300000.0,7000.0,Petrol,Individual,Manual,First Owner,5.0,22.5,999.0,67.0,Datsun,8,1
2014,675000.0,120000.0,Diesel,Individual,Manual,First Owner,7.0,12.05,2179.0,120.0,Mahindra,12,1
2014,700000.0,145241.0,Diesel,Individual,Manual,First Owner,7.0,12.05,2179.0,120.0,Mahindra,12,1
2008,400000.0,110000.0,Diesel,Individual,Manual,First Owner,8.0,12.7,2609.0,116.6,Mahindra,18,1
2016,254999.0,30000.0,Petrol,Individual,Manual,Third Owner,5.0,25.17,799.0,53.3,Renault,10,3
2015,1050000.0,80000.0,Diesel,Individual,Manual,Second Owner,7.0,15.4,2179.0,120.0,Mahindra,11,2
2013,390000.0,100000.0,Diesel,Individual,Manual,First Owner,5.0,23.4,1248.0,74.0,Maruti,13,1
2015,450000.0,80000.0,Diesel,Individual,Manual,First Owner,5.0,23.59,1364.0,67.04,Toyota,11,1
2016,1630000.0,40000.0,Diesel,Individual,Automatic,Second Owner,7.0,11.36,2755.0,171.5,Toyota,10,2
2017,725000.0,50000.0,Diesel,Individual,Manual,First Owner,5.0,24.3,1248.0,88.5,Maruti,9,1
2013,466000.0,95500.0,Diesel,Individual,Manual,Second Owner,7.0,14.0,2179.0,138.1,Tata,13,2
2017,370000.0,40000.0,Petrol,Individual,Manual,Second Owner,5.0,18.16,1196.0,86.8,Ford,9,2
2007,150000.0,70000.0,Petrol,Individual,Manual,Third Owner,5.0,18.2,1061.0,64.0,Maruti,19,3
2017,483000.0,15000.0,Petrol,Individual,Manual,First Owner,5.0,23.1,998.0,67.04,Maruti,9,1
2016,470000.0,10000.0,Petrol,Individual,Manual,First Owner,5.0,18.9,1197.0,82.0,Hyundai,10,1
2018,950000.0,25000.0,Diesel,Individual,Manual,First Owner,5.0,24.3,1248.0,88.5,Maruti,8,1
2013,450000.0,50000.0,Petrol,Individual,Manual,Third Owner,5.0,17.01,1591.0,121.3,Hyundai,13,3
2011,345000.0,70000.0,Petrol,Individual,Manual,First Owner,5.0,17.6,1496.0,88.7,Toyota,15,1
2009,300000.0,60000.0,Petrol,Individual,Manual,First Owner,5.0,19.0,998.0,66.1,Maruti,17,1
2007,160000.0,74800.0,Petrol,Individual,Manual,Second Owner,5.0,18.2,998.0,67.1,Maruti,19,2
2004,120000.0,80000.0,Petrol,Individual,Manual,Second Owner,4.0,16.1,796.0,37.0,Maruti,22,2
2020,500000.0,40000.0,Petrol,Individual,Manual,First Owner,5.0,17.57,1193.0,88.7,Tata,6,1
2018,1350000.0,40000.0,Diesel,Individual,Manual,First Owner,7.0,16.0,2179.0,138.0,Mahindra,8,1
2017,455000.0,50000.0,Diesel,Individual,Manual,First Owner,5.0,24.0,1186.0,73.97,Hyundai,9,1
2013,165000.0,45000.0,Petrol,Individual,Manual,Second Owner,5.0,21.1,814.0,55.2,Hyundai,13,2
2016,470000.0,23700.0,Petrol,Individual,Manual,First Owner,5.0,20.4,1197.0,81.8,Maruti,10,1
2016,470000.0,23700.0,Petrol,Individual,Manual,First Owner,5.0,20.4,1197.0,81.8,Maruti,10,1
2019,1520000.0,10000.0,Petrol,Individual,Manual,First Owner,5.0,16.0,1368.0,160.0,Jeep,7,1
2014,229999.0,53473.0,Petrol,Individual,Manual,First Owner,5.0,23.95,998.0,67.05,Maruti,12,1
2011,250000.0,100000.0,Diesel,Individual,Manual,Second Owner,9.0,15.96,2523.0,63.0,Mahindra,15,2
2016,1350000.0,25000.0,Diesel,Individual,Manual,First Owner,7.0,16.0,2179.0,140.0,Mahindra,10,1
2013,220000.0,80000.0,Petrol,Individual,Manual,First Owner,5.0,17.92,1086.0,62.1,Hyundai,13,1
2015,360000.0,120000.0,Diesel,Individual,Manual,First Owner,5.0,24.4,1120.0,71.0,Hyundai,11,1
2018,350000.0,40000.0,Petrol,Individual,Manual,First Owner,5.0,23.95,998.0,67.05,Maruti,8,1
2012,500000.0,70000.0,Diesel,Individual,Manual,First Owner,5.0,22.32,1582.0,126.32,Hyundai,14,1
2013,145000.0,90000.0,Diesel,Individual,Manual,Third Owner,5.0,25.44,936.0,57.6,Chevrolet,13,3
2014,300000.0,51000.0,Petrol,Individual,Manual,First Owner,5.0,18.2,1199.0,82.5,Chevrolet,12,1
2010,180000.0,87000.0,Diesel,Individual,Manual,First Owner,5.0,19.3,1248.0,82.0,Tata,16,1
2009,180000.0,87000.0,Petrol,Individual,Manual,Second Owner,5.0,13.2,1495.0,94.0,Hyundai,17,2
2006,200000.0,120000.0,Diesel,Individual,Manual,Second Owner,5.0,19.3,1248.0,82.0,Mahindra,20,2
2013,530000.0,40000.0,Diesel,Individual,Manual,First Owner,5.0,23.4,1248.0,74.0,Maruti,13,1
2014,620000.0,90000.0,Diesel,Individual,Manual,Second Owner,5.0,19.01,1461.0,108.45,Renault,12,2
2015,360000.0,110000.0,Petrol,Individual,Manual,Third Owner,5.0,16.78,1496.0,88.73,Toyota,11,3
2010,245000.0,86000.0,Petrol,Individual,Manual,Second Owner,5.0,17.92,1086.0,62.1,Hyundai,16,2
2009,370000.0,120000.0,Diesel,Individual,Manual,First Owner,5.0,19.3,1248.0,82.0,Maruti,17,1
2003,130000.0,80000.0,Petrol,Individual,Manual,Third Owner,5.0,14.2,1597.0,92.0,Ford,23,3
1999,70000.0,65000.0,Petrol,Individual,Manual,Fourth & Above Owner,5.0,15.9,1298.0,85.0,Maruti,27,4
1999,70000.0,70000.0,Petrol,Individual,Manual,Fourth & Above Owner,5.0,15.9,1298.0,85.0,Maruti,27,4
2014,650000.0,140000.0,Diesel,Individual,Manual,Second Owner,5.0,25.01,1498.0,89.75,Ford,12,2
2019,610000.0,18000.0,Petrol,Individual,Manual,First Owner,5.0,21.21,1197.0,81.8,Maruti,7,1
2015,300000.0,24000.0,Petrol,Individual,Manual,First Owner,5.0,23.95,998.0,67.05,Maruti,11,1
2014,425000.0,60000.0,Diesel,Individual,Manual,First Owner,5.0,24.0,1120.0,70.0,Hyundai,12,1
2012,450000.0,150000.0,Diesel,Individual,Manual,Third Owner,5.0,22.32,1582.0,126.32,Hyundai,14,3
2011,450000.0,108000.0,Diesel,Individual,Manual,First Owner,5.0,22.32,1582.0,126.3,Hyundai,15,1
2011,340000.0,60000.0,Petrol,Individual,Automatic,Third Owner,5.0,16.95,1197.0,78.9,Hyundai,15,3
2013,650000.0,90000.0,Diesel,Individual,Manual,First Owner,7.0,20.77,1248.0,88.76,Maruti,13,1
2009,160000.0,70000.0,Diesel,Individual,Manual,First Owner,5.0,19.09,1396.0,69.0,Tata,17,1
2014,250000.0,120000.0,Diesel,Individual,Manual,First Owner,5.0,19.1,1405.0,70.0,Tata,12,1
2012,225000.0,100000.0,Diesel,Individual,Manual,Third Owner,5.0,25.44,936.0,57.6,Chevrolet,14,3
2007,55000.0,75958.0,Diesel,Individual,Manual,Second Owner,5.0,17.88,1396.0,52.8,Tata,19,2
1996,42000.0,70000.0,Petrol,Individual,Manual,Third Owner,4.0,16.1,796.0,37.0,Maruti,30,3
2012,250000.0,100000.0,Diesel,Individual,Manual,Second Owner,5.0,19.3,1248.0,82.0,Tata,14,2
2006,282000.0,128000.0,Diesel,Individual,Manual,Fourth & Above Owner,7.0,12.6,1991.0,112.0,Hyundai,20,4
2007,80000.0,110000.0,Diesel,Individual,Manual,Third Owner,5.0,16.8,1405.0,62.0,Tata,19,3
2016,500000.0,40000.0,Petrol,Individual,Manual,First Owner,5.0,20.85,1197.0,83.14,Maruti,10,1
2016,500000.0,70000.0,Diesel,Individual,Manual,First Owner,5.0,25.83,1498.0,99.0,Ford,10,1
2011,400000.0,60000.0,Diesel,Individual,Manual,First Owner,5.0,22.9,1248.0,74.0,Maruti,15,1
2013,550000.0,90000.0,Diesel,Individual,Manual,First Owner,7.0,15.96,2523.0,62.1,Mahindra,13,1
2007,200000.0,70000.0,Diesel,Individual,Manual,Second Owner,7.0,13.93,2179.0,138.1,Tata,19,2
2012,280000.0,65000.0,Petrol,Individual,Manual,First Owner,5.0,20.36,1197.0,78.9,Hyundai,14,1
2014,580000.0,88000.0,Diesel,Individual,Manual,First Owner,5.0,23.4,1248.0,74.0,Maruti,12,1
2009,100000.0,80000.0,Diesel,Individual,Manual,Third Owner,5.0,18.8,1248.0,90.0,Tata,17,3
2014,550000.0,60000.0,Diesel,Individual,Manual,First Owner,8.0,14.0,2523.0,75.0,Mahindra,12,1
2017,700000.0,38000.0,Diesel,Individual,Manual,First Owner,7.0,18.49,1493.0,100.0,Mahindra,9,1
2010,150000.0,80000.0,Petrol,Individual,Manual,Third Owner,5.0,15.0,1368.0,90.0,Tata,16,3
2014,190000.0,60000.0,Petrol,Individual,Manual,Second Owner,5.0,21.1,814.0,55.2,Hyundai,12,2
2013,500000.0,110000.0,Diesel,Individual,Manual,First Owner,7.0,15.96,2523.0,62.1,Mahindra,13,1
2017,640000.0,110000.0,Diesel,Individual,Manual,First Owner,5.0,25.2,1248.0,74.0,Maruti,9,1
2011,340000.0,145000.0,Diesel,Individual,Manual,First Owner,5.0,20.86,1199.0,75.0,Skoda,15,1
2019,811000.0,43000.0,Diesel,Individual,Manual,First Owner,5.0,22.54,1396.0,88.76,Hyundai,7,1
2016,409999.0,120000.0,Diesel,Individual,Manual,First Owner,5.0,23.2,1248.0,73.94,Maruti,10,1
2007,220000.0,136000.0,Petrol,Individual,Manual,Second Owner,5.0,16.1,1298.0,88.2,Maruti,19,2
2013,170000.0,120000.0,Diesel,Individual,Manual,Second Owner,5.0,17.88,1405.0,48.21,Tata,13,2
2018,700000.0,25000.0,Petrol,Individual,Manual,First Owner,5.0,18.6,1197.0,81.86,Hyundai,8,1
2015,950000.0,80000.0,Diesel,Individual,Manual,Second Owner,7.0,15.4,2179.0,120.0,Mahindra,11,2
2003,80000.0,40000.0,Petrol,Individual,Manual,Second Owner,5.0,14.4,1599.0,94.0,Hyundai,23,2
2017,2711000.0,9000.0,Diesel,Dealer,Automatic,First Owner,5.0,13.6,1999.0,177.0,Jaguar,9,1
2019,5150000.0,20000.0,Petrol,Dealer,Automatic,First Owner,5.0,22.37,2487.0,214.56,Lexus,7,1
2017,3200000.0,45000.0,Diesel,Dealer,Automatic,First Owner,5.0,19.33,1999.0,177.0,Jaguar,9,1
2015,503000.0,110000.0,Diesel,Individual,Manual,First Owner,7.0,14.1,2179.0,147.94,Tata,11,1
2019,3800000.0,20000.0,Diesel,Individual,Automatic,First Owner,5.0,18.0,1969.0,190.0,Volvo,7,1
2016,2000000.0,68089.0,Petrol,Trustmark Dealer,Automatic,First Owner,5.0,19.16,2494.0,157.7,Toyota,10,1
2013,225000.0,58343.0,Petrol,Trustmark Dealer,Manual,First Owner,5.0,21.79,998.0,67.05,Maruti,13,1
2018,740000.0,38817.0,Diesel,Dealer,Manual,First Owner,5.0,27.39,1248.0,74.0,Maruti,8,1
2016,550000.0,56494.0,Petrol,Trustmark Dealer,Manual,First Owner,5.0,18.2,1199.0,88.7,Honda,10,1
2013,750000.0,79328.0,Diesel,Trustmark Dealer,Manual,Second Owner,7.0,12.99,2494.0,100.6,Toyota,13,2
2019,650000.0,5621.0,Petrol,Trustmark Dealer,Automatic,First Owner,5.0,22.0,1197.0,81.8,Maruti,7,1
2017,625000.0,25538.0,Petrol,Trustmark Dealer,Manual,First Owner,5.0,16.78,1496.0,88.73,Toyota,9,1
2018,600000.0,69779.0,Petrol,Dealer,Automatic,First Owner,5.0,22.0,1197.0,81.8,Maruti,8,1
2017,450000.0,56290.0,Diesel,Dealer,Manual,First Owner,5.0,24.0,1186.0,73.97,Hyundai,9,1
2019,5200000.0,7500.0,Diesel,Dealer,Automatic,First Owner,5.0,16.78,1995.0,190.0,Bmw,7,1
2019,5200000.0,8500.0,Diesel,Dealer,Automatic,First Owner,5.0,16.78,1995.0,190.0,Bmw,7,1
2019,779000.0,7032.0,Petrol,Trustmark Dealer,Automatic,First Owner,5.0,19.0,1199.0,88.76,Honda,7,1
2016,645000.0,11000.0,Petrol,Dealer,Automatic,First Owner,5.0,14.3,1598.0,103.5,Skoda,10,1
2018,2475000.0,2000.0,Diesel,Dealer,Automatic,First Owner,5.0,16.8,1984.0,150.0,Volvo,8,1
2014,420000.0,120000.0,Diesel,Individual,Manual,Second Owner,5.0,23.4,1248.0,74.0,Maruti,12,2
2018,899000.0,35000.0,Diesel,Individual,Manual,First Owner,5.0,25.1,1248.0,88.5,Maruti,8,1
2019,459999.0,35000.0,Petrol,Individual,Manual,First Owner,5.0,19.83,1198.0,67.0,Datsun,7,1
2008,150000.0,120000.0,Diesel,Individual,Manual,Second Owner,5.0,18.1,1493.0,110.0,Hyundai,18,2
2017,350000.0,25000.0,Petrol,Individual,Manual,First Owner,5.0,23.01,999.0,67.0,Renault,9,1
2015,509999.0,100000.0,Diesel,Individual,Manual,Second Owner,5.0,23.59,1364.0,67.05,Toyota,11,2
2013,500000.0,120000.0,Diesel,Individual,Manual,Third Owner,9.0,15.96,2523.0,62.1,Mahindra,13,3
2017,370000.0,35000.0,Petrol,Individual,Manual,First Owner,5.0,17.57,1193.0,88.7,Tata,9,1
2013,240000.0,44000.0,Petrol,Individual,Manual,Second Owner,5.0,20.92,998.0,67.1,Maruti,13,2
2015,530000.0,100000.0,Diesel,Individual,Manual,Second Owner,5.0,22.54,1396.0,88.73,Hyundai,11,2
2015,1000000.0,133000.0,Diesel,Individual,Manual,Second Owner,7.0,15.4,2179.0,120.0,Mahindra,11,2
2018,1600000.0,35000.0,Diesel,Individual,Manual,Second Owner,7.0,13.68,2393.0,147.8,Toyota,8,2
2014,350000.0,64000.0,Petrol,Individual,Manual,First Owner,5.0,20.36,1197.0,78.9,Hyundai,12,1
2015,1100000.0,70000.0,Diesel,Individual,Automatic,First Owner,7.0,16.0,2179.0,140.0,Mahindra,11,1
2011,220000.0,70000.0,Petrol,Individual,Manual,First Owner,5.0,18.5,1197.0,80.0,Hyundai,15,1
2015,350000.0,100000.0,Petrol,Individual,Manual,First Owner,5.0,18.9,1197.0,82.0,Hyundai,11,1
2013,370000.0,90000.0,Diesel,Individual,Manual,Second Owner,5.0,22.9,1248.0,74.0,Maruti,13,2
2014,220000.0,50000.0,Petrol,Individual,Manual,First Owner,5.0,17.5,1298.0,85.8,Maruti,12,1
2013,200000.0,80000.0,Diesel,Individual,Manual,First Owner,5.0,22.1,1248.0,76.9,Chevrolet,13,1
2017,400000.0,50000.0,Diesel,Individual,Manual,First Owner,6.0,25.32,1198.0,77.0,Mahindra,9,1
2009,150000.0,55000.0,Petrol,Individual,Manual,First Owner,5.0,14.6,1368.0,88.7,Fiat,17,1
2020,1500000.0,40000.0,Petrol,Individual,Automatic,First Owner,8.0,10.75,2694.0,163.7,Toyota,6,1
2011,130000.0,70000.0,Petrol,Individual,Manual,Second Owner,5.0,14.0,796.0,35.0,Maruti,15,2
2013,185000.0,80000.0,Petrol,Individual,Manual,Second Owner,5.0,22.74,796.0,47.3,Maruti,13,2
2010,110000.0,80000.0,Petrol,Individual,Manual,Second Owner,5.0,0.0,1086.0,62.1,Hyundai,16,2
2012,450000.0,120000.0,Diesel,Individual,Manual,First Owner,7.0,15.96,2523.0,62.1,Mahindra,14,1
2018,500000.0,20000.0,Petrol,Individual,Manual,Second Owner,5.0,18.9,1197.0,81.86,Hyundai,8,2
2017,570000.0,31596.0,Petrol,Dealer,Manual,First Owner,5.0,17.0,1497.0,121.36,Ford,9,1
2013,650000.0,85710.0,Diesel,Dealer,Manual,First Owner,7.0,15.1,2179.0,140.0,Mahindra,13,1
2012,1680000.0,129627.0,Diesel,Dealer,Manual,First Owner,7.0,11.5,2982.0,171.0,Toyota,14,1
2018,250000.0,10000.0,Petrol,Individual,Manual,First Owner,5.0,22.7,799.0,53.64,Datsun,8,1
2014,320000.0,15000.0,Petrol,Individual,Manual,First Owner,5.0,20.36,1197.0,78.9,Hyundai,12,1
2017,440000.0,35000.0,Petrol,Individual,Automatic,First Owner,5.0,20.51,998.0,67.0,Maruti,9,1
2013,315000.0,49000.0,Petrol,Individual,Manual,Second Owner,5.0,18.5,1197.0,82.85,Hyundai,13,2
2007,100000.0,70000.0,Petrol,Individual,Manual,Third Owner,5.0,19.3,1248.0,82.0,Hyundai,19,3
2010,202999.0,158000.0,Diesel,Individual,Manual,First Owner,5.0,18.8,1248.0,90.0,Tata,16,1
2012,179000.0,30000.0,Petrol,Individual,Manual,Second Owner,5.0,21.1,814.0,55.2,Hyundai,14,2
2008,140000.0,60000.0,Petrol,Individual,Manual,Second Owner,5.0,20.36,1197.0,78.9,Hyundai,18,2
2008,150000.0,40000.0,Petrol,Individual,Manual,Second Owner,5.0,18.2,1061.0,64.0,Maruti,18,2
2011,440000.0,60000.0,Diesel,Individual,Manual,Second Owner,7.0,13.6,2523.0,63.0,Mahindra,15,2
2011,250000.0,55130.0,Diesel,Dealer,Manual,Second Owner,5.0,20.0,1399.0,68.0,Ford,15,2
2014,330000.0,22000.0,Petrol,Individual,Manual,First Owner,5.0,20.51,998.0,67.04,Maruti,12,1
2010,250000.0,48000.0,Petrol,Individual,Manual,First Owner,5.0,15.6,1196.0,70.0,Ford,16,1
2012,335000.0,45000.0,Petrol,Individual,Manual,First Owner,5.0,18.5,1197.0,82.85,Hyundai,14,1
2016,1025000.0,22522.0,Diesel,Dealer,Manual,First Owner,7.0,16.0,2179.0,140.0,Mahindra,10,1
2012,320000.0,51856.0,Petrol,Dealer,Manual,Third Owner,5.0,18.5,1197.0,80.0,Hyundai,14,3
2015,550000.0,29434.0,Petrol,Individual,Manual,First Owner,5.0,20.73,1373.0,91.1,Maruti,11,1
2018,800000.0,25000.0,Diesel,Individual,Manual,First Owner,5.0,25.5,1498.0,98.6,Honda,8,1
2017,380000.0,28000.0,Petrol,Individual,Manual,Second Owner,5.0,23.84,1199.0,84.0,Tata,9,2
2013,400000.0,44500.0,Diesel,Individual,Manual,Second Owner,5.0,20.46,1461.0,83.8,Renault,13,2
2016,375000.0,34500.0,Petrol,Individual,Manual,First Owner,5.0,20.51,998.0,67.04,Maruti,10,1
2017,1100000.0,20000.0,Petrol,Individual,Automatic,First Owner,5.0,18.0,1497.0,117.6,Honda,9,1
2018,650000.0,15000.0,Petrol,Individual,Manual,First Owner,5.0,18.6,1197.0,81.83,Hyundai,8,1
2014,361000.0,26000.0,Petrol,Individual,Automatic,First Owner,5.0,19.34,1198.0,76.0,Nissan,12,1
2012,140000.0,20000.0,Petrol,Individual,Manual,First Owner,5.0,21.1,814.0,55.2,Hyundai,14,1
2019,550000.0,3000.0,Petrol,Individual,Manual,First Owner,5.0,20.14,1197.0,81.86,Hyundai,7,1
2019,670000.0,20000.0,Petrol,Individual,Manual,First Owner,5.0,19.5,1199.0,88.76,Honda,7,1
2017,880000.0,25000.0,Diesel,Individual,Manual,First Owner,5.0,24.3,1248.0,88.5,Maruti,9,1
2018,950000.0,35000.0,Diesel,Individual,Manual,First Owner,5.0,23.0,1498.0,98.96,Ford,8,1
2010,300000.0,60000.0,Diesel,Individual,Manual,First Owner,5.0,18.3,1991.0,147.9,Chevrolet,16,1
2017,1150000.0,6825.0,Petrol,Individual,Automatic,First Owner,5.0,18.0,1497.0,117.6,Honda,9,1
2015,450000.0,155000.0,Diesel,Individual,Automatic,First Owner,5.0,14.81,1998.0,163.7,Chevrolet,11,1
2018,375000.0,50000.0,CNG,Individual,Manual,First Owner,5.0,21.94,1196.0,61.7,Maruti,8,1
2016,600000.0,13500.0,Petrol,Individual,Manual,First Owner,7.0,17.5,1373.0,91.1,Maruti,10,1
2008,700000.0,225000.0,Diesel,Individual,Manual,First Owner,8.0,12.8,2494.0,102.0,Toyota,18,1
2018,600000.0,65000.0,Diesel,Individual,Manual,First Owner,5.0,25.4,1186.0,73.97,Hyundai,8,1
2014,630000.0,95000.0,Diesel,Individual,Manual,Second Owner,8.0,14.02,2179.0,118.3,Mahindra,12,2
2016,590000.0,40000.0,Petrol,Individual,Manual,Second Owner,5.0,20.73,1373.0,91.1,Maruti,10,2
2019,420000.0,30000.0,Petrol,Individual,Manual,First Owner,5.0,20.3,1086.0,68.0,Hyundai,7,1
2016,1950000.0,120000.0,Diesel,Individual,Manual,First Owner,7.0,13.5,2477.0,175.56,Mitsubishi,10,1
2013,541000.0,112011.0,Diesel,Individual,Manual,First Owner,7.0,13.93,2179.0,138.1,Tata,13,1
2015,900000.0,125000.0,Diesel,Individual,Manual,First Owner,7.0,12.99,2494.0,100.6,Toyota,11,1
2015,900000.0,125000.0,Diesel,Individual,Manual,First Owner,7.0,12.99,2494.0,100.6,Toyota,11,1
2009,250000.0,43000.0,Diesel,Individual,Manual,First Owner,5.0,18.8,1248.0,90.0,Tata,17,1
2019,670000.0,53534.0,Diesel,Individual,Manual,First Owner,7.0,15.96,2523.0,62.1,Mahindra,7,1
2019,530000.0,20000.0,Petrol,Individual,Manual,First Owner,5.0,20.3,1199.0,83.81,Tata,7,1
2012,150000.0,70000.0,Diesel,Individual,Manual,Second Owner,5.0,25.44,936.0,57.6,Chevrolet,14,2
2013,550000.0,70000.0,Diesel,Individual,Manual,Third Owner,7.0,15.1,2179.0,140.0,Mahindra,13,3
2015,650000.0,150000.0,Diesel,Individual,Manual,First Owner,7.0,15.4,1997.0,120.0,Mahindra,11,1
2012,180000.0,100000.0,Diesel,Individual,Manual,Second Owner,5.0,19.4,1405.0,70.0,Tata,14,2
2015,585000.0,50000.0,Diesel,Individual,Manual,First Owner,7.0,16.55,2498.0,105.0,Mahindra,11,1
2013,345000.0,120000.0,Petrol,Individual,Manual,Second Owner,5.0,18.5,1197.0,82.85,Hyundai,13,2
2013,350000.0,110000.0,Diesel,Individual,Manual,Third Owner,5.0,22.9,1248.0,74.0,Maruti,13,3
2016,725000.0,140000.0,Petrol,Individual,Manual,First Owner,7.0,15.4,1497.0,117.3,Honda,10,1
2012,250000.0,120000.0,Diesel,Individual,Manual,First Owner,7.0,15.42,1405.0,70.0,Tata,14,1
2002,45000.0,70000.0,Petrol,Individual,Manual,Second Owner,4.0,16.1,796.0,37.0,Maruti,24,2
2007,409999.0,225000.0,Diesel,Individual,Manual,Fourth & Above Owner,8.0,12.8,2494.0,102.0,Toyota,19,4
2017,325000.0,16500.0,Petrol,Individual,Manual,Second Owner,5.0,23.01,999.0,67.0,Renault,9,2
2016,350000.0,9900.0,Petrol,Individual,Manual,First Owner,5.0,23.95,998.0,67.05,Maruti,10,1
2012,180000.0,80000.0,Petrol,Individual,Manual,Third Owner,5.0,19.7,796.0,46.3,Maruti,14,3
2010,150000.0,100000.0,Petrol,Individual,Manual,Second Owner,5.0,16.0,1368.0,90.0,Fiat,16,2
2020,700000.0,20000.0,Petrol,Individual,Manual,First Owner,5.0,23.26,1197.0,88.5,Maruti,6,1
2016,795000.0,90000.0,Diesel,Individual,Manual,First Owner,5.0,28.09,1248.0,88.5,Maruti,10,1
2019,950000.0,15000.0,Diesel,Individual,Manual,First Owner,6.0,16.55,2498.0,105.0,Mahindra,7,1
2018,885000.0,75000.0,Diesel,Individual,Automatic,First Owner,5.0,21.5,1498.0,108.5,Volkswagen,8,1
2011,160000.0,140000.0,Diesel,Individual,Manual,First Owner,5.0,21.1,1248.0,73.9,Maruti,15,1
2012,300000.0,120000.0,Diesel,Individual,Manual,Second Owner,5.0,23.0,1396.0,90.0,Hyundai,14,2
2018,950000.0,75000.0,Diesel,Individual,Automatic,First Owner,5.0,21.5,1498.0,108.5,Volkswagen,8,1
2015,549000.0,90000.0,Diesel,Individual,Manual,First Owner,7.0,20.77,1248.0,88.76,Maruti,11,1
2018,3000000.0,20000.0,Diesel,Individual,Automatic,First Owner,5.0,20.38,1968.0,143.0,Audi,8,1
2015,1200000.0,61000.0,Diesel,Individual,Manual,First Owner,7.0,12.99,2494.0,100.6,Toyota,11,1
2012,570000.0,100000.0,Diesel,Individual,Manual,Second Owner,5.0,21.8,1461.0,78.0,Renault,14,2
2017,800000.0,60000.0,Diesel,Individual,Manual,Second Owner,6.0,16.55,2498.0,105.0,Mahindra,9,2
2009,375000.0,100000.0,Diesel,Individual,Manual,First Owner,5.0,18.1,1493.0,110.0,Hyundai,17,1
2009,300000.0,170000.0,Diesel,Individual,Manual,Third Owner,7.0,13.6,2523.0,63.0,Mahindra,17,3
2013,350000.0,100000.0,Petrol,Individual,Manual,Second Owner,5.0,16.78,1496.0,88.73,Toyota,13,2
2011,400000.0,120000.0,Diesel,Individual,Manual,Second Owner,7.0,13.6,2523.0,63.0,Mahindra,15,2
2015,434999.0,50000.0,Diesel,Individual,Manual,First Owner,5.0,20.14,1498.0,88.8,Volkswagen,11,1
2012,200000.0,120000.0,Petrol,Individual,Manual,Second Owner,5.0,19.3,1248.0,82.0,Toyota,14,2
2015,260000.0,25000.0,Petrol,Individual,Manual,First Owner,5.0,22.74,796.0,47.3,Maruti,11,1
2013,450000.0,24019.0,Diesel,Individual,Manual,First Owner,5.0,22.9,1248.0,74.0,Maruti,13,1
2013,459999.0,80000.0,Diesel,Individual,Manual,Second Owner,5.0,22.32,1582.0,126.32,Hyundai,13,2
2011,210000.0,100000.0,Diesel,Individual,Manual,Second Owner,5.0,21.1,1248.0,73.9,Maruti,15,2
2015,540000.0,93000.0,Petrol,Individual,Manual,Second Owner,5.0,20.85,1197.0,83.14,Maruti,11,2
2017,710000.0,50000.0,Diesel,Individual,Manual,First Owner,7.0,24.52,1248.0,88.5,Maruti,9,1
2018,285000.0,22000.0,Petrol,Individual,Manual,First Owner,5.0,24.7,796.0,47.3,Maruti,8,1
2019,990000.0,19600.0,Diesel,Individual,Manual,First Owner,5.0,22.1,1396.0,88.7,Hyundai,7,1
2017,362000.0,104000.0,Petrol,Individual,Manual,First Owner,5.0,15.64,1193.0,64.1,Tata,9,1
2017,880000.0,33000.0,Diesel,Individual,Manual,First Owner,5.0,23.0,1498.0,98.96,Ford,9,1
2017,700000.0,60000.0,Diesel,Individual,Manual,First Owner,7.0,18.49,1493.0,100.0,Mahindra,9,1
2016,600000.0,60000.0,Diesel,Individual,Manual,First Owner,9.0,15.96,2523.0,63.0,Mahindra,10,1
2015,700000.0,40000.0,Petrol,Individual,Manual,First Owner,5.0,13.24,1598.0,102.5,Nissan,11,1
2016,400000.0,60000.0,Diesel,Individual,Manual,First Owner,5.0,27.28,1047.0,69.0,Tata,10,1
2010,165000.0,80000.0,LPG,Individual,Manual,First Owner,5.0,13.2,1495.0,93.7,Hyundai,16,1
2007,350000.0,225000.0,Diesel,Individual,Manual,Second Owner,8.0,12.8,2494.0,102.0,Toyota,19,2
2014,425000.0,80000.0,Petrol,Individual,Manual,Third Owner,7.0,16.02,1373.0,93.7,Maruti,12,3
2012,180000.0,70000.0,Petrol,Individual,Manual,First Owner,5.0,17.92,1086.0,62.1,Hyundai,14,1
2012,170000.0,90000.0,Petrol,Individual,Manual,Third Owner,5.0,20.92,998.0,67.1,Maruti,14,3
2014,370000.0,183000.0,Diesel,Individual,Manual,First Owner,9.0,15.96,2523.0,63.0,Mahindra,12,1
2018,800000.0,27000.0,Diesel,Individual,Manual,First Owner,5.0,24.3,1248.0,88.5,Maruti,8,1
2017,900000.0,35000.0,Diesel,Individual,Manual,First Owner,5.0,23.0,1498.0,98.96,Ford,9,1
2013,390000.0,120000.0,Diesel,Individual,Manual,First Owner,5.0,22.9,1248.0,74.0,Maruti,13,1
2014,445000.0,80000.0,Diesel,Individual,Manual,Second Owner,5.0,23.4,1248.0,74.0,Maruti,12,2
2014,459999.0,70000.0,Diesel,Individual,Manual,Fourth & Above Owner,5.0,23.4,1248.0,74.0,Maruti,12,4
2013,275000.0,55000.0,LPG,Individual,Manual,First Owner,5.0,14.4,998.0,61.7,Maruti,13,1
2009,200000.0,120000.0,Diesel,Individual,Manual,Second Owner,5.0,21.1,1248.0,73.9,Maruti,17,2
2012,350000.0,72000.0,Petrol,Individual,Manual,Second Owner,5.0,17.5,1197.0,85.8,Maruti,14,2
2007,95000.0,120000.0,Diesel,Individual,Manual,Second Owner,7.0,12.0,2092.0,127.0,Tata,19,2
2014,550000.0,225000.0,Diesel,Individual,Manual,First Owner,5.0,23.59,1364.0,67.04,Toyota,12,1
2016,900000.0,100000.0,Diesel,Individual,Manual,First Owner,9.0,13.58,2499.0,72.4,Chevrolet,10,1
2013,350000.0,120000.0,Diesel,Individual,Manual,Second Owner,7.0,15.3,2956.0,83.83,Tata,13,2
2015,325000.0,50000.0,Petrol,Individual,Automatic,First Owner,5.0,19.34,1198.0,76.0,Nissan,11,1
2014,455999.0,32000.0,Petrol,Individual,Manual,First Owner,5.0,18.9,1197.0,82.0,Hyundai,12,1
2008,129000.0,60000.0,Petrol,Individual,Manual,First Owner,5.0,19.7,796.0,46.3,Maruti,18,1
2017,254000.0,40000.0,Petrol,Individual,Manual,First Owner,5.0,24.7,796.0,47.3,Maruti,9,1
2014,570000.0,48000.0,Diesel,Individual,Manual,First Owner,5.0,21.7,1498.0,98.96,Ford,12,1
2018,840000.0,30000.0,Diesel,Individual,Manual,First Owner,5.0,19.87,1461.0,83.14,Nissan,8,1
2010,235000.0,100000.0,Diesel,Individual,Manual,Second Owner,7.0,13.93,2179.0,138.1,Tata,16,2
2016,700000.0,50000.0,Diesel,Individual,Manual,First Owner,7.0,18.49,1493.0,100.0,Mahindra,10,1
2010,140000.0,40000.0,Petrol,Individual,Manual,Second Owner,5.0,19.3,1248.0,82.0,Hyundai,16,2
2018,528000.0,5000.0,Petrol,Individual,Manual,First Owner,5.0,18.9,1197.0,81.86,Hyundai,8,1
2017,1500000.0,12000.0,Diesel,Individual,Manual,First Owner,5.0,17.1,1956.0,170.0,Jeep,9,1
2016,560000.0,72000.0,Diesel,Individual,Manual,First Owner,9.0,15.96,2523.0,63.0,Mahindra,10,1
2016,600000.0,70000.0,Diesel,Individual,Manual,First Owner,9.0,15.96,2523.0,63.0,Mahindra,10,1
2007,102000.0,50000.0,Petrol,Individual,Manual,Second Owner,5.0,15.26,1150.0,74.9,Chevrolet,19,2
2014,750000.0,70000.0,Diesel,Individual,Manual,Second Owner,7.0,15.1,2179.0,140.0,Mahindra,12,2
2010,148000.0,70000.0,Petrol,Individual,Manual,Third Owner,5.0,14.7,1150.0,76.0,Chevrolet,16,3
2015,650000.0,50000.0,Petrol,Individual,Manual,First Owner,5.0,21.4,1197.0,83.1,Maruti,11,1
2012,310000.0,40000.0,Petrol,Individual,Manual,First Owner,5.0,16.47,1198.0,73.9,Volkswagen,14,1
2014,480000.0,30000.0,Petrol,Individual,Manual,First Owner,5.0,19.1,1197.0,82.0,Hyundai,12,1
2018,320000.0,15000.0,Petrol,Individual,Manual,First Owner,5.0,24.7,796.0,47.3,Maruti,8,1
2015,750000.0,40000.0,Petrol,Individual,Manual,First Owner,5.0,17.4,1497.0,117.3,Honda,11,1
2017,370000.0,40000.0,Petrol,Individual,Manual,First Owner,5.0,19.49,1198.0,67.04,Nissan,9,1
2013,320000.0,60000.0,Petrol,Individual,Manual,Fourth & Above Owner,5.0,18.6,1197.0,85.8,Maruti,13,4
2013,420000.0,67000.0,Petrol,Individual,Manual,First Owner,5.0,18.6,1197.0,85.8,Maruti,13,1
2010,240000.0,60000.0,Petrol,Individual,Manual,Second Owner,5.0,17.5,1298.0,85.8,Maruti,16,2
2017,220000.0,60000.0,Petrol,Individual,Manual,First Owner,5.0,22.5,999.0,67.0,Datsun,9,1
2016,350000.0,30000.0,Petrol,Individual,Manual,First Owner,5.0,23.84,1199.0,84.0,Tata,10,1
2018,675000.0,40000.0,Diesel,Individual,Manual,First Owner,5.0,25.8,1498.0,98.6,Honda,8,1
2016,434999.0,50000.0,Petrol,Individual,Manual,Second Owner,5.0,18.16,1197.0,78.8,Toyota,10,2
2006,125000.0,200000.0,Petrol,Individual,Automatic,Third Owner,5.0,13.1,1997.0,141.1,Honda,20,3
2016,400000.0,14000.0,Petrol,Individual,Manual,Second Owner,6.0,18.15,1198.0,82.0,Mahindra,10,2
2015,425000.0,70000.0,Diesel,Individual,Manual,First Owner,9.0,13.58,2499.0,72.4,Chevrolet,11,1
2010,311000.0,94000.0,Diesel,Individual,Manual,Second Owner,5.0,21.1,1248.0,75.0,Maruti,16,2
2015,509999.0,197000.0,Diesel,Individual,Manual,First Owner,10.0,13.58,2499.0,72.4,Chevrolet,11,1
2015,530000.0,79000.0,Diesel,Individual,Manual,Second Owner,5.0,25.83,1498.0,99.0,Ford,11,2
2008,210000.0,120000.0,Diesel,Individual,Manual,Second Owner,5.0,18.7,1896.0,66.0,Skoda,18,2
2019,977000.0,30000.0,Diesel,Individual,Manual,First Owner,8.0,17.3,1497.0,121.0,Mahindra,7,1
2018,440000.0,20000.0,Petrol,Individual,Manual,First Owner,5.0,20.51,998.0,67.04,Maruti,8,1
2018,440000.0,17000.0,Petrol,Individual,Manual,First Owner,5.0,20.51,998.0,67.04,Maruti,8,1
2018,655000.0,20000.0,Petrol,Individual,Manual,First Owner,5.0,18.6,1197.0,81.83,Hyundai,8,1
2016,295000.0,60000.0,Petrol,Individual,Manual,First Owner,5.0,25.17,799.0,53.3,Renault,10,1
2018,655000.0,20000.0,Petrol,Individual,Manual,First Owner,5.0,18.6,1197.0,81.83,Hyundai,8,1
2007,65000.0,70000.0,Petrol,Individual,Manual,Third Owner,5.0,15.0,1086.0,66.6,Hyundai,19,3
2017,1200000.0,150000.0,Diesel,Individual,Manual,First Owner,7.0,17.6,2179.0,153.86,Tata,9,1
2017,1251000.0,35000.0,Diesel,Individual,Manual,First Owner,7.0,17.6,2179.0,153.86,Tata,9,1
2010,200000.0,60000.0,Diesel,Individual,Manual,First Owner,5.0,23.03,1396.0,69.0,Tata,16,1
2016,750000.0,40000.0,Diesel,Individual,Manual,First Owner,5.0,21.19,1396.0,88.73,Hyundai,10,1
2018,400000.0,60000.0,CNG,Individual,Manual,First Owner,5.0,26.6,998.0,58.16,Maruti,8,1
2017,475000.0,57000.0,Petrol,Individual,Manual,First Owner,5.0,17.8,1198.0,86.7,Honda,9,1
2012,110000.0,120000.0,Diesel,Individual,Manual,Second Owner,5.0,17.8,1405.0,70.0,Tata,14,2
2017,350000.0,30000.0,Petrol,Individual,Manual,First Owner,5.0,23.01,999.0,67.0,Renault,9,1
2016,450000.0,175000.0,Diesel,Individual,Manual,First Owner,5.0,23.4,1248.0,74.0,Maruti,10,1
2010,150000.0,90000.0,Diesel,Individual,Manual,First Owner,5.0,17.0,1405.0,70.0,Tata,16,1
2009,80000.0,110000.0,Diesel,Individual,Manual,Second Owner,5.0,17.2,1396.0,53.5,Tata,17,2
2015,430000.0,35000.0,Petrol,Individual,Manual,Second Owner,5.0,18.6,1197.0,81.83,Hyundai,11,2
2017,1450000.0,81000.0,Diesel,Individual,Manual,First Owner,7.0,13.68,2393.0,147.8,Toyota,9,1
2011,360000.0,100000.0,Diesel,Individual,Manual,First Owner,5.0,18.3,1991.0,147.9,Chevrolet,15,1
2017,1445000.0,60000.0,Diesel,Individual,Automatic,First Owner,7.0,17.6,2179.0,153.86,Tata,9,1
2016,670000.0,60000.0,Diesel,Individual,Manual,First Owner,5.0,26.0,1498.0,98.6,Honda,10,1
2016,2000000.0,70000.0,Petrol,Individual,Automatic,First Owner,5.0,13.7,1991.0,183.0,Mercedes-Benz,10,1
2010,175000.0,83000.0,Petrol,Individual,Manual,Second Owner,5.0,19.3,1248.0,82.0,Maruti,16,2
2015,440000.0,50000.0,Diesel,Individual,Manual,First Owner,5.0,25.8,1498.0,98.6,Honda,11,1
2012,254999.0,90000.0,Diesel,Individual,Manual,First Owner,5.0,23.0,1396.0,90.0,Hyundai,14,1
2018,530000.0,65000.0,Petrol,Individual,Manual,First Owner,7.0,19.02,1198.0,67.05,Datsun,8,1
2016,890000.0,40000.0,Diesel,Individual,Manual,Second Owner,7.0,16.0,1997.0,140.0,Mahindra,10,2
2013,280000.0,80000.0,Diesel,Individual,Manual,Second Owner,5.0,22.07,1199.0,73.9,Volkswagen,13,2
2017,725000.0,35000.0,Petrol,Individual,Automatic,First Owner,5.0,21.21,1197.0,81.8,Maruti,9,1
2016,700000.0,30000.0,Diesel,Individual,Manual,First Owner,7.0,18.49,1493.0,100.0,Mahindra,10,1
2007,90000.0,70000.0,Petrol,Individual,Manual,First Owner,5.0,18.2,998.0,67.1,Maruti,19,1
2015,287000.0,100000.0,Petrol,Individual,Manual,Second Owner,5.0,19.81,1086.0,68.05,Hyundai,11,2
2018,1380000.0,55000.0,Petrol,Individual,Automatic,First Owner,5.0,14.8,1591.0,121.3,Hyundai,8,1
2013,750000.0,80000.0,Diesel,Individual,Manual,Second Owner,7.0,12.99,2494.0,100.6,Toyota,13,2
2016,650000.0,40000.0,Petrol,Individual,Manual,First Owner,5.0,17.43,1396.0,105.5,Hyundai,10,1
2013,240000.0,108916.0,Petrol,Individual,Manual,Second Owner,5.0,20.51,998.0,67.04,Maruti,13,2
2013,290000.0,40000.0,Petrol,Individual,Manual,Second Owner,5.0,21.1,814.0,55.2,Hyundai,13,2
2014,229999.0,80000.0,Petrol,Individual,Manual,First Owner,5.0,21.1,814.0,55.2,Hyundai,12,1
2016,1000000.0,50000.0,Diesel,Individual,Manual,Second Owner,5.0,26.0,1498.0,98.6,Honda,10,2
2012,200000.0,90000.0,Petrol,Individual,Manual,Second Owner,5.0,17.92,1086.0,62.1,Hyundai,14,2
2004,90000.0,70000.0,Petrol,Individual,Manual,Fourth & Above Owner,5.0,19.7,796.0,46.3,Maruti,22,4
2012,330000.0,90000.0,Diesel,Individual,Manual,First Owner,5.0,23.0,1396.0,90.0,Hyundai,14,1
2009,200000.0,70000.0,Diesel,Individual,Manual,First Owner,5.0,21.1,1248.0,73.9,Maruti,17,1
2018,420000.0,31000.0,Diesel,Individual,Manual,First Owner,6.0,25.32,1198.0,77.0,Mahindra,8,1
2009,260000.0,120000.0,Diesel,Individual,Manual,Second Owner,5.0,19.3,1248.0,73.9,Maruti,17,2
2016,590000.0,40000.0,Petrol,Individual,Manual,First Owner,5.0,18.6,1197.0,81.83,Hyundai,10,1
2015,545000.0,180000.0,Diesel,Individual,Manual,First Owner,5.0,25.2,1248.0,74.0,Maruti,11,1
2011,210000.0,90000.0,Petrol,Individual,Manual,Second Owner,5.0,18.9,998.0,67.1,Maruti,15,2
2008,185000.0,110000.0,Petrol,Individual,Manual,Second Owner,5.0,17.7,1497.0,78.0,Honda,18,2
2006,125000.0,59000.0,Petrol,Individual,Manual,Second Owner,5.0,18.9,998.0,67.1,Maruti,20,2
2014,280000.0,60000.0,Petrol,Individual,Manual,Second Owner,5.0,21.1,814.0,55.2,Hyundai,12,2
2005,99000.0,89500.0,Petrol,Individual,Manual,First Owner,5.0,19.3,1248.0,82.0,Hyundai,21,1
2005,98000.0,70000.0,Petrol,Individual,Manual,Second Owner,5.0,18.9,998.0,67.1,Maruti,21,2
2009,100000.0,190000.0,Diesel,Individual,Manual,First Owner,5.0,17.0,1405.0,71.0,Tata,17,1
2013,250000.0,180000.0,Diesel,Individual,Manual,First Owner,5.0,20.8,1461.0,64.1,Mahindra,13,1
2010,750000.0,150000.0,Diesel,Individual,Manual,Second Owner,7.0,11.5,2982.0,171.0,Toyota,16,2
2007,160000.0,130000.0,Diesel,Individual,Manual,Second Owner,5.0,16.52,1991.0,123.7,Chevrolet,19,2
2013,509999.0,120000.0,Diesel,Individual,Automatic,Second Owner,5.0,22.32,1582.0,126.3,Hyundai,13,2
2009,95000.0,80000.0,Diesel,Individual,Manual,Second Owner,5.0,17.88,1396.0,52.8,Tata,17,2
2014,525000.0,80000.0,Diesel,Individual,Manual,Second Owner,5.0,22.32,1582.0,126.32,Hyundai,12,2
2017,278000.0,20000.0,Petrol,Individual,Manual,First Owner,5.0,22.5,999.0,67.0,Datsun,9,1
1997,50000.0,60000.0,Petrol,Individual,Manual,Second Owner,4.0,16.1,796.0,37.0,Maruti,29,2
2011,254999.0,120000.0,Diesel,Individual,Manual,Third Owner,5.0,22.07,1199.0,73.9,Volkswagen,15,3
2019,675000.0,10000.0,Petrol,Individual,Manual,First Owner,5.0,21.21,1197.0,81.8,Maruti,7,1
2016,600000.0,147000.0,Diesel,Individual,Manual,Second Owner,5.0,26.59,1248.0,74.0,Maruti,10,2
2018,950000.0,51000.0,Diesel,Individual,Manual,First Owner,5.0,25.1,1248.0,88.5,Maruti,8,1
2007,229999.0,60000.0,Petrol,Individual,Manual,Third Owner,5.0,17.7,1497.0,78.0,Honda,19,3
2009,600000.0,220000.0,Diesel,Individual,Manual,First Owner,8.0,12.8,2494.0,102.0,Toyota,17,1
2017,330000.0,20000.0,Petrol,Individual,Manual,First Owner,5.0,24.7,796.0,47.3,Maruti,9,1
2017,350000.0,40000.0,Petrol,Individual,Manual,First Owner,5.0,23.95,998.0,67.05,Maruti,9,1
2016,560000.0,35000.0,Petrol,Individual,Manual,First Owner,5.0,16.2,1199.0,74.0,Volkswagen,10,1
2017,440000.0,30000.0,Petrol,Individual,Manual,First Owner,5.0,20.51,998.0,67.04,Maruti,9,1
2011,220000.0,90000.0,Petrol,Individual,Manual,Second Owner,5.0,19.0,998.0,66.1,Maruti,15,2
2017,750000.0,110000.0,Diesel,Individual,Manual,Second Owner,5.0,28.4,1248.0,74.02,Maruti,9,2
2015,800000.0,140000.0,Diesel,Individual,Manual,First Owner,7.0,15.1,2179.0,140.0,Mahindra,11,1
2007,59259.0,104000.0,Diesel,Individual,Manual,Second Owner,5.0,17.2,1396.0,53.5,Tata,19,2
2018,740000.0,9000.0,Petrol,Individual,Automatic,First Owner,5.0,21.4,1197.0,83.1,Maruti,8,1
2019,570000.0,19000.0,Petrol,Individual,Automatic,Second Owner,5.0,20.89,1197.0,81.8,Maruti,7,2
2017,430000.0,20000.0,Petrol,Individual,Automatic,First Owner,5.0,20.51,998.0,67.0,Maruti,9,1
2016,800000.0,70000.0,Diesel,Individual,Manual,First Owner,5.0,24.3,1248.0,88.5,Maruti,10,1
2015,450000.0,53000.0,Diesel,Individual,Manual,First Owner,5.0,24.0,1120.0,70.0,Hyundai,11,1
2013,420000.0,105000.0,Diesel,Individual,Manual,Second Owner,5.0,23.4,1248.0,74.0,Maruti,13,2
2015,750000.0,16000.0,Diesel,Individual,Manual,First Owner,7.0,18.06,2523.0,63.0,Mahindra,11,1
2019,780000.0,7200.0,Petrol,Individual,Manual,First Owner,5.0,21.1,998.0,100.5,Maruti,7,1
2011,320000.0,77000.0,Diesel,Individual,Manual,Second Owner,5.0,22.07,1199.0,73.9,Volkswagen,15,2
2017,690000.0,40000.0,Diesel,Individual,Manual,First Owner,6.0,25.32,1198.0,77.0,Mahindra,9,1
2012,375000.0,70000.0,Diesel,Individual,Manual,Second Owner,5.0,19.3,1248.0,73.9,Maruti,14,2
2017,620000.0,50000.0,Petrol,Individual,Manual,First Owner,5.0,18.12,1196.0,86.8,Ford,9,1
2015,300000.0,85000.0,LPG,Individual,Manual,First Owner,5.0,13.45,1086.0,62.1,Hyundai,11,1
2016,370000.0,58000.0,Petrol,Individual,Manual,Second Owner,7.0,15.37,1196.0,73.0,Maruti,10,2
2013,770000.0,85000.0,Diesel,Individual,Manual,First Owner,7.0,16.55,2498.0,105.0,Mahindra,13,1
2014,500000.0,65000.0,Petrol,Individual,Manual,First Owner,5.0,19.1,1197.0,81.86,Hyundai,12,1
2017,450000.0,120000.0,Diesel,Individual,Manual,First Owner,6.0,25.32,1198.0,77.0,Mahindra,9,1
2013,195000.0,50000.0,Petrol,Individual,Manual,Second Owner,5.0,17.92,1086.0,62.1,Hyundai,13,2
2018,472000.0,30000.0,Petrol,Individual,Automatic,First Owner,5.0,20.51,998.0,67.0,Maruti,8,1
2014,250000.0,58000.0,Petrol,Individual,Manual,Second Owner,5.0,23.95,998.0,67.05,Maruti,12,2
2011,165000.0,70000.0,Diesel,Individual,Manual,Second Owner,5.0,25.44,936.0,57.6,Chevrolet,15,2
2018,525000.0,110000.0,Diesel,Individual,Manual,Second Owner,5.0,20.65,1248.0,88.7,Tata,8,2
2003,145000.0,65000.0,Petrol,Individual,Manual,Third Owner,5.0,18.9,998.0,67.1,Maruti,23,3
2013,325000.0,100000.0,Diesel,Individual,Manual,First Owner,5.0,22.3,1248.0,88.8,Tata,13,1
2017,660000.0,60000.0,Diesel,Individual,Manual,Second Owner,7.0,16.5,1493.0,70.0,Mahindra,9,2
2014,310000.0,90000.0,Diesel,Individual,Manual,Second Owner,5.0,19.68,1399.0,67.0,Ford,12,2
2008,250000.0,200000.0,Diesel,Individual,Manual,First Owner,7.0,13.6,2523.0,63.0,Mahindra,18,1
2014,330000.0,100000.0,Diesel,Individual,Manual,Second Owner,5.0,19.68,1399.0,67.0,Ford,12,2
2012,250000.0,80000.0,Diesel,Individual,Manual,Second Owner,5.0,20.0,1399.0,68.0,Ford,14,2
2017,650000.0,60000.0,Diesel,Individual,Automatic,First Owner,7.0,17.45,1493.0,100.0,Mahindra,9,1
2016,305000.0,40000.0,Petrol,Individual,Manual,First Owner,5.0,23.95,998.0,67.05,Maruti,10,1
2015,600000.0,50000.0,Diesel,Individual,Manual,First Owner,5.0,26.21,1248.0,88.5,Maruti,11,1
2015,280000.0,110000.0,Petrol,Individual,Manual,First Owner,5.0,20.51,998.0,67.04,Maruti,11,1
2011,153000.0,50000.0,Diesel,Individual,Manual,Second Owner,5.0,23.57,1396.0,70.0,Tata,15,2
2018,700000.0,30000.0,Diesel,Individual,Manual,First Owner,7.0,18.49,1493.0,100.0,Mahindra,8,1
2017,325000.0,40000.0,Petrol,Individual,Manual,First Owner,5.0,25.17,799.0,53.3,Renault,9,1
2016,305000.0,40000.0,Petrol,Individual,Manual,First Owner,5.0,23.95,998.0,67.05,Maruti,10,1
2006,155000.0,70000.0,Petrol,Individual,Manual,Second Owner,4.0,16.1,796.0,37.0,Maruti,20,2
2012,235000.0,80000.0,Petrol,Individual,Manual,Third Owner,5.0,20.92,998.0,67.1,Maruti,14,3
2005,60000.0,100000.0,Diesel,Individual,Manual,Fourth & Above Owner,5.0,19.3,1248.0,82.0,Tata,21,4
2016,500000.0,15000.0,Petrol,Individual,Manual,First Owner,5.0,20.4,1197.0,81.8,Maruti,10,1
2004,120000.0,150000.0,Diesel,Individual,Manual,Second Owner,7.0,13.6,2523.0,63.0,Mahindra,22,2
2009,155000.0,63000.0,Petrol,Individual,Manual,Third Owner,5.0,19.3,1248.0,82.0,Maruti,17,3
2016,675000.0,88000.0,Diesel,Dealer,Automatic,First Owner,5.0,21.66,1498.0,103.52,Skoda,10,1
2014,950000.0,80000.0,Diesel,Dealer,Manual,First Owner,7.0,12.99,2494.0,100.6,Toyota,12,1
2018,1051000.0,59865.0,Diesel,Dealer,Manual,First Owner,7.0,15.1,2179.0,152.87,Mahindra,8,1
2016,591000.0,60000.0,Diesel,Dealer,Manual,First Owner,5.0,21.49,1498.0,108.5,Volkswagen,10,1
2015,585000.0,72000.0,Diesel,Dealer,Manual,First Owner,5.0,22.54,1396.0,88.73,Hyundai,11,1
2017,1025000.0,68140.0,Petrol,Dealer,Automatic,First Owner,5.0,18.0,1497.0,117.6,Honda,9,1
2014,450000.0,53190.0,Diesel,Dealer,Manual,First Owner,5.0,28.4,1248.0,74.0,Maruti,12,1
2014,484999.0,70100.0,Diesel,Dealer,Manual,First Owner,5.0,22.54,1396.0,88.73,Hyundai,12,1
2018,650000.0,47725.0,Diesel,Dealer,Manual,First Owner,5.0,27.3,1498.0,98.6,Honda,8,1
2014,434999.0,70195.0,Diesel,Dealer,Manual,Second Owner,5.0,28.4,1248.0,74.02,Maruti,12,2
2011,195000.0,77395.0,Diesel,Dealer,Manual,Second Owner,5.0,20.0,1399.0,68.0,Ford,15,2
2019,1000000.0,17000.0,Diesel,Dealer,Manual,First Owner,8.0,17.3,1497.0,121.0,Mahindra,7,1
2013,650000.0,64000.0,Diesel,Dealer,Automatic,First Owner,5.0,14.62,1498.0,113.42,Hyundai,13,1
2014,190000.0,74321.0,Diesel,Dealer,Manual,First Owner,5.0,25.44,936.0,56.3,Chevrolet,12,1
2013,409999.0,80235.0,Diesel,Dealer,Manual,Second Owner,5.0,28.4,1248.0,74.02,Maruti,13,2
2016,1050000.0,77150.0,Diesel,Dealer,Automatic,First Owner,5.0,17.01,1582.0,126.2,Hyundai,10,1
2015,651000.0,69000.0,Diesel,Dealer,Automatic,First Owner,5.0,22.15,1498.0,108.6,Volkswagen,11,1
2015,650000.0,57000.0,Diesel,Dealer,Manual,First Owner,5.0,23.65,1248.0,88.5,Maruti,11,1
2017,750000.0,89000.0,Diesel,Dealer,Manual,First Owner,5.0,21.14,1498.0,103.6,Skoda,9,1
2012,799000.0,61100.0,Diesel,Dealer,Automatic,First Owner,5.0,14.3,1968.0,140.0,Volkswagen,14,1
2010,355000.0,116000.0,Diesel,Individual,Manual,First Owner,5.0,18.7,1896.0,66.0,Skoda,16,1
2015,600000.0,80000.0,Diesel,Individual,Manual,First Owner,5.0,23.9,1582.0,126.32,Hyundai,11,1
2018,685000.0,26000.0,Diesel,Individual,Manual,First Owner,5.0,28.4,1248.0,74.0,Maruti,8,1
2018,509999.0,100000.0,Diesel,Individual,Manual,First Owner,5.0,28.4,1248.0,74.0,Maruti,8,1
2012,150000.0,82300.0,CNG,Individual,Manual,Second Owner,5.0,26.83,796.0,38.4,Maruti,14,2
2017,650000.0,82050.0,Diesel,Individual,Manual,First Owner,5.0,19.3,1248.0,73.9,Maruti,9,1
2012,400000.0,74500.0,Diesel,Individual,Manual,First Owner,5.0,19.3,1248.0,82.0,Toyota,14,1
2012,675000.0,120000.0,Diesel,Individual,Manual,Second Owner,7.0,15.1,2179.0,140.0,Mahindra,14,2
2018,319000.0,30000.0,Petrol,Individual,Automatic,First Owner,5.0,24.04,999.0,67.0,Renault,8,1
2019,640000.0,6000.0,Petrol,Individual,Manual,First Owner,5.0,19.5,1199.0,88.76,Honda,7,1
2017,650000.0,30000.0,Petrol,Individual,Manual,First Owner,5.0,18.6,1197.0,81.83,Hyundai,9,1
2015,650000.0,70000.0,Diesel,Individual,Manual,First Owner,7.0,20.77,1248.0,88.76,Maruti,11,1
2010,155000.0,70000.0,CNG,Individual,Manual,Second Owner,5.0,26.83,796.0,38.4,Maruti,16,2
2015,650000.0,70000.0,Diesel,Individual,Manual,First Owner,7.0,20.77,1248.0,88.76,Maruti,11,1
2008,175000.0,120000.0,Diesel,Individual,Manual,First Owner,5.0,17.8,1248.0,75.0,Maruti,18,1
2014,375000.0,76000.0,Diesel,Individual,Manual,Third Owner,5.0,24.0,1120.0,70.0,Hyundai,12,3
2014,430000.0,80000.0,Diesel,Individual,Manual,Second Owner,5.0,24.0,1120.0,70.0,Hyundai,12,2
2008,65000.0,110000.0,Diesel,Individual,Manual,Second Owner,5.0,17.2,1396.0,53.5,Tata,18,2
2009,150000.0,70000.0,Petrol,Individual,Manual,Third Owner,5.0,13.2,1495.0,94.0,Hyundai,17,3
2019,620000.0,13000.0,Petrol,Individual,Manual,First Owner,5.0,17.19,1197.0,81.86,Hyundai,7,1
2013,250000.0,60000.0,Petrol,Individual,Manual,Second Owner,5.0,14.09,1596.0,99.6,Ford,13,2
2011,275000.0,165000.0,Diesel,Individual,Manual,First Owner,5.0,21.1,1248.0,73.9,Maruti,15,1
2013,454000.0,120000.0,Diesel,Individual,Manual,Second Owner,10.0,13.58,2499.0,72.4,Chevrolet,13,2
2017,600000.0,30000.0,Diesel,Individual,Manual,Second Owner,7.0,18.49,1493.0,100.0,Mahindra,9,2
2011,400000.0,100000.0,Diesel,Individual,Manual,Second Owner,5.0,20.54,1598.0,103.6,Volkswagen,15,2
2007,180000.0,187000.0,Diesel,Individual,Manual,Second Owner,5.0,19.2,1461.0,65.0,Mahindra,19,2
2016,750000.0,70000.0,Diesel,Individual,Manual,First Owner,5.0,24.3,1248.0,88.5,Maruti,10,1
2016,500000.0,40000.0,Petrol,Individual,Manual,First Owner,5.0,20.4,1197.0,81.8,Maruti,10,1
2017,2825000.0,22000.0,Diesel,Dealer,Automatic,First Owner,5.0,15.73,1968.0,174.33,Audi,9,1
2020,2125000.0,5500.0,Diesel,Dealer,Manual,First Owner,5.0,26.8,1597.0,118.0,Honda,6,1
2018,3350000.0,18000.0,Diesel,Dealer,Automatic,First Owner,5.0,19.62,1998.0,190.0,Bmw,8,1
2019,840000.0,1500.0,Petrol,Individual,Automatic,First Owner,5.0,18.2,1199.0,88.7,Honda,7,1
2015,1000000.0,46000.0,Diesel,Individual,Manual,First Owner,7.0,24.5,1498.0,98.6,Honda,11,1
2017,740000.0,24400.0,Diesel,Individual,Manual,First Owner,5.0,27.39,1248.0,74.0,Maruti,9,1
2018,1290000.0,29899.0,Diesel,Dealer,Automatic,First Owner,5.0,22.15,1498.0,108.6,Volkswagen,8,1
2018,1800000.0,20000.0,Diesel,Dealer,Automatic,First Owner,8.0,11.36,2755.0,171.5,Toyota,8,1
2020,775000.0,2000.0,Petrol,Dealer,Manual,First Owner,5.0,20.7,1197.0,81.86,Hyundai,6,1
2017,695000.0,34000.0,Diesel,Dealer,Manual,First Owner,8.0,21.04,1461.0,83.8,Renault,9,1
2018,730000.0,31000.0,Petrol,Dealer,Automatic,First Owner,5.0,17.4,1197.0,81.86,Hyundai,8,1
2016,1295000.0,46000.0,Diesel,Dealer,Automatic,Second Owner,7.0,11.45,2776.0,197.2,Chevrolet,10,2
2016,1160000.0,121000.0,Diesel,Dealer,Automatic,First Owner,7.0,12.08,2999.0,161.0,Isuzu,10,1
2017,3300000.0,60000.0,Diesel,Dealer,Automatic,First Owner,5.0,0.0,1950.0,194.0,Mercedes-Benz,9,1
2018,540000.0,7000.0,Petrol,Dealer,Manual,First Owner,5.0,20.3,1086.0,68.0,Hyundai,8,1
2016,434999.0,10000.0,Petrol,Dealer,Automatic,First Owner,5.0,23.1,998.0,67.04,Maruti,10,1
2018,4600000.0,6000.0,Diesel,Dealer,Automatic,First Owner,5.0,17.9,2143.0,170.0,Mercedes-Benz,8,1
2018,910000.0,20000.0,Diesel,Dealer,Manual,First Owner,5.0,17.0,2596.0,80.8,Force,8,1
2015,850000.0,59235.0,Diesel,Dealer,Manual,First Owner,5.0,19.67,1582.0,126.2,Hyundai,11,1
2019,5200000.0,21000.0,Diesel,Dealer,Automatic,First Owner,5.0,16.78,1995.0,190.0,Bmw,7,1
2014,520000.0,48000.0,Diesel,Individual,Manual,First Owner,5.0,25.8,1498.0,98.6,Honda,12,1
2018,650000.0,114000.0,Diesel,Individual,Manual,First Owner,7.0,14.95,2489.0,93.7,Mahindra,8,1
2011,430000.0,120000.0,Diesel,Individual,Manual,Second Owner,5.0,19.3,1248.0,73.9,Maruti,15,2
2013,360000.0,144000.0,Diesel,Individual,Manual,First Owner,5.0,21.9,1396.0,88.8,Hyundai,13,1
2013,350000.0,144000.0,Diesel,Individual,Manual,First Owner,5.0,21.9,1396.0,88.8,Hyundai,13,1
2016,791000.0,190000.0,Diesel,Individual,Manual,First Owner,5.0,24.3,1248.0,88.5,Maruti,10,1
2015,950000.0,190000.0,Diesel,Individual,Manual,Second Owner,7.0,12.99,2494.0,100.6,Toyota,11,2
2019,690000.0,20000.0,Diesel,Individual,Manual,First Owner,5.0,28.4,1248.0,74.0,Maruti,7,1
2017,860000.0,40000.0,Diesel,Individual,Manual,Second Owner,5.0,22.0,1582.0,126.2,Hyundai,9,2
2012,371000.0,100000.0,Diesel,Individual,Manual,First Owner,5.0,19.3,1248.0,73.9,Maruti,14,1
2008,45000.0,60000.0,Diesel,Individual,Manual,Second Owner,5.0,16.8,1405.0,68.0,Tata,18,2
2006,55000.0,201000.0,Diesel,Individual,Manual,First Owner,5.0,17.8,1399.0,68.0,Ford,20,1
2011,240000.0,110000.0,Diesel,Individual,Manual,First Owner,5.0,20.54,1598.0,103.6,Volkswagen,15,1
2014,495000.0,77215.0,Diesel,Individual,Manual,Second Owner,5.0,25.2,1248.0,74.0,Maruti,12,2
2005,170000.0,50000.0,Petrol,Individual,Manual,First Owner,5.0,19.3,1248.0,82.0,Maruti,21,1
2015,671000.0,48228.0,Petrol,Dealer,Manual,First Owner,5.0,18.7,1199.0,88.7,Honda,11,1
2017,693000.0,58559.0,Diesel,Dealer,Manual,First Owner,5.0,25.2,1248.0,74.0,Maruti,9,1
2010,352000.0,72179.0,Diesel,Dealer,Manual,First Owner,5.0,19.3,1248.0,82.0,Maruti,16,1
2016,802999.0,50856.0,Diesel,Dealer,Manual,First Owner,5.0,26.0,1498.0,98.6,Honda,10,1
2017,890000.0,18300.0,Petrol,Individual,Manual,First Owner,5.0,17.8,1497.0,117.3,Honda,9,1
2015,495000.0,59292.0,Diesel,Dealer,Manual,First Owner,5.0,28.4,1248.0,74.0,Maruti,11,1
2018,545000.0,10000.0,Petrol,Dealer,Automatic,First Owner,5.0,23.1,998.0,67.04,Maruti,8,1
2018,775000.0,21147.0,Petrol,Dealer,Automatic,First Owner,5.0,21.4,1197.0,83.1,Maruti,8,1
2017,925000.0,69000.0,Diesel,Dealer,Manual,First Owner,5.0,25.6,1498.0,97.9,Honda,9,1
2019,1450000.0,10000.0,Diesel,Individual,Manual,First Owner,7.0,17.3,1497.0,121.0,Mahindra,7,1
2018,790000.0,16000.0,Diesel,Dealer,Automatic,First Owner,5.0,28.4,1248.0,74.0,Maruti,8,1
2017,1789999.0,36000.0,Diesel,Dealer,Manual,First Owner,8.0,13.68,2393.0,147.8,Toyota,9,1
2017,620000.0,37000.0,Petrol,Dealer,Manual,First Owner,5.0,21.01,1197.0,81.8,Maruti,9,1
2016,375000.0,61173.0,Diesel,Dealer,Manual,First Owner,5.0,27.62,793.0,47.0,Maruti,10,1
2016,595000.0,77321.0,Diesel,Dealer,Manual,First Owner,5.0,19.3,1248.0,82.0,Maruti,10,1
2016,2450000.0,30000.0,Diesel,Dealer,Automatic,First Owner,5.0,18.25,1968.0,187.74,Audi,10,1
2014,850000.0,75000.0,Diesel,Dealer,Manual,First Owner,7.0,15.1,2179.0,140.0,Mahindra,12,1
2017,750000.0,51000.0,Petrol,Dealer,Automatic,First Owner,5.0,19.56,1197.0,81.8,Maruti,9,1
2018,775000.0,17000.0,Petrol,Dealer,Manual,First Owner,5.0,21.01,1197.0,81.8,Maruti,8,1
2008,260000.0,100000.0,Diesel,Individual,Manual,Second Owner,5.0,17.8,1248.0,75.0,Maruti,18,2
2013,2000000.0,35000.0,Diesel,Individual,Automatic,Second Owner,5.0,17.68,1968.0,174.33,Audi,13,2
2017,300000.0,10000.0,Petrol,Individual,Manual,First Owner,5.0,21.1,814.0,55.2,Hyundai,9,1
2016,1300000.0,91567.0,Diesel,Individual,Automatic,Third Owner,7.0,16.0,2179.0,140.0,Mahindra,10,3
2017,380000.0,50000.0,Petrol,Individual,Manual,First Owner,5.0,23.1,998.0,67.04,Maruti,9,1
2017,480000.0,60000.0,Petrol,Individual,Manual,First Owner,5.0,18.9,1197.0,81.86,Hyundai,9,1
2016,240000.0,35000.0,Petrol,Individual,Manual,Second Owner,5.0,22.74,796.0,47.3,Maruti,10,2
2014,500000.0,33400.0,Petrol,Individual,Manual,First Owner,5.0,17.43,1396.0,105.5,Hyundai,12,1
2015,420000.0,36000.0,Petrol,Individual,Manual,First Owner,5.0,20.4,1197.0,83.11,Maruti,11,1
2011,130000.0,180000.0,Diesel,Individual,Manual,Second Owner,5.0,20.0,1399.0,68.0,Ford,15,2
2012,110000.0,80000.0,Petrol,Individual,Manual,First Owner,5.0,20.92,998.0,67.1,Maruti,14,1
2007,120000.0,120000.0,Petrol,Individual,Manual,Second Owner,5.0,19.7,796.0,46.3,Maruti,19,2
2017,700000.0,80000.0,Diesel,Individual,Automatic,First Owner,5.0,28.4,1248.0,74.02,Maruti,9,1
2018,550000.0,120000.0,Diesel,Individual,Manual,First Owner,5.0,28.4,1248.0,74.02,Maruti,8,1
2014,190000.0,110000.0,Diesel,Individual,Manual,Second Owner,5.0,19.09,1405.0,69.01,Tata,12,2
2018,665000.0,70000.0,Diesel,Individual,Manual,First Owner,5.0,23.59,1364.0,67.04,Toyota,8,1
2014,445000.0,120000.0,Diesel,Individual,Manual,Second Owner,7.0,14.95,2489.0,93.7,Mahindra,12,2
2012,340000.0,92686.0,Diesel,Dealer,Manual,Second Owner,5.0,21.9,1396.0,88.76,Hyundai,14,2
2009,330000.0,180000.0,Diesel,Individual,Manual,First Owner,5.0,13.6,1991.0,142.0,Hyundai,17,1
2012,270000.0,80000.0,Diesel,Individual,Manual,First Owner,5.0,21.02,1248.0,88.76,Tata,14,1
2015,1044999.0,70000.0,Diesel,Individual,Automatic,First Owner,7.0,16.0,2179.0,140.0,Mahindra,11,1
2009,279000.0,117000.0,Diesel,Individual,Manual,First Owner,5.0,17.8,1248.0,75.0,Maruti,17,1
2018,620000.0,15000.0,Petrol,Individual,Manual,First Owner,5.0,20.4,1194.0,94.93,Ford,8,1
2007,250000.0,100000.0,Diesel,Individual,Manual,Second Owner,5.0,16.6,1896.0,122.4,Skoda,19,2
2012,475000.0,83000.0,Petrol,Individual,Automatic,First Owner,5.0,15.74,1591.0,121.3,Hyundai,14,1
2016,750000.0,67600.0,Diesel,Individual,Automatic,First Owner,5.0,14.81,1998.0,163.7,Chevrolet,10,1
2015,1250000.0,160000.0,Diesel,Individual,Manual,Second Owner,7.0,13.5,2477.0,178.0,Mitsubishi,11,2
2014,250000.0,80000.0,Petrol,Individual,Manual,Second Owner,5.0,21.1,814.0,55.2,Hyundai,12,2
2013,445000.0,100000.0,Diesel,Individual,Manual,First Owner,5.0,25.8,1498.0,98.6,Honda,13,1
2010,400000.0,100000.0,Diesel,Individual,Manual,First Owner,5.0,15.0,1896.0,105.0,Volkswagen,16,1
2010,350000.0,90000.0,Diesel,Individual,Manual,Second Owner,5.0,23.0,1396.0,90.0,Hyundai,16,2
2012,295000.0,140000.0,Diesel,Individual,Manual,First Owner,5.0,20.5,1598.0,103.5,Skoda,14,1
2018,600000.0,25000.0,Petrol,Individual,Manual,First Owner,5.0,21.21,1197.0,81.8,Maruti,8,1
2018,1650000.0,20000.0,Diesel,Individual,Manual,First Owner,8.0,13.68,2393.0,147.8,Toyota,8,1
2012,100000.0,30000.0,Petrol,Individual,Manual,First Owner,4.0,16.1,796.0,37.0,Maruti,14,1
2018,690000.0,13000.0,Petrol,Individual,Manual,First Owner,5.0,20.4,1194.0,94.93,Ford,8,1
2018,710000.0,42000.0,Petrol,Individual,Manual,First Owner,5.0,18.6,1197.0,81.83,Hyundai,8,1
2018,350000.0,10000.0,Petrol,Individual,Manual,Second Owner,5.0,20.3,998.0,68.05,Hyundai,8,2
2012,220000.0,13000.0,Petrol,Individual,Manual,First Owner,5.0,20.92,998.0,67.1,Maruti,14,1
2019,700000.0,6500.0,Petrol,Individual,Manual,First Owner,7.0,20.0,999.0,72.0,Renault,7,1
2013,198000.0,49500.0,Petrol,Individual,Manual,Second Owner,5.0,21.1,814.0,55.2,Hyundai,13,2
2011,350000.0,50000.0,Diesel,Individual,Manual,First Owner,5.0,23.0,1396.0,90.0,Hyundai,15,1
2011,210000.0,175000.0,Diesel,Individual,Manual,Second Owner,5.0,23.57,1396.0,70.0,Tata,15,2
2011,210000.0,175000.0,Diesel,Individual,Manual,Second Owner,5.0,23.03,1396.0,69.0,Tata,15,2
2003,70000.0,120000.0,Petrol,Individual,Manual,Third Owner,5.0,19.3,1248.0,82.0,Hyundai,23,3
2014,375000.0,110000.0,Diesel,Individual,Manual,Third Owner,5.0,23.2,1248.0,73.94,Maruti,12,3
2012,380000.0,112048.0,Petrol,Individual,Manual,Second Owner,5.0,17.5,1298.0,85.8,Maruti,14,2
2010,360000.0,98000.0,Petrol,Individual,Manual,Third Owner,5.0,17.0,1497.0,118.0,Honda,16,3
2015,944999.0,41000.0,Diesel,Individual,Manual,First Owner,7.0,15.1,2179.0,140.0,Mahindra,11,1
2016,620000.0,120000.0,Diesel,Individual,Manual,First Owner,10.0,13.58,2499.0,72.4,Chevrolet,10,1
2018,780000.0,116000.0,Diesel,Individual,Manual,First Owner,5.0,23.59,1364.0,67.05,Toyota,8,1
2020,445000.0,1000.0,Petrol,Individual,Manual,First Owner,5.0,21.21,1197.0,81.8,Maruti,6,1
2018,575000.0,15000.0,Petrol,Individual,Automatic,First Owner,5.0,17.36,1197.0,81.86,Hyundai,8,1
2018,975000.0,5000.0,Diesel,Individual,Manual,First Owner,5.0,25.1,1248.0,88.5,Maruti,8,1
2019,450000.0,3500.0,Petrol,Individual,Manual,First Owner,5.0,23.84,1199.0,83.83,Tata,7,1
2009,198000.0,91000.0,Petrol,Individual,Manual,Second Owner,5.0,19.3,1248.0,82.0,Maruti,17,2
2017,495000.0,56000.0,Diesel,Individual,Manual,First Owner,5.0,25.83,1498.0,99.0,Ford,9,1
2013,830000.0,215000.0,Diesel,Individual,Manual,First Owner,7.0,12.99,2494.0,100.0,Toyota,13,1
2012,800000.0,40000.0,Diesel,Individual,Manual,First Owner,7.0,15.1,2179.0,140.0,Mahindra,14,1
2010,300000.0,70000.0,Diesel,Individual,Manual,Third Owner,5.0,19.3,1248.0,82.0,Maruti,16,3
2013,300000.0,120000.0,Diesel,Individual,Manual,Second Owner,5.0,23.2,1248.0,73.94,Maruti,13,2
2003,200000.0,120000.0,Diesel,Individual,Manual,Second Owner,7.0,10.5,2179.0,120.0,Mahindra,23,2
2017,480000.0,30400.0,Petrol,Dealer,Manual,First Owner,5.0,18.5,1198.0,86.8,Honda,9,1
2017,950000.0,24000.0,Diesel,Dealer,Manual,First Owner,7.0,21.9,1498.0,98.6,Honda,9,1
2017,840000.0,30646.0,Petrol,Dealer,Manual,First Owner,7.0,15.4,1497.0,117.3,Honda,9,1
2017,800000.0,15000.0,Diesel,Individual,Manual,First Owner,5.0,23.9,1582.0,126.2,Hyundai,9,1
2017,750000.0,50000.0,Diesel,Individual,Manual,First Owner,5.0,22.27,1498.0,108.6,Volkswagen,9,1
2017,254999.0,34000.0,Petrol,Individual,Manual,First Owner,5.0,21.1,814.0,55.2,Hyundai,9,1
2016,725000.0,54000.0,Diesel,Individual,Manual,Second Owner,7.0,24.52,1248.0,88.5,Maruti,10,2
2016,1859000.0,40000.0,Diesel,Individual,Automatic,Second Owner,5.0,19.7,2143.0,134.1,Mercedes-Benz,10,2
2012,145000.0,120000.0,Petrol,Individual,Manual,First Owner,5.0,18.6,1199.0,79.4,Chevrolet,14,1
2018,750000.0,15000.0,Petrol,Individual,Manual,First Owner,5.0,17.0,1198.0,108.5,Tata,8,1
2017,655000.0,50000.0,Diesel,Individual,Automatic,First Owner,5.0,22.0,1498.0,108.495,Volkswagen,9,1
2011,210000.0,84000.0,Diesel,Individual,Manual,Second Owner,5.0,20.0,1399.0,68.0,Ford,15,2
2011,450000.0,50000.0,Petrol,Individual,Manual,First Owner,5.0,17.0,1497.0,118.0,Honda,15,1
2019,466000.0,25000.0,Petrol,Individual,Automatic,Fourth & Above Owner,5.0,20.3,1086.0,68.0,Hyundai,7,4
2018,624000.0,14681.0,Diesel,Dealer,Manual,First Owner,5.0,19.3,1248.0,82.0,Ford,8,1
2015,580000.0,52000.0,Diesel,Individual,Manual,First Owner,5.0,25.83,1498.0,99.0,Ford,11,1
2019,430000.0,18500.0,Petrol,Individual,Manual,First Owner,5.0,20.3,1086.0,68.0,Hyundai,7,1
2012,155000.0,50000.0,Diesel,Individual,Manual,First Owner,5.0,23.03,1396.0,69.0,Tata,14,1
2017,240000.0,35000.0,Petrol,Individual,Manual,First Owner,5.0,22.5,999.0,67.0,Datsun,9,1
2016,540000.0,15500.0,Petrol,Individual,Manual,First Owner,5.0,16.78,1496.0,88.73,Toyota,10,1
2013,250000.0,120000.0,Diesel,Individual,Manual,First Owner,5.0,19.09,1396.0,69.0,Tata,13,1
2012,260000.0,60000.0,Diesel,Individual,Manual,First Owner,5.0,25.0,1396.0,69.0,Tata,14,1
2011,550000.0,80000.0,Diesel,Individual,Manual,Second Owner,9.0,12.05,2179.0,120.0,Mahindra,15,2
2014,550000.0,43011.0,Petrol,Dealer,Manual,First Owner,5.0,18.88,999.0,123.37,Ford,12,1
2015,600000.0,136000.0,Diesel,Individual,Manual,First Owner,5.0,19.01,1461.0,108.45,Renault,11,1
2017,550000.0,15000.0,Diesel,Individual,Manual,First Owner,5.0,25.83,1498.0,99.0,Ford,9,1
2011,370000.0,110000.0,Diesel,Individual,Manual,Second Owner,7.0,13.6,2523.0,63.0,Mahindra,15,2
2008,250000.0,100000.0,Petrol,Individual,Manual,Second Owner,5.0,19.81,1086.0,68.05,Hyundai,18,2
2005,125000.0,70000.0,Petrol,Individual,Manual,Fourth & Above Owner,5.0,19.7,796.0,46.3,Maruti,21,4
2010,200000.0,110000.0,Diesel,Individual,Manual,First Owner,5.0,17.0,1405.0,71.0,Tata,16,1
2017,675000.0,127991.0,Diesel,Dealer,Manual,First Owner,5.0,25.5,1498.0,98.6,Honda,9,1
1999,150000.0,198000.0,Diesel,Individual,Manual,Second Owner,5.0,14.8,1998.0,68.0,Mitsubishi,27,2
2010,290000.0,65000.0,Petrol,Individual,Manual,First Owner,5.0,15.64,1193.0,64.1,Tata,16,1
2002,95000.0,90000.0,Petrol,Individual,Manual,Third Owner,5.0,19.3,1248.0,82.0,Maruti,24,3
2018,889000.0,20000.0,Diesel,Individual,Manual,First Owner,5.0,28.09,1248.0,88.5,Maruti,8,1
2016,400000.0,60000.0,Petrol,Individual,Manual,First Owner,5.0,17.0,1198.0,73.75,Volkswagen,10,1
2018,390000.0,13120.0,Petrol,Individual,Manual,First Owner,5.0,25.17,799.0,53.3,Renault,8,1
2017,1550000.0,87500.0,Diesel,Individual,Manual,First Owner,5.0,17.1,1956.0,170.0,Jeep,9,1
2014,600000.0,125000.0,Diesel,Individual,Manual,First Owner,5.0,22.32,1582.0,126.32,Hyundai,12,1
2018,800000.0,25000.0,Petrol,Individual,Automatic,First Owner,5.0,17.4,1197.0,81.86,Hyundai,8,1
2013,600000.0,120000.0,Diesel,Individual,Manual,Third Owner,7.0,20.77,1248.0,88.8,Maruti,13,3
2015,795000.0,35000.0,Petrol,Individual,Manual,First Owner,5.0,17.01,1591.0,121.3,Hyundai,11,1
2016,735000.0,25000.0,Diesel,Individual,Manual,First Owner,5.0,22.54,1396.0,88.73,Hyundai,10,1
2005,250000.0,120000.0,Diesel,Individual,Manual,Third Owner,5.0,16.4,1896.0,90.0,Skoda,21,3
2018,400000.0,25000.0,Petrol,Individual,Automatic,First Owner,5.0,24.04,999.0,67.0,Renault,8,1
2005,130000.0,79000.0,Diesel,Individual,Manual,Second Owner,5.0,13.1,1493.0,82.0,Hyundai,21,2
2015,600000.0,125000.0,Diesel,Individual,Manual,First Owner,8.0,21.04,1461.0,83.8,Renault,11,1
2014,395000.0,140000.0,Diesel,Individual,Manual,First Owner,8.0,14.0,2489.0,95.0,Mahindra,12,1
2016,720000.0,80000.0,Diesel,Individual,Manual,First Owner,5.0,21.19,1396.0,88.73,Hyundai,10,1
2011,450000.0,110000.0,Petrol,Individual,Manual,Third Owner,5.0,16.8,1497.0,116.4,Honda,15,3
2018,700000.0,25000.0,Petrol,Individual,Manual,First Owner,5.0,18.16,1196.0,86.8,Ford,8,1
2015,1000000.0,46000.0,Diesel,Individual,Manual,First Owner,7.0,24.5,1498.0,98.6,Honda,11,1
2020,500000.0,1000.0,Petrol,Individual,Manual,First Owner,5.0,20.3,1086.0,68.07,Hyundai,6,1
2007,125000.0,60000.0,Petrol,Individual,Manual,Second Owner,4.0,16.1,796.0,37.0,Maruti,19,2
2015,690000.0,80000.0,Diesel,Individual,Manual,First Owner,8.0,21.04,1461.0,83.8,Renault,11,1
2017,1550000.0,120000.0,Diesel,Individual,Manual,First Owner,5.0,17.1,1956.0,170.0,Jeep,9,1
2013,170000.0,110000.0,Petrol,Individual,Manual,Second Owner,5.0,15.3,1193.0,65.3,Tata,13,2
2010,275000.0,110000.0,Diesel,Individual,Manual,Third Owner,5.0,20.4,1248.0,91.7,Fiat,16,3
2007,500000.0,200000.0,Diesel,Individual,Manual,Third Owner,8.0,12.8,2494.0,102.0,Toyota,19,3
2013,950000.0,80000.0,Diesel,Individual,Manual,Second Owner,5.0,19.33,1968.0,138.1,Volkswagen,13,2
2019,802999.0,24000.0,Diesel,Individual,Manual,First Owner,5.0,28.4,1248.0,74.02,Maruti,7,1
2013,470000.0,150000.0,Diesel,Individual,Manual,First Owner,5.0,23.4,1248.0,74.0,Maruti,13,1
2015,300000.0,60000.0,Petrol,Individual,Manual,First Owner,5.0,25.17,799.0,53.3,Renault,11,1
2014,600000.0,116000.0,Diesel,Individual,Manual,First Owner,5.0,19.01,1461.0,108.45,Renault,12,1
2013,275000.0,104300.0,Diesel,Individual,Manual,First Owner,5.0,20.0,1399.0,68.1,Ford,13,1
2018,700000.0,30000.0,Diesel,Individual,Manual,First Owner,6.0,25.32,1198.0,77.0,Mahindra,8,1
2014,3250000.0,33000.0,Diesel,Individual,Automatic,First Owner,7.0,11.3,2987.0,254.8,Mercedes-Benz,12,1
2020,800000.0,25000.0,Diesel,Individual,Manual,First Owner,5.0,21.66,1498.0,108.62,Volkswagen,6,1
2014,2200000.0,60000.0,Diesel,Individual,Automatic,First Owner,5.0,17.68,1968.0,174.33,Audi,12,1
2007,245000.0,121000.0,Diesel,Individual,Manual,Second Owner,5.0,18.1,1493.0,110.0,Hyundai,19,2
2010,310000.0,120000.0,Diesel,Individual,Manual,Second Owner,5.0,16.8,1493.0,110.0,Hyundai,16,2
2007,245000.0,120000.0,Diesel,Individual,Manual,Second Owner,5.0,18.1,1493.0,110.0,Hyundai,19,2
2011,450000.0,110000.0,Petrol,Individual,Manual,First Owner,5.0,16.47,1198.0,73.9,Volkswagen,15,1
2013,850000.0,84000.0,Diesel,Individual,Automatic,Second Owner,5.0,16.96,1968.0,138.03,Volkswagen,13,2
2004,325000.0,120000.0,Petrol,Individual,Automatic,Third Owner,5.0,10.1,2354.0,152.0,Honda,22,3
2013,409999.0,100000.0,Diesel,Individual,Manual,Third Owner,5.0,22.9,1248.0,74.0,Maruti,13,3
2018,5200000.0,50000.0,Diesel,Individual,Automatic,First Owner,5.0,11.2,1969.0,235.0,Volvo,8,1
2015,1000000.0,73500.0,Diesel,Individual,Manual,First Owner,5.0,19.67,1582.0,126.2,Hyundai,11,1
2016,590000.0,34000.0,Diesel,Individual,Manual,Second Owner,5.0,24.4,1120.0,71.0,Hyundai,10,2
2019,1200000.0,23000.0,Diesel,Individual,Manual,First Owner,5.0,20.45,1461.0,108.5,Nissan,7,1
2008,175000.0,163000.0,Diesel,Individual,Manual,Third Owner,5.0,17.8,1399.0,68.0,Ford,18,3
2011,300000.0,119000.0,Diesel,Individual,Manual,Second Owner,5.0,16.52,1991.0,123.7,Chevrolet,15,2
2017,2175000.0,50000.0,Diesel,Individual,Automatic,First Owner,7.0,11.36,2755.0,171.5,Toyota,9,1
2019,1110000.0,10500.0,Diesel,Individual,Manual,First Owner,5.0,25.6,1498.0,97.9,Honda,7,1
2000,150000.0,225000.0,Diesel,Individual,Manual,Second Owner,5.0,14.8,1998.0,68.0,Mitsubishi,26,2
2013,325000.0,155000.0,Diesel,Individual,Manual,Second Owner,5.0,20.54,1598.0,103.6,Volkswagen,13,2
2010,325000.0,163000.0,Diesel,Individual,Manual,First Owner,5.0,17.8,1399.0,68.0,Ford,16,1
2008,280000.0,75000.0,Petrol,Individual,Manual,First Owner,5.0,17.7,1497.0,78.0,Honda,18,1
2008,160000.0,56000.0,Petrol,Individual,Manual,Third Owner,5.0,19.3,1248.0,82.0,Maruti,18,3
2016,765000.0,80000.0,Diesel,Individual,Manual,First Owner,5.0,26.0,1498.0,98.6,Honda,10,1
2014,640000.0,120000.0,Diesel,Individual,Manual,Second Owner,5.0,26.0,1498.0,98.6,Honda,12,2
2007,65000.0,120000.0,Diesel,Individual,Manual,Third Owner,5.0,17.88,1396.0,52.8,Tata,19,3
2007,195000.0,175000.0,Diesel,Individual,Manual,Second Owner,5.0,18.7,1896.0,66.0,Skoda,19,2
2017,295000.0,15000.0,Petrol,Individual,Manual,First Owner,5.0,24.7,796.0,47.3,Maruti,9,1
2012,625000.0,100000.0,Diesel,Individual,Manual,Second Owner,5.0,23.4,1248.0,74.0,Maruti,14,2
2009,160000.0,80000.0,Petrol,Individual,Manual,Second Owner,5.0,18.9,998.0,67.1,Maruti,17,2
2015,330000.0,84000.0,Petrol,Individual,Manual,Second Owner,5.0,23.1,998.0,67.04,Maruti,11,2
2010,180000.0,50000.0,Petrol,Individual,Manual,Second Owner,5.0,15.6,1196.0,70.0,Ford,16,2
2003,70000.0,50000.0,Petrol,Individual,Manual,Second Owner,5.0,19.3,1248.0,82.0,Fiat,23,2
2012,150000.0,35000.0,Petrol,Individual,Manual,Second Owner,5.0,14.0,796.0,35.0,Maruti,14,2
2011,300000.0,30000.0,Petrol,Individual,Manual,First Owner,5.0,19.81,1086.0,68.05,Hyundai,15,1
2018,730000.0,2388.0,Petrol,Individual,Manual,First Owner,5.0,18.6,1197.0,81.83,Hyundai,8,1
2017,650000.0,16200.0,Diesel,Individual,Manual,First Owner,5.0,24.3,1248.0,88.5,Maruti,9,1
2019,330000.0,10000.0,CNG,Individual,Manual,Second Owner,4.0,33.44,796.0,40.3,Maruti,7,2
2019,366000.0,15000.0,Petrol,Individual,Manual,First Owner,5.0,23.95,998.0,67.1,Maruti,7,1
2019,1149000.0,5000.0,Petrol,Individual,Manual,First Owner,5.0,17.0,1591.0,121.3,Hyundai,7,1
2016,150000.0,42000.0,Petrol,Individual,Manual,First Owner,5.0,20.63,1198.0,67.0,Datsun,10,1
2013,187000.0,120000.0,Petrol,Individual,Manual,Second Owner,5.0,17.92,1086.0,62.1,Hyundai,13,2
2011,425000.0,60000.0,Diesel,Individual,Manual,Second Owner,7.0,13.93,2179.0,138.03,Tata,15,2
2012,150000.0,76000.0,Petrol,Individual,Manual,First Owner,4.0,16.1,796.0,37.0,Maruti,14,1
2018,620000.0,15000.0,Petrol,Individual,Manual,First Owner,5.0,20.4,1194.0,94.93,Ford,8,1
2007,250000.0,100000.0,Diesel,Individual,Manual,Second Owner,5.0,16.6,1896.0,122.4,Skoda,19,2
2012,475000.0,83000.0,Petrol,Individual,Automatic,First Owner,5.0,15.74,1591.0,121.3,Hyundai,14,1
2016,750000.0,67600.0,Diesel,Individual,Automatic,First Owner,5.0,14.81,1998.0,163.7,Chevrolet,10,1
2015,1250000.0,160000.0,Diesel,Individual,Manual,Second Owner,7.0,13.5,2477.0,178.0,Mitsubishi,11,2
2014,250000.0,80000.0,Petrol,Individual,Manual,Second Owner,5.0,21.1,814.0,55.2,Hyundai,12,2
2013,445000.0,100000.0,Diesel,Individual,Manual,First Owner,5.0,25.8,1498.0,98.6,Honda,13,1
2010,400000.0,100000.0,Diesel,Individual,Manual,First Owner,5.0,15.0,1896.0,105.0,Volkswagen,16,1
2010,350000.0,90000.0,Diesel,Individual,Manual,Second Owner,5.0,23.0,1396.0,90.0,Hyundai,16,2
2012,295000.0,140000.0,Diesel,Individual,Manual,First Owner,5.0,20.5,1598.0,103.5,Skoda,14,1
2018,600000.0,25000.0,Petrol,Individual,Manual,First Owner,5.0,21.21,1197.0,81.8,Maruti,8,1
2018,1650000.0,20000.0,Diesel,Individual,Manual,First Owner,8.0,13.68,2393.0,147.8,Toyota,8,1
2012,100000.0,30000.0,Petrol,Individual,Manual,First Owner,4.0,16.1,796.0,37.0,Maruti,14,1
2018,690000.0,13000.0,Petrol,Individual,Manual,First Owner,5.0,20.4,1194.0,94.93,Ford,8,1
2018,710000.0,42000.0,Petrol,Individual,Manual,First Owner,5.0,18.6,1197.0,81.83,Hyundai,8,1
2018,350000.0,10000.0,Petrol,Individual,Manual,Second Owner,5.0,20.3,998.0,68.05,Hyundai,8,2
2012,220000.0,13000.0,Petrol,Individual,Manual,First Owner,5.0,20.92,998.0,67.1,Maruti,14,1
2019,700000.0,6500.0,Petrol,Individual,Manual,First Owner,7.0,20.0,999.0,72.0,Renault,7,1
2013,198000.0,49500.0,Petrol,Individual,Manual,Second Owner,5.0,21.1,814.0,55.2,Hyundai,13,2
2011,350000.0,50000.0,Diesel,Individual,Manual,First Owner,5.0,23.0,1396.0,90.0,Hyundai,15,1
2016,650000.0,35000.0,Petrol,Individual,Manual,Second Owner,5.0,21.4,1197.0,83.1,Maruti,10,2
2015,380000.0,120000.0,Diesel,Individual,Manual,Second Owner,5.0,21.03,1461.0,65.0,Mahindra,11,2
2014,360000.0,50000.0,Petrol,Individual,Manual,Second Owner,5.0,17.57,1193.0,88.7,Tata,12,2
2012,385000.0,116000.0,Petrol,Individual,Manual,First Owner,5.0,15.0,1598.0,103.5,Skoda,14,1
2012,590000.0,110000.0,Diesel,Individual,Manual,Second Owner,5.0,22.32,1582.0,126.32,Hyundai,14,2
2013,750000.0,70000.0,Diesel,Individual,Manual,Second Owner,7.0,15.1,2179.0,140.0,Mahindra,13,2
2011,254999.0,100000.0,Diesel,Individual,Manual,Third Owner,5.0,20.3,1248.0,75.0,Fiat,15,3
2015,499000.0,20000.0,Petrol,Individual,Manual,First Owner,5.0,18.9,1197.0,81.86,Hyundai,11,1
2018,730000.0,60000.0,Diesel,Individual,Automatic,First Owner,5.0,28.4,1248.0,74.02,Maruti,8,1
2016,650000.0,30000.0,Diesel,Individual,Manual,Second Owner,5.0,27.3,1498.0,98.6,Honda,10,2
2012,220000.0,75000.0,Diesel,Individual,Manual,First Owner,5.0,23.08,1461.0,63.12,Renault,14,1
2006,229999.0,110000.0,Petrol,Individual,Manual,Third Owner,5.0,19.3,1248.0,82.0,Maruti,20,3
2006,215000.0,90000.0,Petrol,Individual,Manual,Fourth & Above Owner,5.0,19.3,1248.0,82.0,Maruti,20,4
2006,100000.0,110000.0,Diesel,Individual,Manual,Third Owner,5.0,16.8,1405.0,62.0,Tata,20,3
2004,110000.0,120000.0,Petrol,Individual,Manual,Fourth & Above Owner,5.0,14.4,1599.0,94.0,Hyundai,22,4
2009,152000.0,48000.0,Diesel,Individual,Manual,Second Owner,5.0,17.0,1405.0,71.0,Tata,17,2
2020,600000.0,5000.0,Petrol,Individual,Automatic,First Owner,5.0,20.89,1197.0,81.8,Maruti,6,1
2016,620000.0,120000.0,Diesel,Individual,Manual,First Owner,10.0,13.58,2499.0,72.4,Chevrolet,10,1
2018,780000.0,116000.0,Diesel,Individual,Manual,First Owner,5.0,23.59,1364.0,67.05,Toyota,8,1
2020,445000.0,1000.0,Petrol,Individual,Manual,First Owner,5.0,21.21,1197.0,81.8,Maruti,6,1
2018,575000.0,15000.0,Petrol,Individual,Automatic,First Owner,5.0,17.36,1197.0,81.86,Hyundai,8,1
2018,975000.0,5000.0,Diesel,Individual,Manual,First Owner,5.0,25.1,1248.0,88.5,Maruti,8,1
2019,450000.0,3500.0,Petrol,Individual,Manual,First Owner,5.0,23.84,1199.0,83.83,Tata,7,1
2015,480000.0,80000.0,Diesel,Individual,Manual,First Owner,5.0,25.83,1498.0,99.0,Ford,11,1
2008,110000.0,48676.0,Petrol,Individual,Manual,First Owner,8.0,19.7,796.0,35.0,Maruti,18,1
2006,105000.0,60000.0,Petrol,Individual,Manual,Third Owner,5.0,19.3,1248.0,82.0,Hyundai,20,3
2018,5200000.0,30000.0,Diesel,Individual,Automatic,First Owner,4.0,17.09,2993.0,261.4,Bmw,8,1
2014,415000.0,72000.0,Petrol,Dealer,Manual,First Owner,5.0,18.6,1197.0,81.83,Hyundai,12,1
2015,475000.0,51000.0,Petrol,Dealer,Manual,First Owner,5.0,22.0,1197.0,81.8,Maruti,11,1
2017,525000.0,29000.0,Petrol,Dealer,Manual,First Owner,5.0,20.89,1197.0,81.8,Maruti,9,1
2015,365000.0,28000.0,Petrol,Dealer,Manual,First Owner,5.0,20.52,1197.0,81.8,Maruti,11,1
2011,375000.0,97000.0,Diesel,Dealer,Manual,First Owner,5.0,25.2,1248.0,74.0,Maruti,15,1
2018,765000.0,59000.0,Diesel,Dealer,Manual,First Owner,5.0,28.4,1248.0,74.02,Maruti,8,1
2019,770000.0,27000.0,Diesel,Individual,Manual,First Owner,5.0,28.4,1248.0,74.02,Maruti,7,1
2018,350000.0,30000.0,Petrol,Individual,Manual,First Owner,5.0,25.17,799.0,53.3,Renault,8,1
2015,875000.0,70000.0,Diesel,Individual,Manual,First Owner,7.0,15.4,1997.0,120.0,Mahindra,11,1
2014,780000.0,69000.0,Diesel,Dealer,Manual,First Owner,7.0,15.1,2179.0,140.0,Mahindra,12,1
2018,990000.0,15000.0,Diesel,Individual,Manual,First Owner,5.0,25.1,1248.0,88.5,Maruti,8,1
2019,800000.0,35700.0,Diesel,Dealer,Manual,First Owner,5.0,28.4,1248.0,74.02,Maruti,7,1
2012,350000.0,120000.0,Diesel,Individual,Manual,Third Owner,5.0,22.32,1582.0,126.32,Hyundai,14,3
2013,325000.0,120000.0,Diesel,Individual,Manual,First Owner,5.0,22.07,1199.0,73.9,Volkswagen,13,1
2013,360000.0,80000.0,Diesel,Individual,Manual,First Owner,5.0,22.07,1199.0,73.9,Volkswagen,13,1
2010,148000.0,120000.0,Petrol,Individual,Manual,First Owner,5.0,20.92,998.0,67.1,Maruti,16,1
2017,670000.0,36000.0,Diesel,Individual,Manual,First Owner,5.0,27.39,1248.0,74.0,Maruti,9,1
2014,430999.0,120000.0,Diesel,Individual,Manual,First Owner,5.0,23.59,1364.0,67.04,Toyota,12,1
2017,260000.0,9000.0,Petrol,Individual,Manual,First Owner,8.0,16.8,796.0,34.2,Maruti,9,1
2012,70000.0,50000.0,Petrol,Individual,Manual,Second Owner,4.0,25.4,624.0,37.48,Tata,14,2
2019,300000.0,35000.0,Petrol,Individual,Manual,First Owner,5.0,23.01,999.0,67.0,Renault,7,1
2011,150000.0,130000.0,Diesel,Individual,Manual,Second Owner,7.0,14.0,2498.0,112.0,Mahindra,15,2
2010,260000.0,70000.0,Diesel,Individual,Manual,First Owner,5.0,20.0,1399.0,68.0,Ford,16,1
2012,320000.0,90000.0,Diesel,Individual,Manual,Third Owner,5.0,19.3,1248.0,73.9,Maruti,14,3
2018,700000.0,35000.0,Petrol,Individual,Manual,First Owner,5.0,17.0,1198.0,108.5,Tata,8,1
2012,415000.0,80000.0,Petrol,Individual,Manual,First Owner,5.0,16.47,1198.0,73.9,Volkswagen,14,1
2008,260000.0,120000.0,Diesel,Individual,Manual,Second Owner,5.0,17.8,1248.0,75.0,Maruti,18,2
2011,70000.0,80000.0,Petrol,Individual,Manual,First Owner,4.0,26.0,624.0,35.0,Tata,15,1
2015,515000.0,30000.0,Petrol,Individual,Manual,First Owner,5.0,17.71,1197.0,78.9,Toyota,11,1
2016,803999.0,60000.0,Diesel,Individual,Manual,First Owner,5.0,23.9,1582.0,126.2,Hyundai,10,1
2007,275000.0,200000.0,Diesel,Individual,Manual,Second Owner,5.0,16.6,1896.0,122.4,Skoda,19,2
2017,934000.0,101000.0,Diesel,Individual,Manual,First Owner,5.0,22.77,1498.0,98.59,Ford,9,1
2007,210000.0,110000.0,Diesel,Individual,Manual,First Owner,5.0,17.8,1399.0,68.0,Ford,19,1
2014,1050000.0,136000.0,Diesel,Individual,Manual,Third Owner,8.0,12.99,2494.0,100.6,Toyota,12,3
2011,650000.0,225000.0,Diesel,Individual,Manual,Second Owner,7.0,14.8,2499.0,80.0,Chevrolet,15,2
2012,550000.0,74000.0,Diesel,Individual,Manual,Fourth & Above Owner,5.0,17.3,1998.0,163.7,Chevrolet,14,4
2010,285000.0,225000.0,Diesel,Individual,Manual,Fourth & Above Owner,9.0,14.8,2499.0,80.0,Chevrolet,16,4
2015,700000.0,22700.0,Petrol,Individual,Manual,First Owner,5.0,18.7,1199.0,88.7,Honda,11,1
2016,525000.0,45000.0,Petrol,Individual,Manual,First Owner,5.0,18.9,1197.0,82.0,Hyundai,10,1
2011,250000.0,36000.0,Petrol,Individual,Manual,Second Owner,5.0,15.37,1196.0,73.0,Maruti,15,2
2015,575000.0,57000.0,Diesel,Individual,Manual,Second Owner,5.0,26.59,1248.0,74.0,Maruti,11,2
2018,540000.0,33000.0,Diesel,Individual,Manual,First Owner,5.0,27.28,1047.0,69.0,Tata,8,1
2012,560000.0,59000.0,Petrol,Individual,Manual,First Owner,7.0,16.02,1373.0,93.7,Maruti,14,1
2012,380000.0,200000.0,Diesel,Individual,Manual,First Owner,5.0,20.54,1598.0,103.6,Volkswagen,14,1
2011,240000.0,80000.0,Petrol,Individual,Manual,Second Owner,5.0,15.6,1196.0,70.0,Ford,15,2
2012,300000.0,70000.0,LPG,Individual,Manual,First Owner,5.0,13.2,995.0,60.2,Chevrolet,14,1
2018,280000.0,50000.0,Petrol,Individual,Manual,First Owner,5.0,22.7,799.0,53.64,Datsun,8,1
2011,350000.0,118000.0,Diesel,Individual,Manual,Second Owner,5.0,21.1,1248.0,73.9,Maruti,15,2
2014,110000.0,225000.0,Diesel,Individual,Manual,Second Owner,5.0,19.1,1405.0,70.0,Tata,12,2
2018,980000.0,20000.0,Diesel,Individual,Manual,First Owner,5.0,21.5,1497.0,108.5,Tata,8,1
2018,969999.0,21871.0,Diesel,Individual,Manual,First Owner,5.0,21.5,1497.0,108.5,Tata,8,1
2016,357000.0,120000.0,Diesel,Individual,Manual,First Owner,6.0,25.32,1198.0,77.0,Mahindra,10,1
2014,280000.0,100000.0,Diesel,Individual,Manual,First Owner,5.0,19.1,1405.0,70.0,Tata,12,1
2012,430000.0,50000.0,Diesel,Individual,Manual,First Owner,7.0,15.96,2523.0,62.1,Mahindra,14,1
2014,217000.0,50000.0,Diesel,Individual,Manual,First Owner,5.0,19.3,1248.0,82.0,Maruti,12,1
2015,250000.0,70000.0,Petrol,Individual,Manual,First Owner,5.0,22.74,796.0,47.3,Maruti,11,1
2016,525000.0,80000.0,Diesel,Individual,Manual,First Owner,8.0,18.2,1248.0,73.74,Chevrolet,10,1
2018,500000.0,25000.0,Petrol,Individual,Manual,First Owner,5.0,23.84,1199.0,84.0,Tata,8,1
2019,1000000.0,60000.0,Diesel,Individual,Manual,First Owner,7.0,16.36,2179.0,120.0,Mahindra,7,1
2017,316000.0,25000.0,Petrol,Individual,Manual,First Owner,5.0,24.7,796.0,47.3,Maruti,9,1
2018,350000.0,50000.0,Petrol,Individual,Manual,First Owner,5.0,24.7,796.0,47.3,Maruti,8,1
2018,950000.0,14000.0,Diesel,Individual,Manual,First Owner,5.0,21.5,1497.0,108.5,Tata,8,1
2005,45000.0,55425.0,Petrol,Individual,Manual,Second Owner,4.0,16.1,796.0,37.0,Maruti,21,2
2013,475000.0,76000.0,Diesel,Individual,Manual,First Owner,7.0,15.96,2523.0,62.1,Mahindra,13,1
2020,3200000.0,3000.0,Diesel,Individual,Automatic,First Owner,7.0,15.04,2755.0,174.5,Toyota,6,1
2016,600000.0,139000.0,Diesel,Individual,Manual,First Owner,7.0,18.49,1493.0,100.0,Mahindra,10,1
2014,430000.0,100000.0,Petrol,Individual,Manual,First Owner,5.0,15.04,1598.0,103.2,Volkswagen,12,1
2015,965000.0,60000.0,Diesel,Individual,Manual,First Owner,5.0,19.67,1582.0,126.2,Hyundai,11,1
2013,395000.0,35000.0,Petrol,Individual,Automatic,Second Owner,5.0,14.3,1598.0,103.5,Skoda,13,2
2008,150000.0,120000.0,Diesel,Individual,Manual,First Owner,9.0,12.2,1948.0,68.0,Tata,18,1
2013,700000.0,37659.0,Diesel,Individual,Manual,First Owner,7.0,20.77,1248.0,88.8,Maruti,13,1
2012,250000.0,89000.0,Diesel,Individual,Manual,Second Owner,5.0,23.2,1248.0,73.94,Maruti,14,2
2013,680000.0,37500.0,Diesel,Individual,Manual,Second Owner,7.0,20.77,1248.0,88.8,Maruti,13,2
2018,500000.0,5000.0,Petrol,Individual,Automatic,First Owner,5.0,23.84,1199.0,84.0,Tata,8,1
2013,420000.0,21000.0,Petrol,Individual,Manual,First Owner,5.0,18.9,1197.0,81.86,Hyundai,13,1
2017,290000.0,10000.0,Petrol,Individual,Manual,Second Owner,5.0,23.95,998.0,67.05,Maruti,9,2
2017,750000.0,30000.0,Diesel,Individual,Manual,First Owner,5.0,28.4,1248.0,74.02,Maruti,9,1
2015,300000.0,19800.0,Petrol,Individual,Manual,First Owner,7.0,15.37,1196.0,73.0,Maruti,11,1
2011,250000.0,90000.0,Diesel,Individual,Manual,Third Owner,5.0,21.1,1248.0,73.9,Maruti,15,3
2014,335000.0,33033.0,Petrol,Dealer,Manual,First Owner,5.0,19.4,1198.0,86.8,Honda,12,1
2015,465000.0,63063.0,Petrol,Dealer,Automatic,First Owner,5.0,18.9,1197.0,82.0,Hyundai,11,1
2007,100000.0,70000.0,Petrol,Individual,Manual,Second Owner,5.0,18.9,1061.0,67.0,Maruti,19,2
2007,100000.0,80000.0,Petrol,Individual,Manual,Second Owner,5.0,17.3,1061.0,64.0,Maruti,19,2
2013,550000.0,120000.0,Diesel,Individual,Manual,Third Owner,7.0,20.77,1248.0,88.76,Maruti,13,3
2012,341000.0,120000.0,Diesel,Individual,Manual,First Owner,5.0,19.3,1248.0,73.9,Maruti,14,1
2017,600000.0,50000.0,Diesel,Individual,Manual,First Owner,5.0,24.0,1186.0,73.97,Hyundai,9,1
2014,650000.0,167000.0,Diesel,Individual,Manual,First Owner,5.0,25.1,1498.0,98.6,Honda,12,1
2008,75527.0,80000.0,Petrol,Individual,Manual,First Owner,5.0,16.0,995.0,63.0,Chevrolet,18,1
2014,215000.0,100000.0,Diesel,Individual,Manual,Second Owner,5.0,25.0,1396.0,69.01,Tata,12,2
2017,650000.0,60000.0,Diesel,Individual,Manual,First Owner,5.0,28.09,1248.0,88.5,Maruti,9,1
2017,900000.0,50000.0,Diesel,Individual,Manual,First Owner,5.0,20.37,1461.0,108.45,Renault,9,1
2014,500000.0,17000.0,Petrol,Individual,Manual,First Owner,5.0,18.6,1197.0,81.83,Hyundai,12,1
2017,550000.0,46000.0,Petrol,Individual,Manual,First Owner,5.0,21.4,1197.0,83.1,Maruti,9,1
2015,475000.0,60000.0,Diesel,Individual,Manual,First Owner,5.0,25.2,1248.0,74.0,Maruti,11,1
2006,65000.0,198000.0,Petrol,Individual,Manual,Second Owner,5.0,18.9,998.0,67.1,Maruti,20,2
2015,425000.0,60000.0,Diesel,Individual,Manual,First Owner,5.0,24.4,1120.0,71.0,Hyundai,11,1
2012,476999.0,90000.0,Diesel,Individual,Manual,Fourth & Above Owner,5.0,21.43,1364.0,87.2,Toyota,14,4
2011,150000.0,40000.0,Petrol,Individual,Manual,Second Owner,5.0,18.0,995.0,62.0,Chevrolet,15,2
2011,225000.0,90000.0,Petrol,Individual,Manual,First Owner,5.0,19.7,796.0,46.3,Maruti,15,1
2010,190000.0,80000.0,Petrol,Individual,Manual,First Owner,5.0,19.7,796.0,46.3,Maruti,16,1
2003,100000.0,164000.0,Petrol,Individual,Manual,Third Owner,5.0,19.7,796.0,46.3,Maruti,23,3
2011,400000.0,70000.0,Diesel,Individual,Manual,Second Owner,7.0,13.6,2523.0,63.0,Mahindra,15,2
2018,3975000.0,31800.0,Diesel,Dealer,Automatic,First Owner,5.0,17.01,1968.0,188.0,Audi,8,1
2016,1350000.0,74000.0,Petrol,Dealer,Automatic,First Owner,5.0,13.7,1997.0,153.86,Honda,10,1
2019,5150000.0,20000.0,Petrol,Dealer,Automatic,First Owner,5.0,22.37,2487.0,214.56,Lexus,7,1
2017,3200000.0,45000.0,Diesel,Dealer,Automatic,First Owner,5.0,19.33,1999.0,177.0,Jaguar,9,1
2017,4100000.0,17000.0,Petrol,Individual,Automatic,First Owner,5.0,9.5,3604.0,280.0,Jeep,9,1
2018,900000.0,12000.0,Diesel,Dealer,Manual,First Owner,6.0,16.55,2498.0,105.0,Mahindra,8,1
2016,2000000.0,68089.0,Petrol,Trustmark Dealer,Automatic,First Owner,5.0,19.16,2494.0,157.7,Toyota,10,1
2016,550000.0,56494.0,Petrol,Trustmark Dealer,Manual,First Owner,5.0,18.2,1199.0,88.7,Honda,10,1
2013,750000.0,79328.0,Diesel,Trustmark Dealer,Manual,Second Owner,7.0,12.99,2494.0,100.6,Toyota,13,2
2019,779000.0,7032.0,Petrol,Trustmark Dealer,Automatic,First Owner,5.0,19.0,1199.0,88.76,Honda,7,1
2018,4000000.0,10000.0,Diesel,Dealer,Automatic,First Owner,5.0,22.48,1995.0,187.74,Bmw,8,1
2019,5200000.0,17000.0,Petrol,Dealer,Automatic,First Owner,5.0,15.0,1991.0,194.4,Mercedes-Benz,7,1
2019,4500000.0,21000.0,Diesel,Dealer,Automatic,First Owner,7.0,12.83,1999.0,148.31,Land,7,1
2017,969999.0,26500.0,Diesel,Dealer,Manual,First Owner,7.0,17.6,2179.0,147.94,Tata,9,1
2017,5200000.0,37000.0,Diesel,Dealer,Automatic,First Owner,5.0,13.5,2987.0,254.79,Mercedes-Benz,9,1
2016,475000.0,45629.0,Petrol,Trustmark Dealer,Automatic,First Owner,5.0,18.9,1197.0,81.86,Hyundai,10,1
2019,1125000.0,3500.0,Petrol,Dealer,Automatic,First Owner,5.0,18.15,998.0,118.35,Hyundai,7,1
2017,1650000.0,52000.0,Petrol,Dealer,Automatic,First Owner,5.0,12.0,2354.0,187.4,Honda,9,1
2019,740000.0,35000.0,Diesel,Individual,Manual,First Owner,7.0,16.5,1493.0,70.0,Mahindra,7,1
2018,400000.0,15000.0,Petrol,Individual,Manual,First Owner,6.0,18.15,1198.0,82.0,Mahindra,8,1
2018,430000.0,14000.0,Petrol,Individual,Manual,First Owner,5.0,20.51,998.0,67.04,Maruti,8,1
2019,1132000.0,20000.0,Petrol,Individual,Manual,First Owner,5.0,17.0,1197.0,110.0,Mahindra,7,1
2017,352000.0,68850.0,Petrol,Dealer,Manual,First Owner,5.0,18.9,998.0,67.1,Maruti,9,1
2016,252999.0,45775.0,Petrol,Dealer,Manual,First Owner,5.0,23.84,1199.0,84.0,Tata,10,1
2012,80000.0,70000.0,Petrol,Individual,Manual,Second Owner,5.0,16.2,995.0,62.1,Chevrolet,14,2
2015,313000.0,68203.0,Petrol,Dealer,Manual,First Owner,5.0,21.79,998.0,67.05,Maruti,11,1
2014,380000.0,30000.0,Petrol,Individual,Manual,Second Owner,5.0,18.9,1197.0,81.86,Hyundai,12,2
2018,350000.0,25000.0,Petrol,Individual,Manual,First Owner,5.0,25.17,799.0,53.3,Renault,8,1
2016,600000.0,90000.0,Diesel,Individual,Manual,Second Owner,5.0,19.87,1461.0,83.8,Renault,10,2
2011,88000.0,97343.0,Diesel,Dealer,Manual,First Owner,5.0,18.8,1248.0,90.0,Tata,15,1
2008,160000.0,70000.0,Petrol,Individual,Manual,Fourth & Above Owner,8.0,19.7,796.0,35.0,Maruti,18,4
2008,125000.0,70000.0,Petrol,Individual,Manual,Fourth & Above Owner,5.0,19.3,1248.0,82.0,Maruti,18,4
2014,290000.0,31000.0,Petrol,Individual,Manual,First Owner,5.0,20.36,1197.0,78.9,Hyundai,12,1
2014,650000.0,70000.0,Diesel,Individual,Manual,First Owner,7.0,15.4,2179.0,120.0,Mahindra,12,1
2015,380000.0,20000.0,CNG,Individual,Manual,First Owner,5.0,21.94,1196.0,61.7,Maruti,11,1
2014,180000.0,62000.0,Petrol,Individual,Manual,First Owner,5.0,21.1,814.0,55.2,Hyundai,12,1
2008,75000.0,29000.0,Petrol,Individual,Manual,First Owner,4.0,16.1,796.0,37.0,Maruti,18,1
2012,132000.0,82507.0,Diesel,Dealer,Manual,First Owner,7.0,13.93,2179.0,138.03,Tata,14,1
2010,110000.0,60000.0,Petrol,Individual,Manual,Second Owner,5.0,18.6,1199.0,79.4,Chevrolet,16,2
2018,390000.0,10000.0,Petrol,Individual,Manual,First Owner,5.0,23.95,998.0,67.05,Maruti,8,1
2015,550000.0,70000.0,Petrol,Individual,Manual,First Owner,5.0,18.6,1197.0,81.83,Hyundai,11,1
2004,70000.0,70000.0,Petrol,Individual,Manual,Second Owner,5.0,19.3,1248.0,82.0,Hyundai,22,2
2008,70000.0,59400.0,Petrol,Individual,Manual,Fourth & Above Owner,4.0,16.1,796.0,37.0,Maruti,18,4
2013,275000.0,20000.0,Petrol,Individual,Manual,First Owner,5.0,21.1,814.0,55.2,Hyundai,13,1
2009,250000.0,125876.0,Petrol,Individual,Manual,Second Owner,5.0,15.0,1586.0,104.68,Maruti,17,2
2019,2100000.0,5000.0,Petrol,Individual,Automatic,First Owner,5.0,16.0,1368.0,160.77,Jeep,7,1
2011,250000.0,90000.0,Diesel,Individual,Manual,Second Owner,7.0,13.55,2179.0,118.35,Tata,15,2
2017,1250000.0,56800.0,Diesel,Individual,Manual,First Owner,5.0,12.4,2499.0,134.0,Isuzu,9,1
2014,1500000.0,60000.0,Diesel,Individual,Automatic,First Owner,5.0,16.55,1968.0,147.51,Audi,12,1
2011,800000.0,60000.0,Diesel,Individual,Manual,First Owner,7.0,12.8,2494.0,102.0,Toyota,15,1
2014,1380000.0,150000.0,Diesel,Individual,Manual,First Owner,7.0,13.0,2982.0,168.5,Toyota,12,1
2014,325000.0,65204.0,Petrol,Trustmark Dealer,Automatic,First Owner,5.0,23.1,998.0,67.04,Maruti,12,1
2019,1150000.0,2286.0,Petrol,Trustmark Dealer,Automatic,First Owner,5.0,18.15,998.0,118.35,Hyundai,7,1
2018,655000.0,15732.0,Petrol,Dealer,Automatic,First Owner,5.0,22.0,1197.0,81.8,Maruti,8,1
2019,890000.0,13000.0,Diesel,Dealer,Manual,First Owner,7.0,18.06,2523.0,63.0,Mahindra,7,1
2018,525000.0,33000.0,Petrol,Dealer,Manual,First Owner,5.0,20.89,1197.0,81.8,Maruti,8,1
2014,300000.0,100000.0,Petrol,Individual,Manual,First Owner,5.0,19.81,1086.0,68.05,Hyundai,12,1
2017,2950000.0,39000.0,Diesel,Dealer,Automatic,First Owner,5.0,19.59,1995.0,187.74,Bmw,9,1
2019,5200000.0,10000.0,Diesel,Dealer,Automatic,First Owner,5.0,18.12,1995.0,190.0,Bmw,7,1
2018,925000.0,28900.0,Petrol,Dealer,Manual,First Owner,5.0,17.8,1497.0,117.3,Honda,8,1
2017,675000.0,49523.0,Petrol,Dealer,Manual,First Owner,5.0,17.0,1497.0,118.0,Honda,9,1
2018,745000.0,48000.0,Diesel,Dealer,Manual,First Owner,5.0,24.3,1248.0,88.5,Maruti,8,1
2018,835000.0,17000.0,Diesel,Dealer,Manual,First Owner,5.0,24.3,1248.0,88.5,Maruti,8,1
2019,695000.0,36800.0,Diesel,Dealer,Manual,First Owner,5.0,20.14,1498.0,88.0,Volkswagen,7,1
2018,725000.0,36521.0,Diesel,Dealer,Manual,First Owner,5.0,24.3,1248.0,88.5,Maruti,8,1
2017,620000.0,90000.0,Petrol,Individual,Manual,First Owner,5.0,22.0,1197.0,81.8,Maruti,9,1
1998,58000.0,80000.0,Petrol,Individual,Manual,Third Owner,5.0,17.3,993.0,60.0,Maruti,28,3
2014,335000.0,71000.0,Diesel,Dealer,Manual,First Owner,5.0,21.64,1461.0,84.8,Nissan,12,1
2011,475000.0,108000.0,Diesel,Dealer,Manual,First Owner,7.0,16.0,2179.0,140.0,Mahindra,15,1
2015,484999.0,75000.0,Diesel,Dealer,Manual,First Owner,5.0,19.87,1461.0,83.8,Renault,11,1
2015,610000.0,33000.0,Petrol,Individual,Manual,First Owner,5.0,20.73,1373.0,91.1,Maruti,11,1
2015,1000000.0,50000.0,Diesel,Individual,Manual,First Owner,5.0,19.67,1582.0,126.2,Hyundai,11,1
2019,300000.0,35000.0,Petrol,Individual,Manual,First Owner,5.0,23.01,999.0,67.0,Renault,7,1
2018,1405000.0,15000.0,Petrol,Individual,Manual,First Owner,5.0,15.8,1591.0,121.3,Hyundai,8,1
2018,650000.0,22000.0,Petrol,Individual,Manual,Second Owner,5.0,21.56,1462.0,103.25,Maruti,8,2
2015,850000.0,108000.0,Diesel,Individual,Manual,First Owner,5.0,19.67,1582.0,126.2,Hyundai,11,1
2014,1850000.0,76131.0,Diesel,Individual,Automatic,First Owner,5.0,13.22,2967.0,241.4,Audi,12,1
2012,267000.0,40000.0,Petrol,Individual,Manual,First Owner,5.0,20.36,1197.0,78.9,Hyundai,14,1
2013,215000.0,47000.0,Petrol,Individual,Manual,Second Owner,5.0,21.1,814.0,55.2,Hyundai,13,2
2017,1282000.0,45000.0,Diesel,Individual,Manual,First Owner,7.0,17.6,2179.0,153.86,Tata,9,1
2017,282000.0,15000.0,Petrol,Individual,Manual,First Owner,5.0,24.7,796.0,47.3,Maruti,9,1
2012,610000.0,90000.0,Diesel,Individual,Manual,First Owner,8.0,12.8,2494.0,102.0,Toyota,14,1
2018,900000.0,35000.0,Diesel,Individual,Manual,First Owner,6.0,16.55,2498.0,105.0,Mahindra,8,1
2015,800000.0,70000.0,Diesel,Individual,Manual,First Owner,7.0,15.4,1997.0,120.0,Mahindra,11,1
2013,380000.0,110000.0,Diesel,Individual,Manual,Second Owner,5.0,21.27,1396.0,88.76,Hyundai,13,2
2012,450000.0,120000.0,Diesel,Individual,Manual,Second Owner,9.0,12.05,2179.0,120.0,Mahindra,14,2
2011,242000.0,120000.0,Diesel,Individual,Manual,First Owner,5.0,21.5,1248.0,88.8,Maruti,15,1
2017,350000.0,35000.0,Petrol,Individual,Manual,Second Owner,5.0,25.17,799.0,53.3,Renault,9,2
2018,400000.0,22000.0,Petrol,Individual,Manual,First Owner,5.0,20.3,1199.0,84.0,Tata,8,1
2017,400000.0,70000.0,Petrol,Individual,Manual,First Owner,5.0,20.51,998.0,67.04,Maruti,9,1
2013,246000.0,56000.0,Diesel,Dealer,Manual,First Owner,5.0,22.1,1248.0,74.0,Chevrolet,13,1
2014,221000.0,65000.0,Diesel,Dealer,Manual,First Owner,5.0,19.09,1405.0,69.01,Tata,12,1
2013,700000.0,62000.0,Diesel,Dealer,Manual,First Owner,7.0,13.1,2499.0,141.0,Ford,13,1
2016,1750000.0,52000.0,Diesel,Dealer,Automatic,First Owner,7.0,12.55,2982.0,168.5,Toyota,10,1
2017,550000.0,49000.0,Diesel,Dealer,Manual,First Owner,5.0,25.4,1186.0,73.97,Hyundai,9,1
2015,550000.0,50000.0,Diesel,Dealer,Manual,Second Owner,5.0,28.09,1248.0,88.5,Maruti,11,2
2013,375000.0,65000.0,Diesel,Dealer,Manual,First Owner,5.0,28.4,1248.0,74.0,Maruti,13,1
2015,391000.0,55000.0,Diesel,Dealer,Manual,First Owner,5.0,24.4,1120.0,71.0,Hyundai,11,1
2015,2051000.0,35000.0,Diesel,Dealer,Automatic,Second Owner,5.0,19.7,2143.0,134.1,Mercedes-Benz,11,2
2014,525000.0,78000.0,Diesel,Dealer,Manual,Second Owner,7.0,15.05,2179.0,147.9,Tata,12,2
2007,212000.0,58000.0,Diesel,Dealer,Manual,Second Owner,5.0,16.8,1493.0,110.0,Hyundai,19,2
2011,221000.0,56000.0,Diesel,Dealer,Manual,Second Owner,5.0,25.44,936.0,57.6,Chevrolet,15,2
2010,265000.0,61000.0,Diesel,Dealer,Manual,Second Owner,5.0,20.4,1248.0,91.7,Fiat,16,2
2013,399000.0,61000.0,Diesel,Dealer,Manual,Second Owner,5.0,21.64,1461.0,84.8,Renault,13,2
2008,175000.0,61000.0,Diesel,Dealer,Manual,Second Owner,5.0,17.1,1493.0,110.0,Hyundai,18,2
2011,411000.0,64481.0,Diesel,Dealer,Manual,Second Owner,5.0,20.5,1598.0,103.5,Skoda,15,2
2011,365000.0,65000.0,Diesel,Dealer,Manual,Second Owner,5.0,20.54,1598.0,103.6,Volkswagen,15,2
2009,975000.0,80000.0,Diesel,Dealer,Automatic,Second Owner,5.0,22.48,1995.0,187.74,Bmw,17,2
2015,499000.0,61000.0,Diesel,Dealer,Manual,Second Owner,5.0,22.71,1461.0,84.8,Nissan,11,2
2014,2575000.0,70000.0,Diesel,Individual,Automatic,First Owner,5.0,11.74,2987.0,254.8,Mercedes-Benz,12,1
2009,145000.0,30000.0,Petrol,Individual,Manual,First Owner,5.0,18.0,995.0,62.0,Chevrolet,17,1
2011,200000.0,200000.0,Diesel,Individual,Manual,Second Owner,5.0,17.0,1405.0,71.0,Tata,15,2
2014,1200000.0,225000.0,Diesel,Individual,Automatic,First Owner,5.0,15.73,1968.0,174.33,Audi,12,1
2016,280000.0,100000.0,Petrol,Individual,Manual,First Owner,5.0,20.3,998.0,68.05,Hyundai,10,1
2011,450000.0,95000.0,Diesel,Individual,Automatic,Second Owner,8.0,11.79,2179.0,120.0,Mahindra,15,2
2006,150000.0,140000.0,Petrol,Individual,Manual,Third Owner,5.0,17.7,1497.0,78.0,Honda,20,3
2017,600000.0,70000.0,Petrol,Individual,Manual,First Owner,7.0,17.3,1497.0,117.3,Honda,9,1
2016,275000.0,60000.0,Petrol,Individual,Manual,First Owner,5.0,25.17,799.0,53.3,Renault,10,1
2010,110000.0,88000.0,Diesel,Individual,Manual,First Owner,5.0,18.8,1248.0,90.0,Tata,16,1
2012,500000.0,200000.0,Diesel,Individual,Manual,Fourth & Above Owner,7.0,15.1,2179.0,140.0,Mahindra,14,4
2012,700000.0,60000.0,Diesel,Individual,Manual,Second Owner,7.0,15.1,2179.0,140.0,Mahindra,14,2
2012,900000.0,155000.0,Diesel,Individual,Automatic,Second Owner,4.0,16.07,1995.0,181.0,Bmw,14,2
2005,150000.0,80000.0,Petrol,Individual,Manual,Second Owner,5.0,18.9,998.0,67.1,Maruti,21,2
2013,275000.0,80000.0,Petrol,Individual,Manual,Third Owner,5.0,16.95,1498.0,97.7,Nissan,13,3
2014,455000.0,40000.0,Diesel,Individual,Manual,First Owner,5.0,28.4,1248.0,74.0,Maruti,12,1
2015,900000.0,50000.0,Diesel,Individual,Manual,First Owner,5.0,19.67,1582.0,126.2,Hyundai,11,1
2014,455000.0,40000.0,Diesel,Individual,Manual,First Owner,5.0,25.2,1248.0,74.0,Maruti,12,1
2017,650000.0,47000.0,Diesel,Individual,Manual,Second Owner,5.0,26.0,1498.0,98.6,Honda,9,2
2018,551000.0,20000.0,Petrol,Individual,Manual,Second Owner,5.0,18.9,1197.0,81.86,Hyundai,8,2
2017,650000.0,49060.0,Diesel,Individual,Manual,First Owner,5.0,22.0,1498.0,108.495,Volkswagen,9,1
2015,600000.0,60000.0,Petrol,Individual,Manual,First Owner,5.0,18.6,1197.0,81.83,Hyundai,11,1
2013,235000.0,18000.0,Petrol,Individual,Manual,First Owner,5.0,22.74,796.0,47.3,Maruti,13,1
2018,800000.0,37161.0,Diesel,Dealer,Manual,First Owner,5.0,22.7,1498.0,89.84,Ford,8,1
2016,1050000.0,80000.0,Diesel,Individual,Manual,First Owner,5.0,19.67,1582.0,126.2,Hyundai,10,1
2012,45000.0,28000.0,Petrol,Individual,Manual,Second Owner,4.0,25.4,624.0,37.5,Tata,14,2
2013,450000.0,100000.0,Petrol,Individual,Automatic,Second Owner,5.0,15.74,1591.0,121.3,Hyundai,13,2
2014,391000.0,120000.0,Diesel,Individual,Manual,Second Owner,5.0,20.14,1498.0,88.8,Volkswagen,12,2
2013,380000.0,70000.0,Diesel,Individual,Manual,Second Owner,7.0,18.2,1248.0,73.8,Chevrolet,13,2
2010,170000.0,90000.0,Petrol,Individual,Manual,Second Owner,5.0,18.9,1061.0,67.0,Maruti,16,2
2011,250000.0,90000.0,Diesel,Individual,Manual,Second Owner,7.0,13.55,2179.0,118.35,Tata,15,2
2011,800000.0,60000.0,Diesel,Individual,Manual,First Owner,7.0,12.8,2494.0,102.0,Toyota,15,1
2014,1380000.0,150000.0,Diesel,Individual,Manual,First Owner,7.0,13.0,2982.0,168.5,Toyota,12,1
2014,700000.0,24000.0,Diesel,Individual,Manual,First Owner,6.0,16.55,2498.0,105.0,Mahindra,12,1
2016,450000.0,100000.0,Diesel,Individual,Manual,Second Owner,7.0,24.2,1498.0,98.6,Honda,10,2
2018,650000.0,6000.0,Petrol,Individual,Manual,First Owner,6.0,18.15,1198.0,82.0,Mahindra,8,1
2013,950000.0,49700.0,Diesel,Individual,Manual,First Owner,7.0,15.1,2179.0,140.0,Mahindra,13,1
2007,626000.0,80000.0,Diesel,Individual,Manual,Second Owner,7.0,12.8,2494.0,102.0,Toyota,19,2
2000,200000.0,100000.0,Diesel,Individual,Manual,First Owner,5.0,19.3,1248.0,82.0,Toyota,26,1
2019,600000.0,10000.0,Petrol,Individual,Automatic,First Owner,5.0,21.21,1197.0,81.8,Maruti,7,1
2019,290000.0,21000.0,Petrol,Individual,Manual,First Owner,5.0,25.17,799.0,53.3,Renault,7,1
2013,215000.0,25000.0,Petrol,Individual,Manual,First Owner,5.0,20.92,998.0,67.1,Maruti,13,1
2016,250000.0,22000.0,Petrol,Individual,Manual,First Owner,5.0,25.17,799.0,53.3,Renault,10,1
2017,750000.0,50000.0,Diesel,Individual,Manual,First Owner,7.0,24.52,1248.0,88.5,Maruti,9,1
2016,250000.0,20000.0,Petrol,Individual,Manual,Second Owner,5.0,23.95,998.0,67.05,Maruti,10,2
2017,950000.0,15000.0,Petrol,Individual,Automatic,First Owner,7.0,15.4,1497.0,117.3,Honda,9,1
2018,793000.0,30000.0,Diesel,Individual,Manual,First Owner,5.0,25.83,1498.0,99.0,Ford,8,1
2015,750000.0,74000.0,Diesel,Individual,Manual,First Owner,5.0,19.67,1582.0,126.2,Hyundai,11,1
2017,725000.0,6550.0,Petrol,Individual,Automatic,First Owner,5.0,18.2,1199.0,88.7,Honda,9,1
2016,480000.0,30000.0,Diesel,Individual,Manual,First Owner,5.0,24.0,1120.0,70.0,Hyundai,10,1
2017,2711000.0,9000.0,Diesel,Dealer,Automatic,First Owner,5.0,13.6,1999.0,177.0,Jaguar,9,1
2019,5150000.0,20000.0,Petrol,Dealer,Automatic,First Owner,5.0,22.37,2487.0,214.56,Lexus,7,1
2017,3200000.0,45000.0,Diesel,Dealer,Automatic,First Owner,5.0,19.33,1999.0,177.0,Jaguar,9,1
2015,503000.0,110000.0,Diesel,Individual,Manual,First Owner,7.0,14.1,2179.0,147.94,Tata,11,1
2019,3800000.0,20000.0,Diesel,Individual,Automatic,First Owner,5.0,18.0,1969.0,190.0,Volvo,7,1
2016,2000000.0,68089.0,Petrol,Trustmark Dealer,Automatic,First Owner,5.0,19.16,2494.0,157.7,Toyota,10,1
2013,225000.0,58343.0,Petrol,Trustmark Dealer,Manual,First Owner,5.0,21.79,998.0,67.05,Maruti,13,1
2018,740000.0,38817.0,Diesel,Dealer,Manual,First Owner,5.0,27.39,1248.0,74.0,Maruti,8,1
2016,550000.0,56494.0,Petrol,Trustmark Dealer,Manual,First Owner,5.0,18.2,1199.0,88.7,Honda,10,1
2013,750000.0,79328.0,Diesel,Trustmark Dealer,Manual,Second Owner,7.0,12.99,2494.0,100.6,Toyota,13,2
2019,650000.0,5621.0,Petrol,Trustmark Dealer,Automatic,First Owner,5.0,22.0,1197.0,81.8,Maruti,7,1
2017,625000.0,25538.0,Petrol,Trustmark Dealer,Manual,First Owner,5.0,16.78,1496.0,88.73,Toyota,9,1
2018,600000.0,69779.0,Petrol,Dealer,Automatic,First Owner,5.0,22.0,1197.0,81.8,Maruti,8,1
2017,450000.0,56290.0,Diesel,Dealer,Manual,First Owner,5.0,24.0,1186.0,73.97,Hyundai,9,1
2019,5200000.0,7500.0,Diesel,Dealer,Automatic,First Owner,5.0,16.78,1995.0,190.0,Bmw,7,1
2019,5200000.0,8500.0,Diesel,Dealer,Automatic,First Owner,5.0,16.78,1995.0,190.0,Bmw,7,1
2019,779000.0,7032.0,Petrol,Trustmark Dealer,Automatic,First Owner,5.0,19.0,1199.0,88.76,Honda,7,1
2016,645000.0,11000.0,Petrol,Dealer,Automatic,First Owner,5.0,14.3,1598.0,103.5,Skoda,10,1
2018,2475000.0,2000.0,Diesel,Dealer,Automatic,First Owner,5.0,16.8,1984.0,150.0,Volvo,8,1
2017,990000.0,20000.0,Petrol,Individual,Automatic,First Owner,5.0,17.0,1591.0,121.3,Hyundai,9,1
2012,370000.0,68000.0,Diesel,Individual,Manual,First Owner,5.0,23.4,1248.0,74.0,Maruti,14,1
2014,300000.0,60175.0,Petrol,Individual,Manual,First Owner,5.0,18.2,1199.0,82.5,Chevrolet,12,1
2012,250000.0,25000.0,Petrol,Individual,Manual,First Owner,5.0,21.1,814.0,55.2,Hyundai,14,1
2017,700000.0,49957.0,Diesel,Dealer,Manual,First Owner,5.0,25.83,1498.0,99.0,Ford,9,1
2017,600000.0,43235.0,Diesel,Dealer,Manual,First Owner,5.0,24.29,1498.0,99.0,Ford,9,1
2018,925000.0,50699.0,Diesel,Dealer,Manual,First Owner,5.0,22.77,1498.0,98.59,Ford,8,1
2016,700000.0,111000.0,Diesel,Individual,Manual,Second Owner,5.0,21.19,1396.0,88.73,Hyundai,10,2
2018,700000.0,48000.0,Petrol,Individual,Manual,Second Owner,5.0,21.1,998.0,100.5,Maruti,8,2
2007,185000.0,90000.0,Diesel,Individual,Manual,Fourth & Above Owner,5.0,17.8,1248.0,75.0,Maruti,19,4
2015,434999.0,80000.0,Diesel,Individual,Manual,First Owner,7.0,15.3,2956.0,83.83,Tata,11,1
2017,400000.0,100000.0,Petrol,Individual,Manual,First Owner,5.0,18.16,1196.0,86.8,Ford,9,1
2011,180000.0,90000.0,Diesel,Individual,Manual,Third Owner,5.0,20.0,1399.0,68.0,Ford,15,3
2015,600000.0,50000.0,Diesel,Individual,Manual,First Owner,5.0,26.59,1248.0,74.0,Maruti,11,1
2014,320000.0,90000.0,Diesel,Individual,Manual,Third Owner,5.0,23.59,1364.0,67.06,Toyota,12,3
2016,1689999.0,120000.0,Diesel,Individual,Manual,First Owner,8.0,13.68,2393.0,147.8,Toyota,10,1
2011,250000.0,140000.0,Petrol,Individual,Automatic,Second Owner,5.0,14.4,1598.0,103.6,Volkswagen,15,2
2019,650000.0,20000.0,Petrol,Individual,Manual,First Owner,5.0,20.3,1199.0,83.81,Tata,7,1
2009,340000.0,82000.0,Petrol,Individual,Manual,Second Owner,5.0,14.53,1798.0,138.0,Toyota,17,2
2008,200000.0,80000.0,Diesel,Individual,Manual,Third Owner,5.0,13.5,1995.0,52.0,Ambassador,18,3
2017,869999.0,40000.0,Diesel,Individual,Manual,First Owner,5.0,24.3,1248.0,88.5,Maruti,9,1
2017,795000.0,120000.0,Diesel,Individual,Manual,First Owner,7.0,24.52,1248.0,88.5,Maruti,9,1
2017,869999.0,60000.0,Diesel,Individual,Manual,First Owner,5.0,24.3,1248.0,88.5,Maruti,9,1
2010,200000.0,70000.0,Diesel,Individual,Manual,Second Owner,5.0,21.1,1248.0,73.9,Maruti,16,2
2017,800000.0,45500.0,Diesel,Individual,Manual,Second Owner,5.0,23.9,1582.0,126.2,Hyundai,9,2
2014,1100000.0,120000.0,Diesel,Individual,Manual,First Owner,8.0,12.99,2494.0,100.6,Toyota,12,1
2008,114999.0,100000.0,Petrol,Individual,Manual,Second Owner,5.0,19.7,796.0,46.3,Maruti,18,2
2013,500000.0,92000.0,Diesel,Individual,Manual,Third Owner,7.0,20.77,1248.0,88.76,Maruti,13,3
2014,700000.0,141000.0,Diesel,Individual,Manual,Fourth & Above Owner,5.0,25.2,1248.0,74.0,Maruti,12,4
2016,1516000.0,120000.0,Diesel,Individual,Automatic,First Owner,7.0,11.36,2755.0,171.5,Toyota,10,1
2016,200000.0,35000.0,Petrol,Individual,Manual,First Owner,5.0,22.7,799.0,53.64,Datsun,10,1
2015,450000.0,50000.0,Petrol,Individual,Manual,First Owner,5.0,17.8,1198.0,86.7,Honda,11,1
2018,850000.0,9500.0,Diesel,Individual,Manual,First Owner,5.0,21.5,1497.0,108.5,Tata,8,1
2019,359000.0,5500.0,Petrol,Individual,Manual,First Owner,7.0,15.37,1196.0,73.0,Maruti,7,1
2017,320000.0,28000.0,Petrol,Individual,Manual,First Owner,5.0,25.17,799.0,53.3,Renault,9,1
2009,110000.0,113000.0,Petrol,Individual,Manual,First Owner,5.0,15.3,1193.0,65.3,Tata,17,1
2011,209000.0,1.0,CNG,Individual,Manual,Fourth & Above Owner,5.0,15.1,1196.0,73.0,Maruti,15,4
2010,169000.0,100000.0,Petrol,Individual,Manual,Second Owner,5.0,15.0,1368.0,90.0,Tata,16,2
2014,400000.0,50074.0,Diesel,Individual,Manual,First Owner,5.0,24.0,1120.0,70.0,Hyundai,12,1
2014,600000.0,100000.0,Diesel,Individual,Manual,Fourth & Above Owner,5.0,22.54,1396.0,88.73,Hyundai,12,4
2017,350000.0,35000.0,Petrol,Individual,Manual,First Owner,7.0,15.37,1196.0,73.0,Maruti,9,1
2018,990000.0,60000.0,Diesel,Individual,Manual,First Owner,5.0,23.0,1498.0,98.96,Ford,8,1
2011,1600000.0,70000.0,Diesel,Individual,Automatic,First Owner,5.0,14.21,2143.0,203.0,Mercedes-Benz,15,1
2017,1400000.0,70000.0,Diesel,Individual,Manual,First Owner,7.0,17.6,2179.0,153.86,Tata,9,1
2017,745000.0,10000.0,Petrol,Individual,Automatic,First Owner,5.0,21.4,1197.0,83.1,Maruti,9,1
2018,2800000.0,40000.0,Diesel,Individual,Automatic,First Owner,7.0,16.25,1968.0,148.0,Skoda,8,1
2015,500000.0,35000.0,Diesel,Individual,Manual,First Owner,5.0,25.2,1248.0,74.0,Maruti,11,1
2019,540000.0,5000.0,Petrol,Individual,Automatic,First Owner,5.0,20.52,1197.0,81.8,Maruti,7,1
2016,1850000.0,33000.0,Diesel,Individual,Manual,First Owner,7.0,13.68,2393.0,147.8,Toyota,10,1
2017,600000.0,27000.0,Diesel,Individual,Manual,First Owner,5.0,22.95,1248.0,74.0,Tata,9,1
2018,690000.0,25000.0,Petrol,Individual,Manual,First Owner,5.0,19.0,1194.0,94.68,Ford,8,1
2016,630000.0,30154.0,Diesel,Individual,Manual,First Owner,5.0,25.2,1248.0,74.0,Maruti,10,1
2018,640000.0,20000.0,Petrol,Individual,Manual,First Owner,5.0,20.14,1197.0,81.86,Hyundai,8,1
2019,5200000.0,17000.0,Diesel,Individual,Automatic,First Owner,5.0,18.0,1969.0,190.0,Volvo,7,1
2016,2100000.0,85000.0,Diesel,Individual,Automatic,Second Owner,7.0,12.62,2198.0,158.0,Ford,10,2
2016,500000.0,100000.0,Petrol,Individual,Manual,First Owner,5.0,20.4,1197.0,81.8,Maruti,10,1
2017,310000.0,54000.0,Petrol,Individual,Manual,First Owner,5.0,24.7,796.0,47.3,Maruti,9,1
2015,600000.0,80000.0,Diesel,Individual,Manual,First Owner,7.0,18.49,1493.0,100.0,Mahindra,11,1
1999,40000.0,100000.0,Petrol,Individual,Manual,Third Owner,4.0,16.1,796.0,37.0,Maruti,27,3
2018,620000.0,70000.0,Diesel,Individual,Manual,First Owner,5.0,25.4,1186.0,73.97,Hyundai,8,1
2018,760000.0,50000.0,Diesel,Individual,Manual,First Owner,5.0,27.39,1248.0,74.0,Maruti,8,1
2018,1200000.0,40000.0,Diesel,Individual,Manual,First Owner,5.0,22.0,1582.0,126.2,Hyundai,8,1
2018,760000.0,50000.0,Diesel,Individual,Manual,First Owner,5.0,27.39,1248.0,74.0,Maruti,8,1
2012,300000.0,45000.0,Petrol,Individual,Manual,First Owner,5.0,20.36,1197.0,78.9,Hyundai,14,1
2019,500000.0,5000.0,Petrol,Individual,Manual,First Owner,5.0,23.84,1199.0,84.0,Tata,7,1
2012,120000.0,70000.0,Petrol,Individual,Manual,Third Owner,5.0,18.6,1199.0,79.4,Chevrolet,14,3
2017,350000.0,26263.0,Petrol,Individual,Manual,First Owner,5.0,21.1,814.0,55.2,Hyundai,9,1
2016,350000.0,100000.0,Petrol,Individual,Manual,Second Owner,5.0,18.15,1198.0,82.0,Mahindra,10,2
2012,730000.0,225000.0,Diesel,Individual,Manual,First Owner,7.0,12.99,2494.0,100.0,Toyota,14,1
2018,1050000.0,18000.0,Diesel,Dealer,Manual,First Owner,5.0,19.6,1461.0,108.45,Renault,8,1
2013,550000.0,80000.0,Diesel,Dealer,Manual,First Owner,5.0,25.0,1493.0,113.42,Hyundai,13,1
2016,675000.0,108000.0,Diesel,Dealer,Manual,First Owner,5.0,23.65,1248.0,88.5,Maruti,10,1
2015,1400000.0,170000.0,Diesel,Individual,Manual,First Owner,7.0,12.99,2494.0,100.6,Toyota,11,1
2017,625000.0,25000.0,Petrol,Individual,Manual,First Owner,5.0,22.0,1197.0,81.8,Maruti,9,1
2018,1220000.0,11000.0,Petrol,Individual,Manual,First Owner,5.0,15.8,1591.0,121.3,Hyundai,8,1
2019,475000.0,5000.0,Petrol,Individual,Automatic,First Owner,5.0,21.7,998.0,67.0,Maruti,7,1
2014,550000.0,105000.0,Diesel,Dealer,Manual,First Owner,5.0,21.7,1498.0,98.96,Ford,12,1
2012,320000.0,40000.0,Petrol,Individual,Manual,First Owner,5.0,18.5,1197.0,85.8,Maruti,14,1
2014,530000.0,90000.0,Diesel,Individual,Manual,First Owner,5.0,22.9,1248.0,74.0,Maruti,12,1
2018,300000.0,30000.0,Petrol,Individual,Manual,First Owner,5.0,24.7,796.0,47.3,Maruti,8,1
2018,1180000.0,5500.0,Petrol,Individual,Manual,First Owner,5.0,17.4,1497.0,117.6,Honda,8,1
2000,45957.0,90000.0,Petrol,Individual,Manual,Second Owner,5.0,19.7,796.0,46.3,Maruti,26,2
2012,190000.0,65000.0,Petrol,Individual,Manual,First Owner,5.0,21.1,814.0,55.2,Hyundai,14,1
2014,730000.0,60000.0,Diesel,Individual,Manual,First Owner,5.0,22.32,1582.0,126.32,Hyundai,12,1
2015,530000.0,120000.0,Diesel,Individual,Manual,First Owner,5.0,25.2,1248.0,74.0,Maruti,11,1
2019,530000.0,9500.0,Petrol,Individual,Manual,First Owner,5.0,18.16,1196.0,86.8,Ford,7,1
2018,1265000.0,12000.0,Diesel,Individual,Manual,First Owner,5.0,20.37,1461.0,108.45,Renault,8,1
2019,1025000.0,32000.0,Diesel,Individual,Manual,First Owner,5.0,28.09,1248.0,88.5,Maruti,7,1
2009,130000.0,60000.0,Petrol,Individual,Manual,First Owner,5.0,19.7,796.0,46.3,Maruti,17,1
2017,735000.0,70000.0,Diesel,Individual,Manual,First Owner,7.0,18.49,1493.0,100.0,Mahindra,9,1
2011,1500000.0,84925.0,Diesel,Individual,Automatic,First Owner,5.0,16.07,1995.0,181.0,Bmw,15,1
2007,120000.0,120000.0,Petrol,Individual,Manual,Second Owner,5.0,17.8,1086.0,63.0,Hyundai,19,2
2012,730000.0,225000.0,Diesel,Individual,Manual,First Owner,7.0,12.99,2494.0,100.0,Toyota,14,1
2018,1050000.0,18000.0,Diesel,Dealer,Manual,First Owner,5.0,19.6,1461.0,108.45,Renault,8,1
2013,550000.0,80000.0,Diesel,Dealer,Manual,First Owner,5.0,25.0,1493.0,113.42,Hyundai,13,1
2016,675000.0,108000.0,Diesel,Dealer,Manual,First Owner,5.0,23.65,1248.0,88.5,Maruti,10,1
2015,1400000.0,170000.0,Diesel,Individual,Manual,First Owner,7.0,12.99,2494.0,100.6,Toyota,11,1
2017,625000.0,25000.0,Petrol,Individual,Manual,First Owner,5.0,22.0,1197.0,81.8,Maruti,9,1
2018,1220000.0,11000.0,Petrol,Individual,Manual,First Owner,5.0,15.8,1591.0,121.3,Hyundai,8,1
2019,475000.0,5000.0,Petrol,Individual,Automatic,First Owner,5.0,21.7,998.0,67.0,Maruti,7,1
2014,550000.0,105000.0,Diesel,Dealer,Manual,First Owner,5.0,21.7,1498.0,98.96,Ford,12,1
2012,320000.0,40000.0,Petrol,Individual,Manual,First Owner,5.0,18.5,1197.0,85.8,Maruti,14,1
2014,530000.0,90000.0,Diesel,Individual,Manual,First Owner,5.0,22.9,1248.0,74.0,Maruti,12,1
2018,300000.0,30000.0,Petrol,Individual,Manual,First Owner,5.0,24.7,796.0,47.3,Maruti,8,1
2018,1180000.0,5500.0,Petrol,Individual,Manual,First Owner,5.0,17.4,1497.0,117.6,Honda,8,1
2000,45957.0,90000.0,Petrol,Individual,Manual,Second Owner,5.0,19.7,796.0,46.3,Maruti,26,2
2012,190000.0,65000.0,Petrol,Individual,Manual,First Owner,5.0,21.1,814.0,55.2,Hyundai,14,1
2014,730000.0,60000.0,Diesel,Individual,Manual,First Owner,5.0,22.32,1582.0,126.32,Hyundai,12,1
2015,530000.0,120000.0,Diesel,Individual,Manual,First Owner,5.0,25.2,1248.0,74.0,Maruti,11,1
2019,530000.0,9500.0,Petrol,Individual,Manual,First Owner,5.0,18.16,1196.0,86.8,Ford,7,1
2018,1265000.0,12000.0,Diesel,Individual,Manual,First Owner,5.0,20.37,1461.0,108.45,Renault,8,1
2019,1025000.0,32000.0,Diesel,Individual,Manual,First Owner,5.0,28.09,1248.0,88.5,Maruti,7,1
2017,470000.0,50000.0,Petrol,Individual,Manual,First Owner,5.0,18.9,1197.0,82.0,Hyundai,9,1
2014,250000.0,50000.0,Diesel,Individual,Manual,Second Owner,5.0,25.0,1396.0,69.01,Tata,12,2
2013,430000.0,90000.0,Petrol,Individual,Manual,First Owner,7.0,16.02,1373.0,93.7,Maruti,13,1
2012,550000.0,93000.0,Diesel,Individual,Manual,First Owner,7.0,20.77,1248.0,88.76,Maruti,14,1
2015,500000.0,117000.0,Petrol,Individual,Manual,First Owner,5.0,20.85,1197.0,83.14,Maruti,11,1
2008,240000.0,90000.0,Petrol,Individual,Manual,Second Owner,5.0,17.7,1497.0,78.0,Honda,18,2
2008,170000.0,80000.0,Petrol,Individual,Manual,Third Owner,5.0,16.1,1298.0,88.2,Maruti,18,3
2000,140000.0,50000.0,Petrol,Individual,Manual,Second Owner,5.0,19.3,1248.0,82.0,Hyundai,26,2
2016,252000.0,30000.0,Petrol,Individual,Manual,First Owner,5.0,22.74,796.0,47.3,Maruti,10,1
2017,270000.0,35000.0,Petrol,Individual,Manual,First Owner,5.0,24.7,796.0,47.3,Maruti,9,1
2004,100000.0,40000.0,Petrol,Individual,Manual,First Owner,5.0,19.7,796.0,46.3,Maruti,22,1
2015,350000.0,46357.0,Petrol,Individual,Manual,Second Owner,5.0,20.51,998.0,67.04,Maruti,11,2
2011,240000.0,80000.0,Petrol,Individual,Manual,Second Owner,5.0,16.6,1388.0,68.0,Ford,15,2
2016,620000.0,7000.0,Diesel,Dealer,Manual,First Owner,8.0,21.04,1461.0,83.8,Renault,10,1
2011,600000.0,43000.0,Petrol,Dealer,Automatic,First Owner,5.0,13.4,1997.0,135.1,Renault,15,1
2016,650000.0,85000.0,Diesel,Dealer,Manual,First Owner,5.0,24.4,1499.0,98.96,Ford,10,1
2018,950000.0,70000.0,Diesel,Individual,Manual,First Owner,5.0,22.0,1582.0,126.2,Hyundai,8,1
2017,660000.0,56000.0,Diesel,Individual,Manual,First Owner,5.0,25.2,1248.0,74.0,Maruti,9,1
2012,360000.0,90000.0,Diesel,Individual,Manual,Second Owner,5.0,21.9,1396.0,88.76,Hyundai,14,2
2017,382000.0,40000.0,Petrol,Individual,Manual,First Owner,5.0,23.95,998.0,67.1,Maruti,9,1
2006,145000.0,80000.0,Petrol,Individual,Manual,Second Owner,5.0,19.3,1248.0,82.0,Hyundai,20,2
2011,270000.0,60000.0,Petrol,Individual,Manual,Second Owner,5.0,19.81,1086.0,68.05,Hyundai,15,2
2015,650000.0,70000.0,Diesel,Individual,Manual,First Owner,5.0,22.54,1396.0,88.73,Hyundai,11,1
2011,200000.0,170000.0,Diesel,Individual,Manual,Second Owner,5.0,20.0,1399.0,68.0,Ford,15,2
2015,400000.0,95000.0,Diesel,Individual,Manual,First Owner,5.0,27.62,793.0,47.0,Maruti,11,1
2012,416000.0,90000.0,Diesel,Individual,Manual,Second Owner,5.0,22.9,1248.0,74.0,Maruti,14,2
2018,750000.0,35000.0,Diesel,Individual,Manual,First Owner,5.0,27.39,1248.0,74.0,Maruti,8,1
2013,190000.0,120000.0,Diesel,Individual,Manual,Second Owner,5.0,22.3,1248.0,74.0,Tata,13,2
2008,60000.0,120000.0,Diesel,Individual,Manual,Fourth & Above Owner,5.0,17.88,1396.0,52.8,Tata,18,4
2006,300000.0,175000.0,Diesel,Individual,Manual,Second Owner,7.0,13.93,2179.0,138.1,Tata,20,2
2013,300000.0,90000.0,Petrol,Individual,Manual,Second Owner,5.0,18.9,998.0,67.1,Maruti,13,2
2007,65000.0,120000.0,Diesel,Individual,Manual,Third Owner,5.0,17.2,1396.0,53.5,Tata,19,3
2012,270000.0,108000.0,Diesel,Individual,Manual,Second Owner,5.0,17.8,1399.0,67.0,Ford,14,2
2014,600000.0,70000.0,Diesel,Individual,Manual,First Owner,7.0,15.96,2523.0,62.1,Mahindra,12,1
2011,1200000.0,62000.0,Diesel,Individual,Automatic,Second Owner,7.0,11.72,2199.0,194.3,Hyundai,15,2
2012,195000.0,35000.0,Petrol,Individual,Manual,Second Owner,5.0,21.1,814.0,55.2,Hyundai,14,2
1998,35000.0,40000.0,Petrol,Individual,Manual,Second Owner,4.0,16.1,796.0,37.0,Maruti,28,2
2008,100000.0,120000.0,Diesel,Individual,Manual,First Owner,5.0,19.09,1396.0,69.0,Tata,18,1
2012,220000.0,67000.0,Petrol,Individual,Manual,Second Owner,5.0,20.36,1197.0,78.9,Hyundai,14,2
2016,320000.0,46737.0,Petrol,Individual,Manual,First Owner,5.0,22.74,796.0,47.3,Maruti,10,1
2014,240000.0,30000.0,Petrol,Individual,Manual,First Owner,5.0,18.6,1199.0,76.8,Chevrolet,12,1
2014,275000.0,225000.0,Diesel,Individual,Manual,First Owner,7.0,15.3,2956.0,83.83,Tata,12,1
2014,275000.0,195000.0,Diesel,Individual,Manual,First Owner,7.0,18.2,1248.0,73.8,Chevrolet,12,1
2011,130000.0,70000.0,Petrol,Individual,Manual,Second Owner,5.0,16.5,1172.0,65.0,Tata,15,2
2012,450000.0,200000.0,Diesel,Individual,Manual,Second Owner,5.0,22.32,1582.0,126.32,Hyundai,14,2
2015,600000.0,160000.0,Diesel,Individual,Manual,First Owner,5.0,19.01,1461.0,108.45,Renault,11,1
2018,310000.0,20000.0,Petrol,Individual,Manual,First Owner,5.0,24.7,796.0,47.3,Maruti,8,1
2018,432000.0,30000.0,Petrol,Individual,Manual,First Owner,5.0,20.51,998.0,67.04,Maruti,8,1
2012,175000.0,90000.0,Diesel,Individual,Manual,Third Owner,5.0,19.4,1405.0,70.0,Tata,14,3
2016,770000.0,100000.0,Diesel,Individual,Manual,Second Owner,7.0,24.52,1248.0,88.5,Maruti,10,2
2011,135000.0,110048.0,Petrol,Individual,Manual,Third Owner,5.0,20.92,998.0,67.1,Maruti,15,3
2018,680000.0,26000.0,Diesel,Individual,Manual,First Owner,5.0,25.4,1186.0,73.97,Hyundai,8,1
2007,90000.0,110000.0,Petrol,Individual,Manual,Fourth & Above Owner,5.0,18.9,1061.0,67.0,Maruti,19,4
1997,300000.0,186388.0,Petrol,Individual,Manual,Second Owner,8.0,14.8,1298.0,80.0,Maruti,29,2
2007,100000.0,60000.0,Petrol,Individual,Manual,Third Owner,5.0,14.7,1150.0,76.0,Chevrolet,19,3
2006,120000.0,70000.0,Petrol,Individual,Manual,Third Owner,5.0,19.7,796.0,46.3,Maruti,20,3
2017,750000.0,20171.0,Diesel,Dealer,Automatic,First Owner,5.0,19.87,1461.0,108.5,Renault,9,1
2017,525000.0,37151.0,Diesel,Dealer,Manual,First Owner,5.0,27.3,1498.0,98.6,Honda,9,1
2015,649000.0,39000.0,Petrol,Dealer,Manual,First Owner,5.0,17.4,1497.0,117.3,Honda,11,1
2010,210000.0,44500.0,Petrol,Dealer,Manual,First Owner,5.0,16.47,1198.0,74.0,Volkswagen,16,1
2016,526000.0,15000.0,Petrol,Dealer,Manual,First Owner,5.0,18.7,1199.0,88.7,Honda,10,1
2016,599000.0,39000.0,Petrol,Dealer,Manual,First Owner,5.0,15.9,1496.0,120.69,Ford,10,1
2015,500000.0,58161.0,Petrol,Dealer,Manual,First Owner,5.0,17.8,1497.0,117.3,Honda,11,1
2012,750000.0,50171.0,Petrol,Dealer,Automatic,First Owner,5.0,11.1,2354.0,158.8,Honda,14,1
2011,325000.0,40000.0,Petrol,Dealer,Manual,First Owner,5.0,17.4,1497.0,117.6,Honda,15,1
2016,575000.0,55161.0,Petrol,Dealer,Manual,First Owner,5.0,17.8,1497.0,117.3,Honda,10,1
2012,245000.0,30000.0,Petrol,Dealer,Manual,First Owner,5.0,18.5,1198.0,86.8,Honda,14,1
2016,625000.0,55000.0,Petrol,Dealer,Manual,First Owner,5.0,17.8,1497.0,117.3,Honda,10,1
2013,580000.0,50000.0,Petrol,Dealer,Automatic,First Owner,5.0,11.7,2354.0,177.6,Honda,13,1
2017,1689999.0,8000.0,Petrol,Dealer,Automatic,First Owner,5.0,16.6,1798.0,177.5,Audi,9,1
2018,1175000.0,14000.0,Petrol,Dealer,Manual,First Owner,5.0,15.8,1591.0,121.3,Hyundai,8,1
2015,575000.0,9599.0,Petrol,Dealer,Manual,First Owner,5.0,17.8,1497.0,117.3,Honda,11,1
2017,600000.0,35000.0,Petrol,Dealer,Manual,First Owner,5.0,17.0,1197.0,80.0,Hyundai,9,1
2016,750000.0,16151.0,Petrol,Dealer,Manual,First Owner,5.0,17.8,1497.0,117.3,Honda,10,1
2016,890000.0,40000.0,Petrol,Dealer,Automatic,First Owner,5.0,14.8,1591.0,121.3,Hyundai,10,1
2015,600000.0,28161.0,Petrol,Dealer,Manual,First Owner,5.0,17.8,1497.0,117.3,Honda,11,1
2010,114999.0,60000.0,Petrol,Individual,Manual,Second Owner,5.0,18.0,995.0,62.0,Chevrolet,16,2
2010,140000.0,60000.0,Petrol,Individual,Manual,Second Owner,5.0,18.0,995.0,62.0,Chevrolet,16,2
2011,360000.0,100000.0,Diesel,Individual,Manual,Fourth & Above Owner,5.0,13.5,2179.0,115.0,Mahindra,15,4
2017,580000.0,165000.0,Diesel,Individual,Manual,First Owner,5.0,19.3,1248.0,82.0,Ford,9,1
2017,500000.0,130000.0,Petrol,Individual,Manual,Second Owner,5.0,19.0,1197.0,85.8,Maruti,9,2
2015,409999.0,60000.0,Diesel,Individual,Manual,First Owner,5.0,25.8,1498.0,98.6,Honda,11,1
2010,425000.0,200000.0,Diesel,Individual,Manual,Second Owner,7.0,12.8,2494.0,102.0,Toyota,16,2
2014,450000.0,82000.0,Diesel,Individual,Manual,Second Owner,5.0,20.45,1461.0,83.8,Nissan,12,2
2014,400000.0,20000.0,Petrol,Individual,Manual,First Owner,5.0,18.9,1197.0,82.0,Hyundai,12,1
2013,295000.0,60000.0,Petrol,Individual,Manual,Third Owner,5.0,16.51,1586.0,103.2,Maruti,13,3
2014,560000.0,90000.0,Diesel,Individual,Manual,Second Owner,5.0,26.21,1248.0,88.5,Maruti,12,2
2006,150000.0,50000.0,Petrol,Individual,Manual,Third Owner,5.0,14.0,1061.0,64.0,Maruti,20,3
2009,550000.0,225000.0,Diesel,Individual,Manual,First Owner,7.0,12.8,2494.0,102.0,Toyota,17,1
2011,114999.0,100000.0,Petrol,Individual,Manual,Second Owner,5.0,18.0,995.0,62.0,Chevrolet,15,2
2007,90177.0,129000.0,Diesel,Individual,Manual,Third Owner,5.0,17.0,1405.0,70.0,Tata,19,3
2010,300000.0,100000.0,Diesel,Individual,Manual,First Owner,7.0,11.57,2179.0,138.1,Tata,16,1
2005,110000.0,100000.0,Petrol,Individual,Automatic,Second Owner,5.0,12.0,1493.0,100.0,Honda,21,2
2007,125000.0,110000.0,Diesel,Individual,Manual,Third Owner,5.0,17.8,1399.0,68.0,Ford,19,3
2008,300000.0,100000.0,Diesel,Individual,Manual,Second Owner,7.0,11.5,1991.0,147.9,Chevrolet,18,2
2017,450000.0,20000.0,Petrol,Individual,Manual,First Owner,5.0,18.9,1197.0,81.86,Hyundai,9,1
2011,300000.0,40000.0,Diesel,Individual,Manual,First Owner,5.0,18.3,1991.0,147.9,Chevrolet,15,1
2018,470000.0,30000.0,Petrol,Individual,Automatic,First Owner,5.0,23.1,998.0,67.04,Maruti,8,1
2015,330000.0,25000.0,Petrol,Individual,Manual,First Owner,5.0,17.57,1193.0,88.7,Tata,11,1
2018,390000.0,25000.0,Petrol,Individual,Manual,Second Owner,5.0,20.51,998.0,67.04,Maruti,8,2
2011,46000.0,25000.0,Petrol,Individual,Manual,Second Owner,4.0,26.0,624.0,35.0,Tata,15,2
2013,509999.0,170000.0,Diesel,Individual,Manual,First Owner,5.0,20.45,1461.0,83.8,Nissan,13,1
2010,125000.0,40000.0,Petrol,Individual,Manual,Second Owner,5.0,16.0,1368.0,90.0,Fiat,16,2
2017,780000.0,28000.0,Diesel,Individual,Manual,First Owner,5.0,22.54,1396.0,88.73,Hyundai,9,1
2011,450000.0,100000.0,Diesel,Individual,Manual,First Owner,5.0,22.32,1582.0,126.3,Hyundai,15,1
2012,200000.0,80868.0,Petrol,Individual,Manual,Third Owner,5.0,13.7,1368.0,88.8,Tata,14,3
2012,260000.0,194000.0,Diesel,Individual,Manual,First Owner,5.0,20.0,1399.0,68.0,Ford,14,1
2009,250000.0,151000.0,Diesel,Individual,Manual,Second Owner,5.0,17.8,1248.0,75.0,Maruti,17,2
2018,880000.0,65000.0,Diesel,Individual,Manual,First Owner,5.0,23.0,1498.0,98.96,Ford,8,1
2009,307000.0,100000.0,Diesel,Individual,Manual,Second Owner,5.0,17.8,1248.0,75.0,Maruti,17,2
2013,750000.0,120000.0,Diesel,Individual,Manual,First Owner,7.0,15.1,2179.0,140.0,Mahindra,13,1
2018,800000.0,85000.0,Diesel,Individual,Manual,Second Owner,5.0,21.5,1497.0,108.5,Tata,8,2
2012,450000.0,70000.0,Diesel,Individual,Manual,First Owner,5.0,20.3,1248.0,75.0,Fiat,14,1
2011,450000.0,128000.0,Diesel,Individual,Manual,Second Owner,5.0,22.32,1582.0,126.32,Hyundai,15,2
2006,130000.0,100000.0,Petrol,Individual,Manual,Second Owner,5.0,19.3,1248.0,82.0,Maruti,20,2
2006,160000.0,70000.0,Petrol,Individual,Manual,Second Owner,5.0,16.9,1497.0,100.0,Honda,20,2
2004,135000.0,120000.0,Petrol,Individual,Manual,Second Owner,5.0,13.0,1343.0,90.0,Honda,22,2
2012,450000.0,128000.0,Diesel,Individual,Manual,Second Owner,5.0,22.32,1582.0,126.32,Hyundai,14,2
2013,325000.0,100000.0,Diesel,Individual,Manual,Third Owner,5.0,20.45,1461.0,83.8,Renault,13,3
2019,1575000.0,20000.0,Diesel,Individual,Automatic,First Owner,5.0,17.8,1493.0,113.4,Kia,7,1
2018,750000.0,24000.0,Diesel,Individual,Manual,First Owner,5.0,24.4,1498.0,98.63,Ford,8,1
2017,425000.0,12000.0,Petrol,Individual,Manual,First Owner,5.0,23.1,998.0,67.04,Maruti,9,1
2014,425000.0,50000.0,Diesel,Individual,Manual,First Owner,5.0,23.59,1364.0,67.06,Toyota,12,1
2018,746000.0,24000.0,Diesel,Individual,Manual,First Owner,5.0,24.4,1498.0,98.63,Ford,8,1
2010,425000.0,129000.0,Diesel,Individual,Manual,First Owner,8.0,12.8,2494.0,102.0,Toyota,16,1
2011,200000.0,73000.0,Petrol,Individual,Manual,First Owner,5.0,19.7,796.0,46.3,Maruti,15,1
1997,40000.0,120000.0,Petrol,Individual,Manual,First Owner,4.0,16.1,796.0,37.0,Maruti,29,1
2017,340000.0,45000.0,Petrol,Individual,Manual,First Owner,5.0,23.95,998.0,67.1,Maruti,9,1
2015,625000.0,50000.0,Diesel,Individual,Manual,First Owner,5.0,26.59,1248.0,74.0,Maruti,11,1
2013,380000.0,25000.0,Petrol,Individual,Manual,First Owner,5.0,18.5,1197.0,82.85,Hyundai,13,1
2017,360000.0,80000.0,Petrol,Individual,Manual,First Owner,5.0,20.51,998.0,67.04,Maruti,9,1
2008,120000.0,191000.0,Petrol,Individual,Manual,First Owner,5.0,17.92,1086.0,62.1,Hyundai,18,1
2013,260000.0,50000.0,Petrol,Individual,Manual,Second Owner,5.0,18.9,998.0,67.1,Maruti,13,2
2014,475000.0,80000.0,Diesel,Individual,Manual,Second Owner,5.0,22.54,1396.0,88.73,Hyundai,12,2
2013,320000.0,110000.0,Petrol,Individual,Manual,First Owner,5.0,18.5,1197.0,82.85,Hyundai,13,1
2007,135000.0,119000.0,Diesel,Individual,Manual,Fourth & Above Owner,5.0,16.8,1493.0,110.0,Hyundai,19,4
2009,382000.0,120000.0,Diesel,Individual,Manual,First Owner,5.0,19.3,1248.0,73.9,Maruti,17,1
2013,290000.0,25000.0,Diesel,Individual,Manual,First Owner,5.0,23.57,1396.0,70.0,Tata,13,1
2013,290000.0,25000.0,Diesel,Individual,Manual,First Owner,5.0,23.57,1396.0,70.0,Tata,13,1
